index,CH1
1,-6.5
2,-6.5
3,-6.5
4,-8.5
5,-0.5
6,-3.5
7,-3.5
8,8.5
9,3.5
10,3.5
11,-0.5
12,-6.5
13,-6.5
14,-7.5
15,-9.5
16,-1.5
17,8.5
18,4.5
19,6.5
20,4.5
21,0.5
22,-1.5
23,-6.5
24,-8.5
25,-3.5
26,-0.5
27,5.5
28,9.5
29,2.5
30,6.5
31,-1.5
32,-15.5
33,-4.5
34,-4.5
35,-5.5
36,-0.5
37,0.5
38,6.5
39,8.5
40,1.5
41,-1.5
42,-3.5
43,-9.5
44,-10.5
45,-3.5
46,13.5
47,1.5
48,10.5
49,2.5
50,-9.5
51,1.5
52,-18.5
53,-4.5
54,-3.5
55,-5.5
56,-0.5
57,29.5
58,8.5
59,3.5
60,14.5
61,1.5
62,27.5
63,-7.5
64,-6.5
65,-3.5
66,-0.5
67,6.5
68,8.5
69,6.5
70,2.5
71,-1.5
72,-4.5
73,-8.5
74,-9.5
75,-1.5
76,-0.5
77,6.5
78,9.5
79,10.5
80,3.5
81,0.5
82,-7.5
83,-6.5
84,-3.5
85,-3.5
86,1.5
87,2.5
88,8.5
89,1.5
90,4.5
91,1.5
92,-3.5
93,-8.5
94,-3.5
95,-6.5
96,-0.5
97,7.5
98,2.5
99,-0.5
100,-0.5
101,1.5
102,-3.5
103,-10.5
104,-6.5
105,-3.5
106,-0.5
107,6.5
108,6.5
109,5.5
110,1.5
111,0.5
112,-3.5
113,-8.5
114,-3.5
115,-4.5
116,-0.5
117,3.5
118,9.5
119,6.5
120,4.5
121,-0.5
122,-3.5
123,-4.5
124,-10.5
125,-3.5
126,2.5
127,7.5
128,8.5
129,8.5
130,2.5
131,2.5
132,-3.5
133,-4.5
134,-9.5
135,-1.5
136,1.5
137,6.5
138,7.5
139,9.5
140,2.5
141,1.5
142,-6.5
143,-10.5
144,-0.5
145,-3.5
146,-0.5
147,6.5
148,7.5
149,3.5
150,2.5
151,0.5
152,-4.5
153,-7.5
154,-5.5
155,-1.5
156,-1.5
157,2.5
158,9.5
159,2.5
160,3.5
161,3.5
162,-3.5
163,-5.5
164,-7.5
165,-1.5
166,-1.5
167,6.5
168,9.5
169,12.5
170,4.5
171,3.5
172,-4.5
173,-8.5
174,-4.5
175,-1.5
176,1.5
177,4.5
178,7.5
179,7.5
180,4.5
181,1.5
182,-5.5
183,-8.5
184,-7.5
185,-3.5
186,3.5
187,6.5
188,8.5
189,7.5
190,2.5
191,1.5
192,-5.5
193,-10.5
194,-1.5
195,10.5
196,-1.5
197,5.5
198,8.5
199,6.5
200,5.5
201,-3.5
202,-5.5
203,-5.5
204,-7.5
205,-1.5
206,-1.5
207,8.5
208,1.5
209,5.5
210,5.5
211,0.5
212,-5.5
213,-6.5
214,-5.5
215,-4.5
216,-1.5
217,7.5
218,7.5
219,7.5
220,4.5
221,1.5
222,-6.5
223,-6.5
224,-5.5
225,-3.5
226,-0.5
227,7.5
228,6.5
229,5.5
230,3.5
231,0.5
232,-3.5
233,-8.5
234,-5.5
235,-3.5
236,-0.5
237,5.5
238,2.5
239,7.5
240,3.5
241,0.5
242,-4.5
243,-5.5
244,-8.5
245,-3.5
246,0.5
247,6.5
248,9.5
249,7.5
250,1.5
251,1.5
252,-5.5
253,-4.5
254,-3.5
255,-3.5
256,2.5
257,6.5
258,8.5
259,4.5
260,0.5
261,1.5
262,-6.5
263,-14.5
264,-8.5
265,-3.5
266,-3.5
267,1.5
268,6.5
269,8.5
270,-1.5
271,-1.5
272,-5.5
273,-8.5
274,-9.5
275,-3.5
276,-0.5
277,6.5
278,6.5
279,6.5
280,3.5
281,-1.5
282,-6.5
283,-3.5
284,-5.5
285,-3.5
286,-0.5
287,7.5
288,9.5
289,10.5
290,2.5
291,-1.5
292,-5.5
293,-3.5
294,-6.5
295,-3.5
296,-1.5
297,4.5
298,4.5
299,3.5
300,4.5
301,2.5
302,-4.5
303,-6.5
304,-4.5
305,-3.5
306,-0.5
307,4.5
308,8.5
309,6.5
310,0.5
311,0.5
312,-7.5
313,-5.5
314,-4.5
315,-3.5
316,1.5
317,3.5
318,8.5
319,10.5
320,5.5
321,2.5
322,-8.5
323,-5.5
324,-5.5
325,-3.5
326,-0.5
327,4.5
328,8.5
329,15.5
330,-0.5
331,-0.5
332,-5.5
333,-6.5
334,-7.5
335,-4.5
336,-3.5
337,7.5
338,8.5
339,7.5
340,3.5
341,-0.5
342,-3.5
343,-6.5
344,-8.5
345,-0.5
346,1.5
347,6.5
348,6.5
349,5.5
350,2.5
351,-1.5
352,-4.5
353,-7.5
354,-6.5
355,-9.5
356,-3.5
357,4.5
358,6.5
359,-0.5
360,4.5
361,-0.5
362,-6.5
363,-3.5
364,-7.5
365,-5.5
366,1.5
367,7.5
368,6.5
369,4.5
370,3.5
371,2.5
372,-6.5
373,-4.5
374,-5.5
375,-0.5
376,-1.5
377,6.5
378,12.5
379,5.5
380,-0.5
381,-0.5
382,-5.5
383,-8.5
384,-6.5
385,-3.5
386,-0.5
387,9.5
388,9.5
389,8.5
390,7.5
391,2.5
392,-8.5
393,-6.5
394,-6.5
395,-4.5
396,-0.5
397,9.5
398,7.5
399,2.5
400,2.5
401,1.5
402,-5.5
403,-7.5
404,-8.5
405,-3.5
406,-0.5
407,-141
408,-5.5
409,21.5
410,20.5
411,1.5
412,0.5
413,-8.5
414,-6.5
415,-1.5
416,0.5
417,14.5
418,-1.5
419,4.5
420,1.5
421,-1.5
422,-4.5
423,-3.5
424,7.5
425,-1.5
426,6.5
427,1.5
428,-3.5
429,5.5
430,0.5
431,6.5
432,-3.5
433,-5.5
434,-4.5
435,-0.5
436,-1.5
437,6.5
438,2.5
439,6.5
440,26.5
441,-1.5
442,-4.5
443,-3.5
444,-7.5
445,-1.5
446,-0.5
447,6.5
448,-1.5
449,6.5
450,2.5
451,-1.5
452,-7.5
453,-7.5
454,-8.5
455,2.5
456,1.5
457,5.5
458,-6.5
459,3.5
460,4.5
461,-0.5
462,-4.5
463,-6.5
464,-9.5
465,-3.5
466,-3.5
467,6.5
468,9.5
469,-1.5
470,-3.5
471,20.5
472,-3.5
473,-12.5
474,2.5
475,-3.5
476,1.5
477,7.5
478,-1.5
479,9.5
480,6.5
481,-4.5
482,-6.5
483,-1.5
484,-7.5
485,-3.5
486,10.5
487,0.5
488,10.5
489,-10.5
490,6.5
491,1.5
492,-8.5
493,-14.5
494,-14.5
495,-3.5
496,3.5
497,6.5
498,5.5
499,-14.5
500,-1.5
501,1.5
502,-6.5
503,-4.5
504,-3.5
505,-3.5
506,-0.5
507,12.5
508,6.5
509,25.5
510,3.5
511,-0.5
512,-4.5
513,-5.5
514,-5.5
515,-3.5
516,-0.5
517,10.5
518,6.5
519,-7.5
520,-0.5
521,7.5
522,-4.5
523,-7.5
524,-5.5
525,0.5
526,-3.5
527,0.5
528,10.5
529,4.5
530,2.5
531,-1.5
532,-7.5
533,-8.5
534,-7.5
535,-0.5
536,-0.5
537,7.5
538,5.5
539,-1.5
540,1.5
541,-8.5
542,-6.5
543,-3.5
544,-3.5
545,0.5
546,2.5
547,6.5
548,12.5
549,6.5
550,4.5
551,9.5
552,-7.5
553,-7.5
554,-4.5
555,-7.5
556,3.5
557,5.5
558,9.5
559,6.5
560,-0.5
561,4.5
562,-5.5
563,-7.5
564,-8.5
565,-3.5
566,-3.5
567,4.5
568,7.5
569,4.5
570,3.5
571,-5.5
572,-11.5
573,-1.5
574,-8.5
575,-6.5
576,-3.5
577,10.5
578,9.5
579,5.5
580,-1.5
581,1.5
582,-4.5
583,-5.5
584,-1.5
585,15.5
586,-1.5
587,8.5
588,13.5
589,6.5
590,4.5
591,1.5
592,-7.5
593,-4.5
594,-3.5
595,-5.5
596,-0.5
597,10.5
598,9.5
599,8.5
600,5.5
601,-3.5
602,-3.5
603,-10.5
604,-7.5
605,-3.5
606,-1.5
607,4.5
608,8.5
609,0.5
610,-5.5
611,-1.5
612,-7.5
613,-6.5
614,-1.5
615,-15.5
616,4.5
617,4.5
618,1.5
619,4.5
620,-1.5
621,4.5
622,-6.5
623,-6.5
624,-4.5
625,-1.5
626,-1.5
627,12.5
628,4.5
629,7.5
630,0.5
631,-1.5
632,-7.5
633,-5.5
634,-6.5
635,-4.5
636,-9.5
637,9.5
638,7.5
639,9.5
640,4.5
641,-1.5
642,-0.5
643,-3.5
644,-1.5
645,-3.5
646,0.5
647,6.5
648,5.5
649,6.5
650,1.5
651,-1.5
652,-6.5
653,-11.5
654,-3.5
655,-6.5
656,-3.5
657,-1.5
658,6.5
659,-0.5
660,7.5
661,-1.5
662,-9.5
663,-7.5
664,1.5
665,-1.5
666,0.5
667,12.5
668,6.5
669,0.5
670,5.5
671,2.5
672,-5.5
673,-5.5
674,-6.5
675,-1.5
676,-1.5
677,0.5
678,5.5
679,12.5
680,1.5
681,-3.5
682,-14.5
683,-4.5
684,-32.5
685,-4.5
686,0.5
687,6.5
688,10.5
689,-8.5
690,2.5
691,-1.5
692,1.5
693,-6.5
694,4.5
695,-4.5
696,1.5
697,2.5
698,8.5
699,9.5
700,2.5
701,-0.5
702,2.5
703,-3.5
704,-5.5
705,-3.5
706,-0.5
707,-0.5
708,13.5
709,-1.5
710,4.5
711,-0.5
712,19.5
713,-7.5
714,-8.5
715,1.5
716,-3.5
717,15.5
718,1.5
719,40.5
720,7.5
721,0.5
722,3.5
723,-8.5
724,-6.5
725,-3.5
726,0.5
727,15.5
728,-3.5
729,6.5
730,6.5
731,4.5
732,-3.5
733,-3.5
734,-7.5
735,-1.5
736,-1.5
737,7.5
738,7.5
739,5.5
740,-1.5
741,8.5
742,12.5
743,-7.5
744,-6.5
745,-3.5
746,1.5
747,-20.5
748,29.5
749,4.5
750,0.5
751,2.5
752,-0.5
753,21.5
754,-3.5
755,-7.5
756,-0.5
757,-3.5
758,3.5
759,4.5
760,1.5
761,-1.5
762,-4.5
763,10.5
764,-12.5
765,-10.5
766,-0.5
767,4.5
768,8.5
769,6.5
770,1.5
771,6.5
772,-3.5
773,-6.5
774,-3.5
775,7.5
776,5.5
777,5.5
778,4.5
779,3.5
780,5.5
781,-4.5
782,-7.5
783,-8.5
784,-3.5
785,1.5
786,1.5
787,3.5
788,11.5
789,8.5
790,5.5
791,9.5
792,-4.5
793,-8.5
794,0.5
795,-1.5
796,2.5
797,7.5
798,6.5
799,-0.5
800,-3.5
801,15.5
802,-7.5
803,-1.5
804,-4.5
805,-3.5
806,-1.5
807,4.5
808,4.5
809,9.5
810,0.5
811,10.5
812,-5.5
813,-3.5
814,-6.5
815,-1.5
816,1.5
817,9.5
818,8.5
819,0.5
820,-1.5
821,3.5
822,-3.5
823,-1.5
824,0.5
825,-6.5
826,-1.5
827,4.5
828,9.5
829,-1.5
830,4.5
831,-0.5
832,-3.5
833,-8.5
834,-7.5
835,-5.5
836,-1.5
837,4.5
838,6.5
839,4.5
840,2.5
841,1.5
842,-0.5
843,-5.5
844,1.5
845,-3.5
846,-0.5
847,4.5
848,9.5
849,3.5
850,22.5
851,3.5
852,-1.5
853,-4.5
854,12.5
855,-3.5
856,-0.5
857,6.5
858,6.5
859,7.5
860,-25.5
861,1.5
862,-6.5
863,-10.5
864,-8.5
865,-3.5
866,0.5
867,6.5
868,9.5
869,4.5
870,-11.5
871,-1.5
872,-4.5
873,-4.5
874,-9.5
875,-3.5
876,6.5
877,3.5
878,6.5
879,-4.5
880,6.5
881,-4.5
882,-4.5
883,-6.5
884,-3.5
885,-1.5
886,22.5
887,6.5
888,12.5
889,10.5
890,5.5
891,5.5
892,-7.5
893,-7.5
894,-4.5
895,-3.5
896,-0.5
897,5.5
898,6.5
899,31.5
900,1.5
901,2.5
902,-1.5
903,-9.5
904,-6.5
905,-3.5
906,3.5
907,6.5
908,7.5
909,-0.5
910,-1.5
911,-1.5
912,-3.5
913,-7.5
914,-7.5
915,5.5
916,0.5
917,3.5
918,7.5
919,4.5
920,3.5
921,1.5
922,-6.5
923,-0.5
924,-5.5
925,-3.5
926,-1.5
927,2.5
928,2.5
929,0.5
930,3.5
931,-1.5
932,-3.5
933,-7.5
934,-3.5
935,0.5
936,5.5
937,6.5
938,3.5
939,6.5
940,2.5
941,-3.5
942,-4.5
943,-9.5
944,-3.5
945,4.5
946,-0.5
947,7.5
948,6.5
949,5.5
950,-0.5
951,3.5
952,-3.5
953,-9.5
954,-1.5
955,3.5
956,-0.5
957,4.5
958,22.5
959,-3.5
960,6.5
961,-0.5
962,-5.5
963,-3.5
964,-3.5
965,-6.5
966,0.5
967,6.5
968,4.5
969,10.5
970,4.5
971,-0.5
972,-6.5
973,-3.5
974,-4.5
975,17.5
976,2.5
977,6.5
978,-22.5
979,6.5
980,-0.5
981,-1.5
982,-3.5
983,-12.5
984,-3.5
985,-3.5
986,1.5
987,9.5
988,5.5
989,1.5
990,0.5
991,0.5
992,-5.5
993,-22.5
994,-1.5
995,-1.5
996,-3.5
997,6.5
998,6.5
999,5.5
1000,3.5
1001,4.5
1002,-3.5
1003,-7.5
1004,-3.5
1005,-3.5
1006,1.5
1007,6.5
1008,7.5
1009,10.5
1010,16.5
1011,-4.5
1012,-3.5
1013,-7.5
1014,2.5
1015,-4.5
1016,-3.5
1017,5.5
1018,10.5
1019,1.5
1020,-0.5
1021,4.5
1022,-4.5
1023,-7.5
1024,-9.5
1025,0.5
1026,-1.5
1027,4.5
1028,0.5
1029,5.5
1030,26.5
1031,0.5
1032,-3.5
1033,-5.5
1034,24.5
1035,-1.5
1036,1.5
1037,2.5
1038,10.5
1039,10.5
1040,-1.5
1041,-3.5
1042,1.5
1043,-4.5
1044,-7.5
1045,-0.5
1046,-0.5
1047,6.5
1048,7.5
1049,-15.5
1050,-0.5
1051,0.5
1052,-5.5
1053,-5.5
1054,-3.5
1055,1.5
1056,0.5
1057,3.5
1058,6.5
1059,-24.5
1060,2.5
1061,19.5
1062,-3.5
1063,-7.5
1064,-3.5
1065,-0.5
1066,-3.5
1067,7.5
1068,8.5
1069,-0.5
1070,0.5
1071,-0.5
1072,-0.5
1073,-9.5
1074,-7.5
1075,-0.5
1076,2.5
1077,2.5
1078,6.5
1079,1.5
1080,6.5
1081,-16.5
1082,0.5
1083,-10.5
1084,-6.5
1085,-7.5
1086,1.5
1087,4.5
1088,5.5
1089,5.5
1090,4.5
1091,1.5
1092,-5.5
1093,-4.5
1094,-4.5
1095,2.5
1096,-3.5
1097,4.5
1098,5.5
1099,4.5
1100,5.5
1101,1.5
1102,-3.5
1103,-9.5
1104,-5.5
1105,-5.5
1106,0.5
1107,5.5
1108,12.5
1109,6.5
1110,3.5
1111,2.5
1112,-3.5
1113,-6.5
1114,-8.5
1115,-21.5
1116,-1.5
1117,4.5
1118,4.5
1119,2.5
1120,3.5
1121,2.5
1122,-5.5
1123,-7.5
1124,-4.5
1125,-3.5
1126,-0.5
1127,4.5
1128,10.5
1129,12.5
1130,0.5
1131,1.5
1132,-3.5
1133,-9.5
1134,-7.5
1135,-3.5
1136,20.5
1137,6.5
1138,15.5
1139,7.5
1140,4.5
1141,1.5
1142,-7.5
1143,-11.5
1144,-1.5
1145,-0.5
1146,-3.5
1147,5.5
1148,5.5
1149,6.5
1150,4.5
1151,2.5
1152,-3.5
1153,-12.5
1154,-1.5
1155,-3.5
1156,-0.5
1157,4.5
1158,3.5
1159,3.5
1160,-5.5
1161,1.5
1162,-1.5
1163,-7.5
1164,-6.5
1165,-3.5
1166,-1.5
1167,7.5
1168,13.5
1169,6.5
1170,12.5
1171,-0.5
1172,-3.5
1173,-13.5
1174,2.5
1175,-6.5
1176,-1.5
1177,7.5
1178,6.5
1179,9.5
1180,-9.5
1181,-1.5
1182,-6.5
1183,-0.5
1184,7.5
1185,-0.5
1186,8.5
1187,7.5
1188,15.5
1189,4.5
1190,-22.5
1191,-4.5
1192,-7.5
1193,-0.5
1194,-4.5
1195,-4.5
1196,-0.5
1197,8.5
1198,6.5
1199,-10.5
1200,15.5
1201,-0.5
1202,-6.5
1203,-10.5
1204,-3.5
1205,-0.5
1206,-1.5
1207,5.5
1208,11.5
1209,-9.5
1210,2.5
1211,-1.5
1212,-4.5
1213,-12.5
1214,-6.5
1215,-1.5
1216,-1.5
1217,4.5
1218,12.5
1219,8.5
1220,-3.5
1221,-0.5
1222,-5.5
1223,-14.5
1224,-7.5
1225,-4.5
1226,-0.5
1227,5.5
1228,9.5
1229,10.5
1230,5.5
1231,3.5
1232,-4.5
1233,-15.5
1234,-4.5
1235,-7.5
1236,1.5
1237,4.5
1238,12.5
1239,9.5
1240,4.5
1241,0.5
1242,-4.5
1243,-12.5
1244,-4.5
1245,-7.5
1246,-0.5
1247,3.5
1248,13.5
1249,12.5
1250,6.5
1251,1.5
1252,-3.5
1253,-7.5
1254,-5.5
1255,0.5
1256,2.5
1257,2.5
1258,10.5
1259,10.5
1260,9.5
1261,-1.5
1262,-5.5
1263,-16.5
1264,-3.5
1265,10.5
1266,-8.5
1267,7.5
1268,10.5
1269,2.5
1270,1.5
1271,-3.5
1272,-8.5
1273,-9.5
1274,-3.5
1275,1.5
1276,0.5
1277,1.5
1278,9.5
1279,6.5
1280,6.5
1281,10.5
1282,-3.5
1283,-12.5
1284,-5.5
1285,-3.5
1286,-3.5
1287,4.5
1288,7.5
1289,6.5
1290,2.5
1291,22.5
1292,-7.5
1293,-8.5
1294,-0.5
1295,-1.5
1296,1.5
1297,6.5
1298,8.5
1299,2.5
1300,6.5
1301,3.5
1302,-6.5
1303,-12.5
1304,1.5
1305,-3.5
1306,0.5
1307,6.5
1308,12.5
1309,6.5
1310,-3.5
1311,0.5
1312,-11.5
1313,-12.5
1314,-19.5
1315,-4.5
1316,2.5
1317,1.5
1318,6.5
1319,8.5
1320,1.5
1321,2.5
1322,-5.5
1323,-12.5
1324,9.5
1325,-4.5
1326,5.5
1327,3.5
1328,8.5
1329,3.5
1330,0.5
1331,2.5
1332,-5.5
1333,-4.5
1334,-4.5
1335,-3.5
1336,1.5
1337,3.5
1338,1.5
1339,14.5
1340,6.5
1341,1.5
1342,-8.5
1343,-8.5
1344,-8.5
1345,-1.5
1346,1.5
1347,8.5
1348,26.5
1349,4.5
1350,6.5
1351,5.5
1352,6.5
1353,8.5
1354,-12.5
1355,-3.5
1356,-0.5
1357,6.5
1358,10.5
1359,6.5
1360,2.5
1361,-1.5
1362,-3.5
1363,-11.5
1364,-4.5
1365,-3.5
1366,-20.5
1367,6.5
1368,13.5
1369,9.5
1370,0.5
1371,-1.5
1372,-3.5
1373,-7.5
1374,-3.5
1375,-4.5
1376,-0.5
1377,6.5
1378,14.5
1379,4.5
1380,3.5
1381,5.5
1382,-7.5
1383,-1.5
1384,-6.5
1385,-6.5
1386,9.5
1387,8.5
1388,12.5
1389,4.5
1390,3.5
1391,4.5
1392,-3.5
1393,-32.5
1394,-6.5
1395,1.5
1396,1.5
1397,6.5
1398,8.5
1399,10.5
1400,2.5
1401,-3.5
1402,-1.5
1403,-11.5
1404,-5.5
1405,-3.5
1406,0.5
1407,4.5
1408,15.5
1409,-5.5
1410,2.5
1411,-0.5
1412,0.5
1413,-7.5
1414,-1.5
1415,-3.5
1416,-0.5
1417,2.5
1418,11.5
1419,6.5
1420,-0.5
1421,4.5
1422,-5.5
1423,-3.5
1424,-5.5
1425,-13.5
1426,0.5
1427,0.5
1428,5.5
1429,9.5
1430,1.5
1431,0.5
1432,-3.5
1433,-9.5
1434,-5.5
1435,-1.5
1436,-1.5
1437,4.5
1438,15.5
1439,10.5
1440,-4.5
1441,6.5
1442,-0.5
1443,-12.5
1444,-3.5
1445,-1.5
1446,-0.5
1447,2.5
1448,10.5
1449,9.5
1450,13.5
1451,17.5
1452,-7.5
1453,-11.5
1454,-4.5
1455,-4.5
1456,0.5
1457,7.5
1458,8.5
1459,7.5
1460,-3.5
1461,3.5
1462,-6.5
1463,-8.5
1464,-3.5
1465,-5.5
1466,5.5
1467,7.5
1468,12.5
1469,19.5
1470,29.5
1471,5.5
1472,-10.5
1473,-14.5
1474,-7.5
1475,-1.5
1476,-1.5
1477,9.5
1478,12.5
1479,-38.5
1480,3.5
1481,0.5
1482,4.5
1483,-8.5
1484,-10.5
1485,-4.5
1486,-0.5
1487,2.5
1488,10.5
1489,1.5
1490,-7.5
1491,0.5
1492,-6.5
1493,-5.5
1494,-13.5
1495,-8.5
1496,4.5
1497,17.5
1498,13.5
1499,3.5
1500,-0.5
1501,-0.5
1502,-7.5
1503,-7.5
1504,-3.5
1505,-6.5
1506,23.5
1507,4.5
1508,4.5
1509,7.5
1510,1.5
1511,-1.5
1512,-7.5
1513,-6.5
1514,-8.5
1515,-0.5
1516,-1.5
1517,8.5
1518,9.5
1519,4.5
1520,-4.5
1521,3.5
1522,-1.5
1523,-9.5
1524,-3.5
1525,-3.5
1526,-3.5
1527,-4.5
1528,4.5
1529,12.5
1530,1.5
1531,5.5
1532,-8.5
1533,-9.5
1534,-6.5
1535,12.5
1536,-0.5
1537,2.5
1538,-3.5
1539,9.5
1540,2.5
1541,2.5
1542,-3.5
1543,-3.5
1544,-3.5
1545,1.5
1546,2.5
1547,7.5
1548,14.5
1549,2.5
1550,4.5
1551,4.5
1552,-9.5
1553,-9.5
1554,-7.5
1555,0.5
1556,1.5
1557,2.5
1558,3.5
1559,6.5
1560,-0.5
1561,-4.5
1562,-12.5
1563,-8.5
1564,-3.5
1565,-1.5
1566,14.5
1567,9.5
1568,6.5
1569,8.5
1570,-8.5
1571,-4.5
1572,14.5
1573,-5.5
1574,-3.5
1575,-3.5
1576,21.5
1577,4.5
1578,8.5
1579,9.5
1580,4.5
1581,2.5
1582,-5.5
1583,-11.5
1584,-5.5
1585,-0.5
1586,-3.5
1587,6.5
1588,7.5
1589,24.5
1590,0.5
1591,2.5
1592,-7.5
1593,-3.5
1594,-4.5
1595,-3.5
1596,-1.5
1597,8.5
1598,9.5
1599,6.5
1600,-3.5
1601,-0.5
1602,-1.5
1603,-6.5
1604,-6.5
1605,-3.5
1606,0.5
1607,6.5
1608,151
1609,15.5
1610,9.5
1611,6.5
1612,-0.5
1613,-0.5
1614,-4.5
1615,-0.5
1616,-6.5
1617,4.5
1618,7.5
1619,3.5
1620,2.5
1621,0.5
1622,-5.5
1623,-3.5
1624,-3.5
1625,0.5
1626,3.5
1627,1.5
1628,4.5
1629,4.5
1630,1.5
1631,-1.5
1632,-0.5
1633,-5.5
1634,-6.5
1635,0.5
1636,-0.5
1637,2.5
1638,10.5
1639,10.5
1640,3.5
1641,-0.5
1642,-1.5
1643,-8.5
1644,-7.5
1645,-3.5
1646,-0.5
1647,12.5
1648,6.5
1649,6.5
1650,3.5
1651,6.5
1652,-3.5
1653,-12.5
1654,-4.5
1655,-7.5
1656,0.5
1657,9.5
1658,6.5
1659,5.5
1660,-1.5
1661,-3.5
1662,-3.5
1663,-7.5
1664,-1.5
1665,-0.5
1666,2.5
1667,3.5
1668,2.5
1669,13.5
1670,4.5
1671,32.5
1672,-8.5
1673,-7.5
1674,-3.5
1675,-3.5
1676,-1.5
1677,10.5
1678,20.5
1679,8.5
1680,0.5
1681,3.5
1682,-7.5
1683,-5.5
1684,-11.5
1685,-10.5
1686,14.5
1687,-1.5
1688,13.5
1689,32.5
1690,-28.5
1691,0.5
1692,-7.5
1693,-3.5
1694,-5.5
1695,-3.5
1696,1.5
1697,3.5
1698,6.5
1699,-8.5
1700,6.5
1701,-3.5
1702,-5.5
1703,-8.5
1704,-3.5
1705,1.5
1706,3.5
1707,3.5
1708,9.5
1709,9.5
1710,4.5
1711,-1.5
1712,-1.5
1713,-23.5
1714,-5.5
1715,-3.5
1716,-16.5
1717,8.5
1718,7.5
1719,6.5
1720,2.5
1721,-3.5
1722,-4.5
1723,-34.5
1724,-11.5
1725,-11.5
1726,-4.5
1727,9.5
1728,9.5
1729,9.5
1730,-0.5
1731,1.5
1732,-3.5
1733,-4.5
1734,-3.5
1735,-3.5
1736,-0.5
1737,4.5
1738,8.5
1739,7.5
1740,-0.5
1741,-1.5
1742,-1.5
1743,-1.5
1744,-10.5
1745,-3.5
1746,3.5
1747,6.5
1748,15.5
1749,10.5
1750,4.5
1751,0.5
1752,-3.5
1753,-9.5
1754,-4.5
1755,-4.5
1756,0.5
1757,3.5
1758,9.5
1759,0.5
1760,-1.5
1761,0.5
1762,-0.5
1763,-13.5
1764,-5.5
1765,-4.5
1766,1.5
1767,2.5
1768,10.5
1769,5.5
1770,7.5
1771,2.5
1772,-3.5
1773,-12.5
1774,-9.5
1775,-30.5
1776,-5.5
1777,4.5
1778,10.5
1779,6.5
1780,6.5
1781,-5.5
1782,-1.5
1783,-6.5
1784,-8.5
1785,-7.5
1786,1.5
1787,-1.5
1788,13.5
1789,15.5
1790,9.5
1791,-1.5
1792,2.5
1793,-7.5
1794,-17.5
1795,12.5
1796,0.5
1797,-3.5
1798,7.5
1799,1.5
1800,6.5
1801,-6.5
1802,4.5
1803,-8.5
1804,4.5
1805,-3.5
1806,2.5
1807,6.5
1808,6.5
1809,-6.5
1810,2.5
1811,3.5
1812,-9.5
1813,-9.5
1814,-9.5
1815,-3.5
1816,1.5
1817,-1.5
1818,5.5
1819,-17.5
1820,-12.5
1821,-6.5
1822,-4.5
1823,-5.5
1824,-7.5
1825,-3.5
1826,-3.5
1827,2.5
1828,6.5
1829,7.5
1830,12.5
1831,5.5
1832,-1.5
1833,-3.5
1834,-6.5
1835,-5.5
1836,1.5
1837,-0.5
1838,7.5
1839,7.5
1840,8.5
1841,6.5
1842,-6.5
1843,-4.5
1844,-4.5
1845,-1.5
1846,-0.5
1847,12.5
1848,-1.5
1849,6.5
1850,2.5
1851,5.5
1852,-4.5
1853,-7.5
1854,-6.5
1855,-3.5
1856,-1.5
1857,1.5
1858,15.5
1859,7.5
1860,4.5
1861,-4.5
1862,-8.5
1863,-6.5
1864,-9.5
1865,-6.5
1866,-3.5
1867,-0.5
1868,5.5
1869,7.5
1870,5.5
1871,1.5
1872,-3.5
1873,-22.5
1874,-6.5
1875,4.5
1876,1.5
1877,1.5
1878,6.5
1879,3.5
1880,8.5
1881,1.5
1882,0.5
1883,1.5
1884,-3.5
1885,-6.5
1886,-1.5
1887,7.5
1888,0.5
1889,13.5
1890,-1.5
1891,0.5
1892,-1.5
1893,0.5
1894,10.5
1895,-3.5
1896,-0.5
1897,2.5
1898,7.5
1899,9.5
1900,1.5
1901,3.5
1902,-12.5
1903,-7.5
1904,-14.5
1905,-3.5
1906,-1.5
1907,1.5
1908,3.5
1909,4.5
1910,4.5
1911,-0.5
1912,-3.5
1913,-8.5
1914,1.5
1915,-3.5
1916,1.5
1917,4.5
1918,5.5
1919,10.5
1920,-8.5
1921,5.5
1922,-0.5
1923,-12.5
1924,-8.5
1925,-9.5
1926,-3.5
1927,-1.5
1928,6.5
1929,-3.5
1930,25.5
1931,-1.5
1932,-7.5
1933,-10.5
1934,-7.5
1935,-3.5
1936,-1.5
1937,2.5
1938,9.5
1939,9.5
1940,4.5
1941,-1.5
1942,-1.5
1943,-7.5
1944,-4.5
1945,-3.5
1946,5.5
1947,1.5
1948,6.5
1949,6.5
1950,6.5
1951,-3.5
1952,-3.5
1953,-5.5
1954,-6.5
1955,-4.5
1956,0.5
1957,5.5
1958,7.5
1959,6.5
1960,1.5
1961,1.5
1962,-0.5
1963,-3.5
1964,-5.5
1965,-1.5
1966,3.5
1967,2.5
1968,6.5
1969,6.5
1970,1.5
1971,-3.5
1972,-3.5
1973,-4.5
1974,-6.5
1975,-3.5
1976,-1.5
1977,2.5
1978,7.5
1979,13.5
1980,1.5
1981,-7.5
1982,1.5
1983,-4.5
1984,-4.5
1985,-4.5
1986,-7.5
1987,1.5
1988,7.5
1989,6.5
1990,1.5
1991,-1.5
1992,-3.5
1993,-6.5
1994,-7.5
1995,-7.5
1996,0.5
1997,2.5
1998,2.5
1999,6.5
2000,3.5
2001,-0.5
2002,-1.5
2003,-3.5
2004,-6.5
2005,-6.5
2006,-3.5
2007,5.5
2008,5.5
2009,-3.5
2010,1.5
2011,-0.5
2012,1.5
2013,-5.5
2014,-9.5
2015,-1.5
2016,2.5
2017,2.5
2018,1.5
2019,1.5
2020,13.5
2021,-0.5
2022,2.5
2023,-6.5
2024,-12.5
2025,-0.5
2026,0.5
2027,-1.5
2028,6.5
2029,1.5
2030,-0.5
2031,-0.5
2032,-1.5
2033,-11.5
2034,-6.5
2035,-3.5
2036,-5.5
2037,-5.5
2038,3.5
2039,2.5
2040,-4.5
2041,-8.5
2042,-4.5
2043,-4.5
2044,-6.5
2045,-5.5
2046,2.5
2047,6.5
2048,3.5
2049,5.5
2050,-1.5
2051,-5.5
2052,-4.5
2053,-9.5
2054,-8.5
2055,-0.5
2056,3.5
2057,-3.5
2058,7.5
2059,1.5
2060,0.5
2061,-5.5
2062,-3.5
2063,-5.5
2064,-3.5
2065,-3.5
2066,3.5
2067,-1.5
2068,6.5
2069,5.5
2070,1.5
2071,2.5
2072,-3.5
2073,-1.5
2074,-4.5
2075,-3.5
2076,1.5
2077,2.5
2078,1.5
2079,7.5
2080,-0.5
2081,-3.5
2082,-6.5
2083,-3.5
2084,-4.5
2085,0.5
2086,1.5
2087,4.5
2088,5.5
2089,5.5
2090,-1.5
2091,-0.5
2092,-9.5
2093,-7.5
2094,-1.5
2095,8.5
2096,-4.5
2097,-5.5
2098,-3.5
2099,9.5
2100,-13.5
2101,-1.5
2102,-3.5
2103,2.5
2104,-8.5
2105,-3.5
2106,0.5
2107,0.5
2108,-1.5
2109,3.5
2110,-4.5
2111,-1.5
2112,-1.5
2113,-8.5
2114,-4.5
2115,0.5
2116,-0.5
2117,-0.5
2118,2.5
2119,6.5
2120,-1.5
2121,-3.5
2122,-3.5
2123,-4.5
2124,-8.5
2125,0.5
2126,1.5
2127,2.5
2128,6.5
2129,8.5
2130,-5.5
2131,-0.5
2132,-1.5
2133,-5.5
2134,-5.5
2135,-4.5
2136,-1.5
2137,2.5
2138,4.5
2139,-1.5
2140,2.5
2141,1.5
2142,-3.5
2143,-3.5
2144,-5.5
2145,-0.5
2146,-1.5
2147,1.5
2148,10.5
2149,4.5
2150,2.5
2151,-1.5
2152,-3.5
2153,-5.5
2154,-5.5
2155,-3.5
2156,2.5
2157,1.5
2158,7.5
2159,6.5
2160,0.5
2161,-3.5
2162,-3.5
2163,-3.5
2164,-6.5
2165,1.5
2166,1.5
2167,4.5
2168,-0.5
2169,10.5
2170,7.5
2171,-3.5
2172,-3.5
2173,-1.5
2174,-6.5
2175,0.5
2176,-6.5
2177,-1.5
2178,-1.5
2179,5.5
2180,-0.5
2181,-3.5
2182,-3.5
2183,0.5
2184,-4.5
2185,0.5
2186,-1.5
2187,5.5
2188,-0.5
2189,0.5
2190,3.5
2191,-3.5
2192,-14.5
2193,-6.5
2194,-3.5
2195,2.5
2196,-1.5
2197,-0.5
2198,4.5
2199,-3.5
2200,-0.5
2201,2.5
2202,-7.5
2203,-3.5
2204,-3.5
2205,1.5
2206,2.5
2207,3.5
2208,5.5
2209,5.5
2210,-3.5
2211,-3.5
2212,-0.5
2213,-1.5
2214,4.5
2215,0.5
2216,-3.5
2217,2.5
2218,7.5
2219,5.5
2220,7.5
2221,4.5
2222,-9.5
2223,2.5
2224,-3.5
2225,-1.5
2226,-0.5
2227,0.5
2228,6.5
2229,-9.5
2230,1.5
2231,-8.5
2232,-5.5
2233,-6.5
2234,-4.5
2235,-4.5
2236,2.5
2237,5.5
2238,10.5
2239,1.5
2240,-1.5
2241,4.5
2242,-0.5
2243,-1.5
2244,-4.5
2245,-3.5
2246,0.5
2247,5.5
2248,7.5
2249,-1.5
2250,0.5
2251,0.5
2252,-3.5
2253,-3.5
2254,-8.5
2255,-4.5
2256,6.5
2257,4.5
2258,1.5
2259,6.5
2260,-6.5
2261,-7.5
2262,-4.5
2263,-7.5
2264,-3.5
2265,-0.5
2266,2.5
2267,3.5
2268,9.5
2269,6.5
2270,5.5
2271,-0.5
2272,-1.5
2273,-8.5
2274,-4.5
2275,-3.5
2276,4.5
2277,6.5
2278,4.5
2279,1.5
2280,0.5
2281,-3.5
2282,-5.5
2283,-8.5
2284,-0.5
2285,-0.5
2286,-1.5
2287,0.5
2288,2.5
2289,1.5
2290,-0.5
2291,2.5
2292,-8.5
2293,-4.5
2294,-4.5
2295,7.5
2296,-3.5
2297,2.5
2298,8.5
2299,12.5
2300,0.5
2301,1.5
2302,-1.5
2303,-1.5
2304,-12.5
2305,0.5
2306,-0.5
2307,4.5
2308,10.5
2309,4.5
2310,-1.5
2311,-0.5
2312,-1.5
2313,-4.5
2314,-1.5
2315,-13.5
2316,-1.5
2317,2.5
2318,7.5
2319,-1.5
2320,4.5
2321,0.5
2322,-1.5
2323,-5.5
2324,-12.5
2325,-1.5
2326,-4.5
2327,3.5
2328,6.5
2329,-0.5
2330,-3.5
2331,0.5
2332,-3.5
2333,-5.5
2334,-5.5
2335,-6.5
2336,2.5
2337,2.5
2338,6.5
2339,5.5
2340,-3.5
2341,4.5
2342,-3.5
2343,-6.5
2344,-6.5
2345,0.5
2346,-0.5
2347,1.5
2348,6.5
2349,1.5
2350,-4.5
2351,-0.5
2352,-3.5
2353,-4.5
2354,-8.5
2355,-5.5
2356,4.5
2357,6.5
2358,9.5
2359,5.5
2360,1.5
2361,-0.5
2362,-3.5
2363,-7.5
2364,-3.5
2365,-5.5
2366,-3.5
2367,0.5
2368,6.5
2369,6.5
2370,1.5
2371,-1.5
2372,-3.5
2373,-3.5
2374,-6.5
2375,-1.5
2376,0.5
2377,1.5
2378,5.5
2379,5.5
2380,5.5
2381,-0.5
2382,-1.5
2383,-6.5
2384,-6.5
2385,-3.5
2386,0.5
2387,4.5
2388,7.5
2389,6.5
2390,0.5
2391,1.5
2392,-3.5
2393,-6.5
2394,-5.5
2395,-7.5
2396,0.5
2397,2.5
2398,4.5
2399,7.5
2400,1.5
2401,-0.5
2402,-3.5
2403,-7.5
2404,-5.5
2405,-1.5
2406,-3.5
2407,3.5
2408,4.5
2409,17.5
2410,8.5
2411,2.5
2412,-1.5
2413,-7.5
2414,-5.5
2415,-14.5
2416,-1.5
2417,-0.5
2418,4.5
2419,3.5
2420,-5.5
2421,0.5
2422,-1.5
2423,-3.5
2424,-8.5
2425,0.5
2426,0.5
2427,4.5
2428,6.5
2429,7.5
2430,1.5
2431,1.5
2432,-5.5
2433,-4.5
2434,-7.5
2435,-3.5
2436,2.5
2437,4.5
2438,4.5
2439,7.5
2440,7.5
2441,2.5
2442,-3.5
2443,-7.5
2444,-5.5
2445,-5.5
2446,-1.5
2447,2.5
2448,22.5
2449,8.5
2450,1.5
2451,1.5
2452,-3.5
2453,-13.5
2454,-7.5
2455,-5.5
2456,6.5
2457,6.5
2458,5.5
2459,9.5
2460,-0.5
2461,7.5
2462,-6.5
2463,-34.5
2464,-4.5
2465,3.5
2466,6.5
2467,2.5
2468,3.5
2469,5.5
2470,1.5
2471,0.5
2472,-3.5
2473,19.5
2474,-3.5
2475,1.5
2476,0.5
2477,-0.5
2478,5.5
2479,4.5
2480,-0.5
2481,4.5
2482,-1.5
2483,-6.5
2484,-6.5
2485,-8.5
2486,-5.5
2487,2.5
2488,8.5
2489,-0.5
2490,-0.5
2491,0.5
2492,0.5
2493,-8.5
2494,-3.5
2495,-1.5
2496,-0.5
2497,2.5
2498,8.5
2499,5.5
2500,-3.5
2501,6.5
2502,-1.5
2503,-10.5
2504,-11.5
2505,-0.5
2506,-1.5
2507,0.5
2508,4.5
2509,6.5
2510,10.5
2511,2.5
2512,-3.5
2513,-9.5
2514,-3.5
2515,0.5
2516,1.5
2517,0.5
2518,6.5
2519,8.5
2520,8.5
2521,6.5
2522,-1.5
2523,-7.5
2524,-10.5
2525,-0.5
2526,-0.5
2527,5.5
2528,5.5
2529,6.5
2530,-0.5
2531,0.5
2532,0.5
2533,-5.5
2534,-4.5
2535,-0.5
2536,-0.5
2537,1.5
2538,5.5
2539,9.5
2540,36.5
2541,24.5
2542,6.5
2543,-6.5
2544,0.5
2545,-1.5
2546,1.5
2547,-1.5
2548,-0.5
2549,-0.5
2550,-3.5
2551,-1.5
2552,-4.5
2553,2.5
2554,-1.5
2555,1.5
2556,8.5
2557,0.5
2558,-6.5
2559,4.5
2560,-3.5
2561,-3.5
2562,3.5
2563,-4.5
2564,-3.5
2565,22.5
2566,2.5
2567,6.5
2568,17.5
2569,3.5
2570,2.5
2571,2.5
2572,-1.5
2573,-7.5
2574,-11.5
2575,-16.5
2576,0.5
2577,-1.5
2578,0.5
2579,15.5
2580,-8.5
2581,4.5
2582,0.5
2583,-16.5
2584,-3.5
2585,1.5
2586,-0.5
2587,0.5
2588,7.5
2589,15.5
2590,-1.5
2591,-0.5
2592,0.5
2593,-6.5
2594,-5.5
2595,2.5
2596,-3.5
2597,4.5
2598,6.5
2599,7.5
2600,14.5
2601,3.5
2602,-3.5
2603,-7.5
2604,-7.5
2605,1.5
2606,-1.5
2607,-3.5
2608,3.5
2609,4.5
2610,0.5
2611,-32.5
2612,1.5
2613,-9.5
2614,-6.5
2615,-3.5
2616,-0.5
2617,-24.5
2618,4.5
2619,4.5
2620,-27.5
2621,-26.5
2622,-9.5
2623,4.5
2624,-1.5
2625,3.5
2626,-1.5
2627,2.5
2628,7.5
2629,3.5
2630,-1.5
2631,29.5
2632,1.5
2633,-6.5
2634,-3.5
2635,-3.5
2636,-0.5
2637,-3.5
2638,6.5
2639,4.5
2640,6.5
2641,1.5
2642,-1.5
2643,-1.5
2644,-7.5
2645,6.5
2646,-3.5
2647,-3.5
2648,10.5
2649,6.5
2650,6.5
2651,3.5
2652,1.5
2653,-4.5
2654,-8.5
2655,-1.5
2656,1.5
2657,2.5
2658,5.5
2659,26.5
2660,-1.5
2661,-3.5
2662,6.5
2663,-1.5
2664,-3.5
2665,25.5
2666,1.5
2667,-0.5
2668,7.5
2669,19.5
2670,-20.5
2671,-0.5
2672,-0.5
2673,-6.5
2674,-3.5
2675,-4.5
2676,-0.5
2677,2.5
2678,-1.5
2679,3.5
2680,-1.5
2681,4.5
2682,-1.5
2683,-9.5
2684,-6.5
2685,-0.5
2686,5.5
2687,2.5
2688,2.5
2689,5.5
2690,2.5
2691,0.5
2692,-3.5
2693,-7.5
2694,-7.5
2695,-3.5
2696,-0.5
2697,-0.5
2698,8.5
2699,7.5
2700,4.5
2701,1.5
2702,-1.5
2703,-7.5
2704,-6.5
2705,-0.5
2706,-3.5
2707,1.5
2708,7.5
2709,8.5
2710,5.5
2711,-1.5
2712,-5.5
2713,-6.5
2714,-6.5
2715,-3.5
2716,-1.5
2717,2.5
2718,10.5
2719,6.5
2720,3.5
2721,2.5
2722,-4.5
2723,-8.5
2724,-6.5
2725,-7.5
2726,-5.5
2727,8.5
2728,7.5
2729,6.5
2730,2.5
2731,6.5
2732,-0.5
2733,-8.5
2734,-1.5
2735,1.5
2736,-1.5
2737,-1.5
2738,5.5
2739,13.5
2740,1.5
2741,5.5
2742,-3.5
2743,-7.5
2744,-7.5
2745,-0.5
2746,0.5
2747,2.5
2748,8.5
2749,9.5
2750,14.5
2751,2.5
2752,-4.5
2753,-6.5
2754,-9.5
2755,2.5
2756,-1.5
2757,2.5
2758,13.5
2759,10.5
2760,4.5
2761,3.5
2762,-1.5
2763,-8.5
2764,-5.5
2765,-1.5
2766,-3.5
2767,2.5
2768,10.5
2769,6.5
2770,0.5
2771,3.5
2772,-1.5
2773,-5.5
2774,-8.5
2775,-1.5
2776,0.5
2777,2.5
2778,6.5
2779,6.5
2780,4.5
2781,-1.5
2782,-3.5
2783,-3.5
2784,-5.5
2785,1.5
2786,-12.5
2787,-0.5
2788,8.5
2789,4.5
2790,3.5
2791,5.5
2792,-0.5
2793,-9.5
2794,-6.5
2795,-1.5
2796,-3.5
2797,4.5
2798,8.5
2799,9.5
2800,-1.5
2801,4.5
2802,-1.5
2803,0.5
2804,-7.5
2805,4.5
2806,-6.5
2807,1.5
2808,12.5
2809,2.5
2810,0.5
2811,-0.5
2812,1.5
2813,-4.5
2814,-5.5
2815,-5.5
2816,-7.5
2817,5.5
2818,4.5
2819,5.5
2820,-0.5
2821,-0.5
2822,0.5
2823,-6.5
2824,-9.5
2825,-6.5
2826,-3.5
2827,3.5
2828,1.5
2829,-4.5
2830,13.5
2831,1.5
2832,-1.5
2833,-11.5
2834,-5.5
2835,-3.5
2836,-4.5
2837,2.5
2838,6.5
2839,-32.5
2840,1.5
2841,-4.5
2842,-0.5
2843,-8.5
2844,-6.5
2845,-6.5
2846,6.5
2847,3.5
2848,6.5
2849,-26.5
2850,5.5
2851,-1.5
2852,-1.5
2853,-7.5
2854,-8.5
2855,7.5
2856,0.5
2857,1.5
2858,6.5
2859,9.5
2860,-0.5
2861,-3.5
2862,-3.5
2863,-10.5
2864,-3.5
2865,-5.5
2866,-1.5
2867,1.5
2868,0.5
2869,6.5
2870,3.5
2871,-1.5
2872,-1.5
2873,-4.5
2874,10.5
2875,-1.5
2876,0.5
2877,4.5
2878,7.5
2879,7.5
2880,6.5
2881,4.5
2882,0.5
2883,17.5
2884,-6.5
2885,-3.5
2886,-1.5
2887,0.5
2888,5.5
2889,8.5
2890,0.5
2891,1.5
2892,-1.5
2893,-8.5
2894,-8.5
2895,-8.5
2896,-1.5
2897,3.5
2898,4.5
2899,13.5
2900,-7.5
2901,1.5
2902,-3.5
2903,-8.5
2904,-93
2905,-4.5
2906,-4.5
2907,-1.5
2908,-0.5
2909,-13.5
2910,-13.5
2911,4.5
2912,6.5
2913,-5.5
2914,-7.5
2915,-5.5
2916,-3.5
2917,3.5
2918,7.5
2919,8.5
2920,4.5
2921,1.5
2922,-0.5
2923,-1.5
2924,-7.5
2925,-3.5
2926,4.5
2927,0.5
2928,10.5
2929,9.5
2930,-1.5
2931,-8.5
2932,0.5
2933,-23.5
2934,-4.5
2935,0.5
2936,-3.5
2937,1.5
2938,13.5
2939,10.5
2940,4.5
2941,4.5
2942,-3.5
2943,-15.5
2944,-5.5
2945,2.5
2946,0.5
2947,4.5
2948,6.5
2949,9.5
2950,1.5
2951,3.5
2952,-3.5
2953,-0.5
2954,-8.5
2955,-35.5
2956,6.5
2957,3.5
2958,5.5
2959,9.5
2960,7.5
2961,1.5
2962,-1.5
2963,-10.5
2964,-4.5
2965,-6.5
2966,-3.5
2967,1.5
2968,6.5
2969,0.5
2970,-13.5
2971,4.5
2972,-3.5
2973,-7.5
2974,-5.5
2975,-4.5
2976,-4.5
2977,-1.5
2978,7.5
2979,6.5
2980,1.5
2981,2.5
2982,-3.5
2983,-6.5
2984,5.5
2985,-1.5
2986,-8.5
2987,0.5
2988,6.5
2989,6.5
2990,4.5
2991,1.5
2992,-1.5
2993,-6.5
2994,-7.5
2995,-3.5
2996,-1.5
2997,2.5
2998,7.5
2999,10.5
3000,2.5
3001,3.5
3002,-0.5
3003,-6.5
3004,-7.5
3005,0.5
3006,-1.5
3007,4.5
3008,7.5
3009,8.5
3010,2.5
3011,0.5
3012,-1.5
3013,-3.5
3014,-9.5
3015,-4.5
3016,-1.5
3017,4.5
3018,4.5
3019,6.5
3020,1.5
3021,2.5
3022,0.5
3023,-8.5
3024,-7.5
3025,-8.5
3026,-0.5
3027,4.5
3028,4.5
3029,6.5
3030,2.5
3031,13.5
3032,-3.5
3033,-6.5
3034,-6.5
3035,-0.5
3036,-1.5
3037,1.5
3038,9.5
3039,6.5
3040,2.5
3041,-1.5
3042,-1.5
3043,-0.5
3044,-7.5
3045,0.5
3046,-0.5
3047,2.5
3048,5.5
3049,8.5
3050,-3.5
3051,-7.5
3052,-1.5
3053,-4.5
3054,-7.5
3055,-1.5
3056,-3.5
3057,2.5
3058,7.5
3059,4.5
3060,4.5
3061,0.5
3062,-3.5
3063,-7.5
3064,-7.5
3065,-1.5
3066,-1.5
3067,2.5
3068,6.5
3069,7.5
3070,1.5
3071,1.5
3072,-1.5
3073,-6.5
3074,-7.5
3075,-1.5
3076,-1.5
3077,1.5
3078,6.5
3079,6.5
3080,4.5
3081,1.5
3082,-1.5
3083,-5.5
3084,-6.5
3085,-3.5
3086,-3.5
3087,2.5
3088,7.5
3089,7.5
3090,2.5
3091,1.5
3092,-3.5
3093,-5.5
3094,-7.5
3095,-1.5
3096,-6.5
3097,6.5
3098,6.5
3099,5.5
3100,2.5
3101,3.5
3102,-1.5
3103,-7.5
3104,-7.5
3105,-3.5
3106,-0.5
3107,4.5
3108,6.5
3109,8.5
3110,-3.5
3111,1.5
3112,-3.5
3113,-7.5
3114,-6.5
3115,-1.5
3116,-3.5
3117,3.5
3118,6.5
3119,8.5
3120,-1.5
3121,1.5
3122,-3.5
3123,-7.5
3124,-7.5
3125,-1.5
3126,-1.5
3127,2.5
3128,9.5
3129,7.5
3130,5.5
3131,1.5
3132,-1.5
3133,-8.5
3134,-7.5
3135,-3.5
3136,-1.5
3137,3.5
3138,6.5
3139,3.5
3140,3.5
3141,2.5
3142,-1.5
3143,-5.5
3144,-9.5
3145,-3.5
3146,-1.5
3147,2.5
3148,6.5
3149,7.5
3150,4.5
3151,-3.5
3152,-1.5
3153,-5.5
3154,-8.5
3155,-5.5
3156,-1.5
3157,2.5
3158,5.5
3159,6.5
3160,1.5
3161,-0.5
3162,-1.5
3163,-7.5
3164,-6.5
3165,-6.5
3166,-3.5
3167,2.5
3168,2.5
3169,6.5
3170,4.5
3171,1.5
3172,-1.5
3173,-5.5
3174,-6.5
3175,-3.5
3176,-0.5
3177,2.5
3178,6.5
3179,7.5
3180,4.5
3181,1.5
3182,-1.5
3183,-4.5
3184,-6.5
3185,-3.5
3186,-1.5
3187,2.5
3188,7.5
3189,6.5
3190,4.5
3191,2.5
3192,-1.5
3193,-7.5
3194,-6.5
3195,-4.5
3196,-1.5
3197,1.5
3198,6.5
3199,6.5
3200,6.5
3201,1.5
3202,-0.5
3203,-7.5
3204,-8.5
3205,-4.5
3206,-1.5
3207,0.5
3208,6.5
3209,6.5
3210,2.5
3211,1.5
3212,-1.5
3213,-5.5
3214,-6.5
3215,-3.5
3216,-1.5
3217,-0.5
3218,5.5
3219,15.5
3220,3.5
3221,2.5
3222,-1.5
3223,-6.5
3224,-6.5
3225,-1.5
3226,-1.5
3227,2.5
3228,6.5
3229,6.5
3230,4.5
3231,2.5
3232,-3.5
3233,-5.5
3234,-8.5
3235,-5.5
3236,-3.5
3237,1.5
3238,5.5
3239,6.5
3240,4.5
3241,2.5
3242,-3.5
3243,-6.5
3244,-7.5
3245,5.5
3246,-4.5
3247,2.5
3248,9.5
3249,8.5
3250,10.5
3251,1.5
3252,2.5
3253,-12.5
3254,-6.5
3255,-4.5
3256,-3.5
3257,1.5
3258,7.5
3259,7.5
3260,5.5
3261,2.5
3262,-3.5
3263,-6.5
3264,-5.5
3265,-4.5
3266,-3.5
3267,0.5
3268,9.5
3269,6.5
3270,3.5
3271,1.5
3272,-0.5
3273,-6.5
3274,-7.5
3275,-5.5
3276,-0.5
3277,5.5
3278,8.5
3279,8.5
3280,3.5
3281,2.5
3282,-1.5
3283,-5.5
3284,-8.5
3285,-1.5
3286,-0.5
3287,1.5
3288,8.5
3289,5.5
3290,4.5
3291,2.5
3292,-0.5
3293,-6.5
3294,-8.5
3295,-3.5
3296,-1.5
3297,2.5
3298,5.5
3299,6.5
3300,6.5
3301,-1.5
3302,-0.5
3303,-7.5
3304,-6.5
3305,-3.5
3306,-1.5
3307,1.5
3308,4.5
3309,9.5
3310,3.5
3311,3.5
3312,-0.5
3313,-7.5
3314,-6.5
3315,-6.5
3316,-1.5
3317,-0.5
3318,6.5
3319,6.5
3320,3.5
3321,1.5
3322,-0.5
3323,-5.5
3324,-6.5
3325,0.5
3326,-0.5
3327,1.5
3328,6.5
3329,6.5
3330,5.5
3331,2.5
3332,-1.5
3333,-4.5
3334,-7.5
3335,-5.5
3336,-3.5
3337,3.5
3338,7.5
3339,6.5
3340,4.5
3341,2.5
3342,-0.5
3343,-5.5
3344,-7.5
3345,-8.5
3346,4.5
3347,2.5
3348,6.5
3349,6.5
3350,9.5
3351,3.5
3352,0.5
3353,-5.5
3354,-6.5
3355,-4.5
3356,-3.5
3357,2.5
3358,6.5
3359,6.5
3360,6.5
3361,1.5
3362,-0.5
3363,-7.5
3364,-5.5
3365,-4.5
3366,-3.5
3367,0.5
3368,5.5
3369,10.5
3370,4.5
3371,3.5
3372,0.5
3373,-7.5
3374,-3.5
3375,-5.5
3376,-0.5
3377,0.5
3378,7.5
3379,8.5
3380,5.5
3381,2.5
3382,-1.5
3383,-6.5
3384,-7.5
3385,-7.5
3386,-1.5
3387,2.5
3388,8.5
3389,6.5
3390,4.5
3391,2.5
3392,-0.5
3393,-7.5
3394,-7.5
3395,-6.5
3396,-0.5
3397,-1.5
3398,6.5
3399,7.5
3400,6.5
3401,1.5
3402,-0.5
3403,-5.5
3404,-5.5
3405,-4.5
3406,-1.5
3407,0.5
3408,6.5
3409,8.5
3410,6.5
3411,6.5
3412,-0.5
3413,-5.5
3414,-7.5
3415,-7.5
3416,-1.5
3417,1.5
3418,7.5
3419,7.5
3420,5.5
3421,3.5
3422,-0.5
3423,-10.5
3424,-8.5
3425,-3.5
3426,-3.5
3427,1.5
3428,9.5
3429,7.5
3430,5.5
3431,3.5
3432,2.5
3433,-6.5
3434,-4.5
3435,-5.5
3436,-1.5
3437,1.5
3438,6.5
3439,4.5
3440,6.5
3441,2.5
3442,-3.5
3443,-1.5
3444,-5.5
3445,-5.5
3446,1.5
3447,1.5
3448,6.5
3449,-1.5
3450,3.5
3451,2.5
3452,-1.5
3453,-5.5
3454,-6.5
3455,-4.5
3456,-1.5
3457,-0.5
3458,6.5
3459,7.5
3460,3.5
3461,0.5
3462,-0.5
3463,-5.5
3464,-6.5
3465,-5.5
3466,-3.5
3467,2.5
3468,7.5
3469,6.5
3470,6.5
3471,1.5
3472,0.5
3473,-6.5
3474,-7.5
3475,-4.5
3476,-3.5
3477,0.5
3478,7.5
3479,6.5
3480,2.5
3481,-7.5
3482,-0.5
3483,-5.5
3484,-6.5
3485,-5.5
3486,-3.5
3487,-0.5
3488,6.5
3489,6.5
3490,2.5
3491,4.5
3492,0.5
3493,-5.5
3494,-5.5
3495,-4.5
3496,-3.5
3497,2.5
3498,6.5
3499,6.5
3500,3.5
3501,0.5
3502,0.5
3503,-6.5
3504,-7.5
3505,-3.5
3506,-1.5
3507,0.5
3508,7.5
3509,6.5
3510,4.5
3511,1.5
3512,1.5
3513,-8.5
3514,-3.5
3515,-6.5
3516,-0.5
3517,-0.5
3518,4.5
3519,6.5
3520,5.5
3521,2.5
3522,-0.5
3523,-6.5
3524,-13.5
3525,-3.5
3526,1.5
3527,5.5
3528,6.5
3529,9.5
3530,4.5
3531,4.5
3532,-0.5
3533,-6.5
3534,-7.5
3535,-1.5
3536,-3.5
3537,2.5
3538,5.5
3539,6.5
3540,6.5
3541,1.5
3542,-1.5
3543,-3.5
3544,-8.5
3545,-5.5
3546,-1.5
3547,0.5
3548,3.5
3549,7.5
3550,3.5
3551,6.5
3552,-0.5
3553,-1.5
3554,-6.5
3555,-1.5
3556,-0.5
3557,2.5
3558,13.5
3559,7.5
3560,-3.5
3561,13.5
3562,2.5
3563,14.5
3564,-6.5
3565,-8.5
3566,-1.5
3567,1.5
3568,9.5
3569,4.5
3570,6.5
3571,-0.5
3572,-1.5
3573,-4.5
3574,-7.5
3575,-9.5
3576,-0.5
3577,-1.5
3578,9.5
3579,9.5
3580,6.5
3581,19.5
3582,2.5
3583,-6.5
3584,-7.5
3585,-3.5
3586,0.5
3587,2.5
3588,7.5
3589,3.5
3590,13.5
3591,0.5
3592,-3.5
3593,-7.5
3594,-19.5
3595,-3.5
3596,-0.5
3597,-5.5
3598,7.5
3599,6.5
3600,6.5
3601,2.5
3602,-1.5
3603,-6.5
3604,-8.5
3605,3.5
3606,-10.5
3607,-1.5
3608,8.5
3609,7.5
3610,5.5
3611,2.5
3612,-3.5
3613,-7.5
3614,-6.5
3615,-1.5
3616,-0.5
3617,-1.5
3618,5.5
3619,7.5
3620,3.5
3621,3.5
3622,3.5
3623,-5.5
3624,-7.5
3625,-5.5
3626,-0.5
3627,1.5
3628,8.5
3629,6.5
3630,6.5
3631,3.5
3632,-4.5
3633,-8.5
3634,-6.5
3635,-3.5
3636,-4.5
3637,-0.5
3638,6.5
3639,6.5
3640,5.5
3641,4.5
3642,0.5
3643,-6.5
3644,-6.5
3645,-6.5
3646,-1.5
3647,-0.5
3648,6.5
3649,10.5
3650,5.5
3651,2.5
3652,1.5
3653,-5.5
3654,-5.5
3655,-3.5
3656,-0.5
3657,-0.5
3658,3.5
3659,10.5
3660,-0.5
3661,1.5
3662,0.5
3663,-11.5
3664,-9.5
3665,-1.5
3666,-3.5
3667,-1.5
3668,5.5
3669,10.5
3670,4.5
3671,4.5
3672,2.5
3673,-6.5
3674,-5.5
3675,-7.5
3676,-1.5
3677,-1.5
3678,6.5
3679,6.5
3680,-0.5
3681,2.5
3682,2.5
3683,-8.5
3684,-5.5
3685,-5.5
3686,-3.5
3687,-0.5
3688,8.5
3689,6.5
3690,3.5
3691,1.5
3692,2.5
3693,-6.5
3694,-183
3695,17.5
3696,10.5
3697,6.5
3698,3.5
3699,8.5
3700,1.5
3701,2.5
3702,1.5
3703,19.5
3704,-5.5
3705,-3.5
3706,-0.5
3707,2.5
3708,2.5
3709,7.5
3710,2.5
3711,-10.5
3712,-0.5
3713,-5.5
3714,-3.5
3715,-3.5
3716,-3.5
3717,-0.5
3718,6.5
3719,8.5
3720,7.5
3721,-6.5
3722,1.5
3723,-3.5
3724,-5.5
3725,-13.5
3726,-1.5
3727,4.5
3728,6.5
3729,9.5
3730,6.5
3731,2.5
3732,3.5
3733,-3.5
3734,-1.5
3735,-7.5
3736,-1.5
3737,-1.5
3738,4.5
3739,1.5
3740,6.5
3741,8.5
3742,4.5
3743,0.5
3744,-8.5
3745,-1.5
3746,3.5
3747,-3.5
3748,6.5
3749,7.5
3750,21.5
3751,1.5
3752,-0.5
3753,-7.5
3754,-3.5
3755,-3.5
3756,-1.5
3757,-0.5
3758,8.5
3759,5.5
3760,-5.5
3761,3.5
3762,-0.5
3763,-6.5
3764,-7.5
3765,-3.5
3766,-1.5
3767,-1.5
3768,12.5
3769,6.5
3770,7.5
3771,0.5
3772,-1.5
3773,-3.5
3774,-7.5
3775,-8.5
3776,6.5
3777,-6.5
3778,6.5
3779,4.5
3780,2.5
3781,-0.5
3782,-1.5
3783,-4.5
3784,8.5
3785,-1.5
3786,-0.5
3787,-1.5
3788,7.5
3789,3.5
3790,0.5
3791,7.5
3792,0.5
3793,-6.5
3794,-4.5
3795,-4.5
3796,-1.5
3797,-1.5
3798,6.5
3799,4.5
3800,2.5
3801,5.5
3802,0.5
3803,-7.5
3804,-8.5
3805,-4.5
3806,8.5
3807,-18.5
3808,4.5
3809,31.5
3810,17.5
3811,5.5
3812,0.5
3813,-8.5
3814,-4.5
3815,-6.5
3816,-9.5
3817,-1.5
3818,15.5
3819,5.5
3820,15.5
3821,-1.5
3822,3.5
3823,-3.5
3824,-6.5
3825,-6.5
3826,-4.5
3827,2.5
3828,5.5
3829,10.5
3830,-5.5
3831,6.5
3832,-3.5
3833,-5.5
3834,-8.5
3835,-6.5
3836,-1.5
3837,-0.5
3838,4.5
3839,7.5
3840,2.5
3841,6.5
3842,15.5
3843,-9.5
3844,-1.5
3845,-9.5
3846,0.5
3847,1.5
3848,4.5
3849,6.5
3850,-3.5
3851,2.5
3852,-3.5
3853,-7.5
3854,-10.5
3855,-4.5
3856,-0.5
3857,-0.5
3858,5.5
3859,7.5
3860,4.5
3861,4.5
3862,-1.5
3863,-7.5
3864,-7.5
3865,-3.5
3866,-4.5
3867,-0.5
3868,6.5
3869,17.5
3870,-1.5
3871,0.5
3872,4.5
3873,-5.5
3874,-8.5
3875,-5.5
3876,1.5
3877,-3.5
3878,8.5
3879,15.5
3880,8.5
3881,2.5
3882,4.5
3883,-5.5
3884,-1.5
3885,-4.5
3886,-1.5
3887,3.5
3888,6.5
3889,12.5
3890,4.5
3891,4.5
3892,1.5
3893,-3.5
3894,-6.5
3895,-8.5
3896,-1.5
3897,0.5
3898,3.5
3899,8.5
3900,15.5
3901,2.5
3902,3.5
3903,-7.5
3904,-5.5
3905,-0.5
3906,-3.5
3907,1.5
3908,5.5
3909,8.5
3910,5.5
3911,-1.5
3912,1.5
3913,-3.5
3914,-7.5
3915,-4.5
3916,-1.5
3917,-0.5
3918,9.5
3919,8.5
3920,8.5
3921,2.5
3922,-0.5
3923,-1.5
3924,-12.5
3925,-6.5
3926,0.5
3927,-3.5
3928,15.5
3929,6.5
3930,14.5
3931,-3.5
3932,-0.5
3933,-5.5
3934,-8.5
3935,-8.5
3936,1.5
3937,-1.5
3938,7.5
3939,2.5
3940,1.5
3941,0.5
3942,-3.5
3943,-9.5
3944,-9.5
3945,-15.5
3946,2.5
3947,-26.5
3948,2.5
3949,13.5
3950,4.5
3951,20.5
3952,4.5
3953,-5.5
3954,-4.5
3955,-1.5
3956,-3.5
3957,-1.5
3958,1.5
3959,6.5
3960,10.5
3961,-16.5
3962,-1.5
3963,-6.5
3964,-10.5
3965,-9.5
3966,4.5
3967,-9.5
3968,2.5
3969,5.5
3970,2.5
3971,-1.5
3972,-0.5
3973,-7.5
3974,-7.5
3975,-5.5
3976,-3.5
3977,6.5
3978,6.5
3979,6.5
3980,4.5
3981,2.5
3982,5.5
3983,-12.5
3984,-6.5
3985,-7.5
3986,4.5
3987,-0.5
3988,6.5
3989,8.5
3990,9.5
3991,1.5
3992,6.5
3993,-5.5
3994,-6.5
3995,-4.5
3996,-3.5
3997,-0.5
3998,5.5
3999,6.5
4000,8.5
4001,3.5
4002,1.5
4003,-5.5
4004,-6.5
4005,-9.5
4006,-3.5
4007,-3.5
4008,5.5
4009,8.5
4010,9.5
4011,2.5
4012,2.5
4013,-6.5
4014,-7.5
4015,-7.5
4016,-3.5
4017,-1.5
4018,5.5
4019,6.5
4020,4.5
4021,3.5
4022,1.5
4023,-3.5
4024,-7.5
4025,-8.5
4026,-3.5
4027,-0.5
4028,7.5
4029,14.5
4030,13.5
4031,4.5
4032,4.5
4033,-3.5
4034,-0.5
4035,-1.5
4036,-0.5
4037,0.5
4038,7.5
4039,7.5
4040,4.5
4041,1.5
4042,-0.5
4043,-5.5
4044,-4.5
4045,4.5
4046,-1.5
4047,-0.5
4048,7.5
4049,6.5
4050,3.5
4051,1.5
4052,1.5
4053,-6.5
4054,-7.5
4055,-6.5
4056,-0.5
4057,-0.5
4058,7.5
4059,7.5
4060,3.5
4061,2.5
4062,2.5
4063,-5.5
4064,-6.5
4065,-3.5
4066,-1.5
4067,3.5
4068,6.5
4069,5.5
4070,4.5
4071,3.5
4072,-0.5
4073,-4.5
4074,-7.5
4075,-6.5
4076,-0.5
4077,-0.5
4078,6.5
4079,6.5
4080,6.5
4081,3.5
4082,-0.5
4083,-6.5
4084,-6.5
4085,-5.5
4086,-0.5
4087,-1.5
4088,6.5
4089,7.5
4090,10.5
4091,2.5
4092,2.5
4093,-4.5
4094,-6.5
4095,-0.5
4096,-1.5
4097,-1.5
4098,6.5
4099,7.5
4100,9.5
4101,-1.5
4102,1.5
4103,-4.5
4104,-6.5
4105,-6.5
4106,-3.5
4107,1.5
4108,6.5
4109,6.5
4110,5.5
4111,4.5
4112,2.5
4113,-7.5
4114,-7.5
4115,-4.5
4116,3.5
4117,-0.5
4118,4.5
4119,7.5
4120,6.5
4121,2.5
4122,4.5
4123,-5.5
4124,-6.5
4125,-5.5
4126,-3.5
4127,-0.5
4128,6.5
4129,6.5
4130,6.5
4131,2.5
4132,4.5
4133,-3.5
4134,-7.5
4135,-6.5
4136,-3.5
4137,3.5
4138,5.5
4139,7.5
4140,5.5
4141,0.5
4142,-0.5
4143,-11.5
4144,-3.5
4145,-7.5
4146,-13.5
4147,2.5
4148,1.5
4149,8.5
4150,-1.5
4151,0.5
4152,4.5
4153,-5.5
4154,-7.5
4155,-5.5
4156,-1.5
4157,6.5
4158,7.5
4159,9.5
4160,13.5
4161,2.5
4162,6.5
4163,-6.5
4164,-6.5
4165,-7.5
4166,1.5
4167,-1.5
4168,9.5
4169,7.5
4170,2.5
4171,2.5
4172,1.5
4173,-3.5
4174,-5.5
4175,-6.5
4176,-1.5
4177,-1.5
4178,6.5
4179,8.5
4180,8.5
4181,-0.5
4182,0.5
4183,-8.5
4184,-4.5
4185,-3.5
4186,0.5
4187,0.5
4188,7.5
4189,9.5
4190,10.5
4191,3.5
4192,-0.5
4193,-6.5
4194,-7.5
4195,-6.5
4196,-0.5
4197,-1.5
4198,10.5
4199,15.5
4200,13.5
4201,2.5
4202,1.5
4203,-3.5
4204,-6.5
4205,-10.5
4206,-1.5
4207,-1.5
4208,6.5
4209,6.5
4210,10.5
4211,6.5
4212,0.5
4213,-5.5
4214,-4.5
4215,-7.5
4216,1.5
4217,1.5
4218,2.5
4219,10.5
4220,10.5
4221,6.5
4222,-3.5
4223,-3.5
4224,-5.5
4225,-6.5
4226,2.5
4227,-1.5
4228,5.5
4229,7.5
4230,7.5
4231,7.5
4232,6.5
4233,-8.5
4234,-3.5
4235,-4.5
4236,2.5
4237,0.5
4238,6.5
4239,7.5
4240,23.5
4241,4.5
4242,2.5
4243,-3.5
4244,-4.5
4245,-8.5
4246,-1.5
4247,1.5
4248,5.5
4249,12.5
4250,5.5
4251,-4.5
4252,4.5
4253,-0.5
4254,-14.5
4255,-6.5
4256,2.5
4257,5.5
4258,-0.5
4259,5.5
4260,12.5
4261,3.5
4262,1.5
4263,-3.5
4264,-3.5
4265,-8.5
4266,-0.5
4267,-1.5
4268,1.5
4269,6.5
4270,8.5
4271,1.5
4272,2.5
4273,-6.5
4274,-9.5
4275,-11.5
4276,-1.5
4277,1.5
4278,4.5
4279,14.5
4280,3.5
4281,3.5
4282,-1.5
4283,-5.5
4284,-8.5
4285,-1.5
4286,-0.5
4287,-1.5
4288,7.5
4289,4.5
4290,9.5
4291,1.5
4292,2.5
4293,-4.5
4294,-5.5
4295,3.5
4296,-1.5
4297,2.5
4298,7.5
4299,6.5
4300,6.5
4301,0.5
4302,3.5
4303,-6.5
4304,-7.5
4305,-6.5
4306,-0.5
4307,3.5
4308,6.5
4309,5.5
4310,5.5
4311,3.5
4312,1.5
4313,-6.5
4314,-3.5
4315,-8.5
4316,-0.5
4317,2.5
4318,6.5
4319,7.5
4320,2.5
4321,4.5
4322,-3.5
4323,-3.5
4324,-17.5
4325,-0.5
4326,-0.5
4327,-0.5
4328,6.5
4329,3.5
4330,7.5
4331,-0.5
4332,-1.5
4333,-5.5
4334,-6.5
4335,-8.5
4336,-1.5
4337,0.5
4338,7.5
4339,5.5
4340,4.5
4341,-3.5
4342,0.5
4343,-5.5
4344,-6.5
4345,-5.5
4346,-5.5
4347,-0.5
4348,7.5
4349,1.5
4350,7.5
4351,2.5
4352,0.5
4353,-6.5
4354,-7.5
4355,-4.5
4356,-1.5
4357,0.5
4358,7.5
4359,5.5
4360,4.5
4361,1.5
4362,0.5
4363,-8.5
4364,-4.5
4365,-4.5
4366,-1.5
4367,1.5
4368,6.5
4369,6.5
4370,6.5
4371,4.5
4372,2.5
4373,-6.5
4374,-7.5
4375,-4.5
4376,0.5
4377,-0.5
4378,6.5
4379,6.5
4380,5.5
4381,4.5
4382,2.5
4383,-3.5
4384,-6.5
4385,-4.5
4386,-1.5
4387,0.5
4388,5.5
4389,6.5
4390,1.5
4391,8.5
4392,-1.5
4393,-6.5
4394,-7.5
4395,-5.5
4396,-3.5
4397,6.5
4398,10.5
4399,9.5
4400,5.5
4401,6.5
4402,5.5
4403,-5.5
4404,-7.5
4405,-8.5
4406,-0.5
4407,3.5
4408,5.5
4409,7.5
4410,6.5
4411,2.5
4412,4.5
4413,-5.5
4414,-7.5
4415,-5.5
4416,-0.5
4417,5.5
4418,9.5
4419,7.5
4420,11.5
4421,4.5
4422,-4.5
4423,-7.5
4424,-5.5
4425,-12.5
4426,-4.5
4427,-0.5
4428,6.5
4429,9.5
4430,4.5
4431,3.5
4432,5.5
4433,-9.5
4434,-6.5
4435,-7.5
4436,-3.5
4437,8.5
4438,3.5
4439,2.5
4440,-4.5
4441,0.5
4442,4.5
4443,-5.5
4444,-25.5
4445,-10.5
4446,0.5
4447,1.5
4448,5.5
4449,3.5
4450,10.5
4451,3.5
4452,-3.5
4453,-5.5
4454,-6.5
4455,-4.5
4456,-0.5
4457,-3.5
4458,6.5
4459,2.5
4460,-4.5
4461,4.5
4462,0.5
4463,-6.5
4464,-7.5
4465,-7.5
4466,-1.5
4467,-1.5
4468,7.5
4469,7.5
4470,7.5
4471,2.5
4472,2.5
4473,-3.5
4474,-5.5
4475,-6.5
4476,-0.5
4477,-1.5
4478,10.5
4479,2.5
4480,6.5
4481,3.5
4482,-7.5
4483,-3.5
4484,-8.5
4485,-6.5
4486,2.5
4487,-0.5
4488,6.5
4489,3.5
4490,-0.5
4491,2.5
4492,24.5
4493,-0.5
4494,-6.5
4495,-3.5
4496,-3.5
4497,-1.5
4498,6.5
4499,10.5
4500,2.5
4501,3.5
4502,2.5
4503,-7.5
4504,-6.5
4505,-3.5
4506,-3.5
4507,1.5
4508,7.5
4509,6.5
4510,0.5
4511,2.5
4512,-0.5
4513,-5.5
4514,-7.5
4515,-0.5
4516,-3.5
4517,-0.5
4518,8.5
4519,5.5
4520,6.5
4521,3.5
4522,2.5
4523,-7.5
4524,-7.5
4525,-7.5
4526,1.5
4527,-3.5
4528,10.5
4529,7.5
4530,6.5
4531,6.5
4532,3.5
4533,-5.5
4534,-6.5
4535,-8.5
4536,-4.5
4537,5.5
4538,-0.5
4539,-1.5
4540,6.5
4541,1.5
4542,1.5
4543,-5.5
4544,-8.5
4545,-7.5
4546,-3.5
4547,-0.5
4548,1.5
4549,5.5
4550,6.5
4551,4.5
4552,-0.5
4553,-5.5
4554,-7.5
4555,-5.5
4556,-1.5
4557,-0.5
4558,6.5
4559,6.5
4560,5.5
4561,6.5
4562,2.5
4563,-3.5
4564,-7.5
4565,-7.5
4566,-3.5
4567,-3.5
4568,6.5
4569,4.5
4570,7.5
4571,1.5
4572,2.5
4573,-4.5
4574,-4.5
4575,-3.5
4576,-13.5
4577,-0.5
4578,7.5
4579,7.5
4580,17.5
4581,5.5
4582,10.5
4583,-1.5
4584,-7.5
4585,-3.5
4586,-1.5
4587,-1.5
4588,6.5
4589,7.5
4590,6.5
4591,2.5
4592,-3.5
4593,-4.5
4594,-6.5
4595,-7.5
4596,-1.5
4597,-1.5
4598,5.5
4599,8.5
4600,9.5
4601,-0.5
4602,-0.5
4603,-3.5
4604,-6.5
4605,-5.5
4606,-0.5
4607,2.5
4608,5.5
4609,8.5
4610,6.5
4611,3.5
4612,1.5
4613,-5.5
4614,-5.5
4615,-5.5
4616,-3.5
4617,-0.5
4618,4.5
4619,10.5
4620,129
4621,17.5
4622,14.5
4623,2.5
4624,-6.5
4625,-6.5
4626,-0.5
4627,-1.5
4628,6.5
4629,4.5
4630,4.5
4631,0.5
4632,-3.5
4633,-3.5
4634,5.5
4635,-3.5
4636,-1.5
4637,-0.5
4638,6.5
4639,3.5
4640,4.5
4641,2.5
4642,6.5
4643,-9.5
4644,-0.5
4645,-8.5
4646,0.5
4647,-5.5
4648,1.5
4649,12.5
4650,3.5
4651,2.5
4652,-1.5
4653,-8.5
4654,-6.5
4655,-6.5
4656,-3.5
4657,0.5
4658,3.5
4659,6.5
4660,-0.5
4661,1.5
4662,2.5
4663,-8.5
4664,-7.5
4665,-3.5
4666,-3.5
4667,1.5
4668,12.5
4669,8.5
4670,8.5
4671,2.5
4672,1.5
4673,-4.5
4674,-9.5
4675,-4.5
4676,-6.5
4677,-0.5
4678,8.5
4679,7.5
4680,7.5
4681,4.5
4682,-1.5
4683,-7.5
4684,-5.5
4685,-3.5
4686,-1.5
4687,-3.5
4688,10.5
4689,10.5
4690,6.5
4691,1.5
4692,-0.5
4693,-4.5
4694,-8.5
4695,-6.5
4696,-22.5
4697,-13.5
4698,0.5
4699,9.5
4700,12.5
4701,7.5
4702,-4.5
4703,-5.5
4704,-7.5
4705,-4.5
4706,3.5
4707,-5.5
4708,4.5
4709,20.5
4710,6.5
4711,4.5
4712,-0.5
4713,-1.5
4714,-7.5
4715,-9.5
4716,-1.5
4717,1.5
4718,7.5
4719,6.5
4720,3.5
4721,6.5
4722,0.5
4723,-1.5
4724,-5.5
4725,-4.5
4726,-3.5
4727,1.5
4728,8.5
4729,10.5
4730,10.5
4731,3.5
4732,-7.5
4733,-20.5
4734,-8.5
4735,4.5
4736,7.5
4737,17.5
4738,8.5
4739,8.5
4740,6.5
4741,1.5
4742,-6.5
4743,-5.5
4744,-3.5
4745,-9.5
4746,-1.5
4747,0.5
4748,1.5
4749,9.5
4750,6.5
4751,4.5
4752,-3.5
4753,-5.5
4754,-3.5
4755,-12.5
4756,13.5
4757,4.5
4758,6.5
4759,8.5
4760,5.5
4761,4.5
4762,0.5
4763,-7.5
4764,-8.5
4765,-6.5
4766,-1.5
4767,-3.5
4768,19.5
4769,3.5
4770,6.5
4771,8.5
4772,1.5
4773,-4.5
4774,-4.5
4775,-3.5
4776,-3.5
4777,0.5
4778,10.5
4779,8.5
4780,2.5
4781,19.5
4782,0.5
4783,-5.5
4784,-3.5
4785,-14.5
4786,2.5
4787,2.5
4788,5.5
4789,7.5
4790,40.5
4791,6.5
4792,2.5
4793,-5.5
4794,-4.5
4795,-15.5
4796,-4.5
4797,1.5
4798,7.5
4799,22.5
4800,13.5
4801,6.5
4802,-1.5
4803,-6.5
4804,-8.5
4805,-7.5
4806,-12.5
4807,0.5
4808,17.5
4809,13.5
4810,4.5
4811,6.5
4812,2.5
4813,-6.5
4814,-7.5
4815,-8.5
4816,-8.5
4817,0.5
4818,7.5
4819,10.5
4820,6.5
4821,2.5
4822,-5.5
4823,-4.5
4824,-9.5
4825,-3.5
4826,-1.5
4827,2.5
4828,10.5
4829,12.5
4830,2.5
4831,2.5
4832,12.5
4833,-1.5
4834,-13.5
4835,-4.5
4836,-5.5
4837,0.5
4838,6.5
4839,10.5
4840,6.5
4841,-9.5
4842,1.5
4843,-7.5
4844,-6.5
4845,-13.5
4846,-1.5
4847,-1.5
4848,10.5
4849,10.5
4850,-15.5
4851,6.5
4852,0.5
4853,-4.5
4854,-7.5
4855,-13.5
4856,-3.5
4857,19.5
4858,6.5
4859,6.5
4860,-24.5
4861,6.5
4862,6.5
4863,-4.5
4864,-8.5
4865,-4.5
4866,-1.5
4867,4.5
4868,8.5
4869,7.5
4870,6.5
4871,-0.5
4872,-1.5
4873,-11.5
4874,-10.5
4875,-7.5
4876,-6.5
4877,-3.5
4878,0.5
4879,20.5
4880,8.5
4881,4.5
4882,-0.5
4883,-5.5
4884,-13.5
4885,-8.5
4886,7.5
4887,0.5
4888,6.5
4889,6.5
4890,6.5
4891,2.5
4892,1.5
4893,-4.5
4894,-8.5
4895,-11.5
4896,-0.5
4897,-0.5
4898,9.5
4899,8.5
4900,8.5
4901,12.5
4902,-0.5
4903,-1.5
4904,-8.5
4905,-14.5
4906,-3.5
4907,-1.5
4908,6.5
4909,7.5
4910,15.5
4911,8.5
4912,-4.5
4913,-1.5
4914,-10.5
4915,15.5
4916,-3.5
4917,-0.5
4918,4.5
4919,6.5
4920,19.5
4921,1.5
4922,-14.5
4923,-0.5
4924,-9.5
4925,-10.5
4926,-3.5
4927,3.5
4928,4.5
4929,7.5
4930,7.5
4931,-3.5
4932,-24.5
4933,-4.5
4934,-11.5
4935,-7.5
4936,-6.5
4937,-3.5
4938,2.5
4939,6.5
4940,5.5
4941,1.5
4942,-0.5
4943,-3.5
4944,-8.5
4945,-4.5
4946,-3.5
4947,1.5
4948,5.5
4949,12.5
4950,6.5
4951,4.5
4952,0.5
4953,-3.5
4954,-10.5
4955,-8.5
4956,-3.5
4957,-1.5
4958,4.5
4959,10.5
4960,6.5
4961,5.5
4962,1.5
4963,-5.5
4964,-14.5
4965,-12.5
4966,-3.5
4967,-0.5
4968,6.5
4969,9.5
4970,7.5
4971,1.5
4972,0.5
4973,-7.5
4974,-13.5
4975,-8.5
4976,-5.5
4977,0.5
4978,4.5
4979,12.5
4980,5.5
4981,3.5
4982,2.5
4983,-1.5
4984,-7.5
4985,15.5
4986,-5.5
4987,-1.5
4988,4.5
4989,2.5
4990,15.5
4991,5.5
4992,4.5
4993,-1.5
4994,-7.5
4995,-5.5
4996,-3.5
4997,-1.5
4998,4.5
4999,10.5
5000,9.5
5001,4.5
5002,2.5
5003,-5.5
5004,-12.5
5005,-3.5
5006,-4.5
5007,0.5
5008,1.5
5009,12.5
5010,8.5
5011,5.5
5012,3.5
5013,-1.5
5014,-6.5
5015,-3.5
5016,-1.5
5017,1.5
5018,2.5
5019,3.5
5020,3.5
5021,4.5
5022,1.5
5023,-8.5
5024,-7.5
5025,-6.5
5026,-11.5
5027,0.5
5028,5.5
5029,9.5
5030,5.5
5031,4.5
5032,-0.5
5033,-3.5
5034,-8.5
5035,-6.5
5036,-4.5
5037,-0.5
5038,4.5
5039,10.5
5040,6.5
5041,10.5
5042,1.5
5043,-3.5
5044,-10.5
5045,-6.5
5046,-3.5
5047,0.5
5048,4.5
5049,7.5
5050,2.5
5051,2.5
5052,1.5
5053,-3.5
5054,-9.5
5055,-5.5
5056,-3.5
5057,0.5
5058,6.5
5059,8.5
5060,6.5
5061,4.5
5062,0.5
5063,-3.5
5064,-6.5
5065,-6.5
5066,-3.5
5067,0.5
5068,4.5
5069,9.5
5070,6.5
5071,5.5
5072,1.5
5073,-3.5
5074,-7.5
5075,-4.5
5076,-4.5
5077,-0.5
5078,6.5
5079,10.5
5080,6.5
5081,2.5
5082,1.5
5083,-4.5
5084,-8.5
5085,-5.5
5086,-3.5
5087,-0.5
5088,3.5
5089,9.5
5090,6.5
5091,3.5
5092,-0.5
5093,-6.5
5094,-8.5
5095,-4.5
5096,-3.5
5097,-0.5
5098,4.5
5099,8.5
5100,7.5
5101,1.5
5102,1.5
5103,-3.5
5104,-6.5
5105,-3.5
5106,-3.5
5107,-0.5
5108,6.5
5109,9.5
5110,-0.5
5111,4.5
5112,-6.5
5113,-7.5
5114,-6.5
5115,-7.5
5116,-1.5
5117,-0.5
5118,1.5
5119,8.5
5120,5.5
5121,4.5
5122,2.5
5123,-4.5
5124,-8.5
5125,-6.5
5126,-4.5
5127,-0.5
5128,5.5
5129,13.5
5130,5.5
5131,2.5
5132,1.5
5133,-5.5
5134,-8.5
5135,-5.5
5136,-3.5
5137,-0.5
5138,4.5
5139,12.5
5140,6.5
5141,3.5
5142,2.5
5143,-4.5
5144,-5.5
5145,-8.5
5146,-1.5
5147,0.5
5148,3.5
5149,6.5
5150,6.5
5151,1.5
5152,0.5
5153,-4.5
5154,-7.5
5155,-8.5
5156,-3.5
5157,0.5
5158,4.5
5159,9.5
5160,5.5
5161,4.5
5162,-0.5
5163,21.5
5164,-7.5
5165,-15.5
5166,-1.5
5167,-1.5
5168,4.5
5169,7.5
5170,1.5
5171,-0.5
5172,0.5
5173,-3.5
5174,-5.5
5175,-7.5
5176,-1.5
5177,-0.5
5178,3.5
5179,9.5
5180,6.5
5181,3.5
5182,1.5
5183,-3.5
5184,-8.5
5185,-6.5
5186,-4.5
5187,-0.5
5188,5.5
5189,6.5
5190,6.5
5191,1.5
5192,-1.5
5193,-3.5
5194,-8.5
5195,-6.5
5196,-3.5
5197,-0.5
5198,5.5
5199,5.5
5200,5.5
5201,2.5
5202,2.5
5203,-3.5
5204,-8.5
5205,-7.5
5206,6.5
5207,-0.5
5208,4.5
5209,6.5
5210,7.5
5211,4.5
5212,5.5
5213,-4.5
5214,-7.5
5215,-6.5
5216,-10.5
5217,-0.5
5218,5.5
5219,13.5
5220,5.5
5221,2.5
5222,-0.5
5223,-4.5
5224,-8.5
5225,-13.5
5226,-3.5
5227,-1.5
5228,2.5
5229,10.5
5230,4.5
5231,2.5
5232,1.5
5233,-1.5
5234,-4.5
5235,-7.5
5236,-3.5
5237,0.5
5238,3.5
5239,6.5
5240,12.5
5241,8.5
5242,1.5
5243,-3.5
5244,-3.5
5245,-5.5
5246,-3.5
5247,0.5
5248,-0.5
5249,9.5
5250,10.5
5251,6.5
5252,-0.5
5253,-3.5
5254,-5.5
5255,-8.5
5256,-5.5
5257,-0.5
5258,3.5
5259,6.5
5260,6.5
5261,4.5
5262,0.5
5263,0.5
5264,-7.5
5265,-1.5
5266,-3.5
5267,1.5
5268,3.5
5269,8.5
5270,6.5
5271,2.5
5272,0.5
5273,-0.5
5274,-7.5
5275,-7.5
5276,-3.5
5277,0.5
5278,4.5
5279,6.5
5280,8.5
5281,1.5
5282,-0.5
5283,-3.5
5284,-6.5
5285,-5.5
5286,-3.5
5287,-0.5
5288,2.5
5289,6.5
5290,9.5
5291,4.5
5292,-0.5
5293,-1.5
5294,-8.5
5295,-7.5
5296,-3.5
5297,-1.5
5298,4.5
5299,9.5
5300,6.5
5301,1.5
5302,-0.5
5303,-1.5
5304,-8.5
5305,-7.5
5306,-3.5
5307,-0.5
5308,4.5
5309,7.5
5310,5.5
5311,0.5
5312,2.5
5313,-3.5
5314,-8.5
5315,-6.5
5316,-3.5
5317,-0.5
5318,2.5
5319,7.5
5320,7.5
5321,3.5
5322,0.5
5323,-1.5
5324,-8.5
5325,-8.5
5326,-4.5
5327,2.5
5328,2.5
5329,6.5
5330,6.5
5331,1.5
5332,1.5
5333,-1.5
5334,-1.5
5335,-5.5
5336,-12.5
5337,6.5
5338,2.5
5339,6.5
5340,8.5
5341,3.5
5342,-0.5
5343,-0.5
5344,-7.5
5345,-5.5
5346,-6.5
5347,-1.5
5348,4.5
5349,6.5
5350,6.5
5351,2.5
5352,0.5
5353,-1.5
5354,-7.5
5355,-4.5
5356,-3.5
5357,-0.5
5358,0.5
5359,6.5
5360,11.5
5361,7.5
5362,-1.5
5363,-1.5
5364,-8.5
5365,-7.5
5366,-3.5
5367,1.5
5368,3.5
5369,10.5
5370,6.5
5371,1.5
5372,-0.5
5373,0.5
5374,-5.5
5375,-5.5
5376,-3.5
5377,0.5
5378,3.5
5379,6.5
5380,6.5
5381,3.5
5382,1.5
5383,0.5
5384,-6.5
5385,-7.5
5386,-3.5
5387,-1.5
5388,4.5
5389,7.5
5390,5.5
5391,1.5
5392,-3.5
5393,-1.5
5394,-5.5
5395,-7.5
5396,-5.5
5397,-1.5
5398,1.5
5399,4.5
5400,7.5
5401,2.5
5402,-0.5
5403,0.5
5404,-3.5
5405,-7.5
5406,-8.5
5407,-1.5
5408,4.5
5409,14.5
5410,2.5
5411,0.5
5412,-3.5
5413,-1.5
5414,-6.5
5415,-7.5
5416,-1.5
5417,2.5
5418,1.5
5419,8.5
5420,-12.5
5421,8.5
5422,-1.5
5423,2.5
5424,-6.5
5425,-5.5
5426,-4.5
5427,-7.5
5428,1.5
5429,1.5
5430,6.5
5431,3.5
5432,-1.5
5433,1.5
5434,-6.5
5435,-6.5
5436,-1.5
5437,1.5
5438,-0.5
5439,6.5
5440,4.5
5441,4.5
5442,0.5
5443,-1.5
5444,-3.5
5445,-6.5
5446,-3.5
5447,4.5
5448,-0.5
5449,1.5
5450,4.5
5451,2.5
5452,-1.5
5453,0.5
5454,-7.5
5455,-7.5
5456,-0.5
5457,-0.5
5458,3.5
5459,3.5
5460,4.5
5461,3.5
5462,-3.5
5463,-1.5
5464,-5.5
5465,-8.5
5466,-4.5
5467,-3.5
5468,-0.5
5469,2.5
5470,7.5
5471,7.5
5472,2.5
5473,-5.5
5474,-7.5
5475,-18.5
5476,-3.5
5477,-3.5
5478,2.5
5479,6.5
5480,3.5
5481,-0.5
5482,-8.5
5483,-3.5
5484,-6.5
5485,1.5
5486,4.5
5487,0.5
5488,2.5
5489,8.5
5490,4.5
5491,3.5
5492,-1.5
5493,-3.5
5494,-4.5
5495,-5.5
5496,-5.5
5497,0.5
5498,4.5
5499,12.5
5500,9.5
5501,1.5
5502,0.5
5503,-1.5
5504,-5.5
5505,-3.5
5506,-1.5
5507,-1.5
5508,-1.5
5509,4.5
5510,6.5
5511,6.5
5512,-1.5
5513,-3.5
5514,-8.5
5515,-4.5
5516,-0.5
5517,6.5
5518,2.5
5519,6.5
5520,6.5
5521,1.5
5522,-0.5
5523,-0.5
5524,-3.5
5525,-3.5
5526,-1.5
5527,0.5
5528,-0.5
5529,6.5
5530,6.5
5531,7.5
5532,0.5
5533,-1.5
5534,-6.5
5535,-8.5
5536,3.5
5537,0.5
5538,1.5
5539,6.5
5540,6.5
5541,-1.5
5542,2.5
5543,-0.5
5544,-3.5
5545,-7.5
5546,-3.5
5547,1.5
5548,1.5
5549,6.5
5550,5.5
5551,10.5
5552,-3.5
5553,-0.5
5554,-6.5
5555,-4.5
5556,-1.5
5557,-1.5
5558,2.5
5559,6.5
5560,7.5
5561,2.5
5562,2.5
5563,-0.5
5564,-7.5
5565,-8.5
5566,-3.5
5567,3.5
5568,2.5
5569,6.5
5570,6.5
5571,3.5
5572,3.5
5573,-0.5
5574,-7.5
5575,-6.5
5576,-3.5
5577,-3.5
5578,3.5
5579,8.5
5580,6.5
5581,4.5
5582,-4.5
5583,-1.5
5584,-6.5
5585,-5.5
5586,-3.5
5587,-1.5
5588,1.5
5589,6.5
5590,5.5
5591,3.5
5592,2.5
5593,0.5
5594,-5.5
5595,-7.5
5596,-3.5
5597,1.5
5598,3.5
5599,12.5
5600,3.5
5601,4.5
5602,-1.5
5603,-0.5
5604,-0.5
5605,2.5
5606,-1.5
5607,-5.5
5608,2.5
5609,7.5
5610,13.5
5611,6.5
5612,1.5
5613,-1.5
5614,-5.5
5615,-5.5
5616,-1.5
5617,-3.5
5618,2.5
5619,7.5
5620,5.5
5621,4.5
5622,1.5
5623,-0.5
5624,-5.5
5625,-6.5
5626,-3.5
5627,-1.5
5628,3.5
5629,6.5
5630,6.5
5631,1.5
5632,1.5
5633,-1.5
5634,-6.5
5635,-6.5
5636,-4.5
5637,1.5
5638,1.5
5639,6.5
5640,-107
5641,6.5
5642,21.5
5643,6.5
5644,0.5
5645,-135
5646,-5.5
5647,-3.5
5648,2.5
5649,2.5
5650,3.5
5651,4.5
5652,7.5
5653,2.5
5654,-5.5
5655,-3.5
5656,-1.5
5657,0.5
5658,2.5
5659,6.5
5660,-0.5
5661,9.5
5662,6.5
5663,-0.5
5664,-1.5
5665,6.5
5666,0.5
5667,-3.5
5668,4.5
5669,4.5
5670,6.5
5671,8.5
5672,0.5
5673,-3.5
5674,-6.5
5675,-3.5
5676,-3.5
5677,-3.5
5678,2.5
5679,17.5
5680,5.5
5681,17.5
5682,4.5
5683,-3.5
5684,-4.5
5685,-7.5
5686,-5.5
5687,-1.5
5688,2.5
5689,4.5
5690,6.5
5691,1.5
5692,-3.5
5693,3.5
5694,-9.5
5695,-5.5
5696,-1.5
5697,14.5
5698,2.5
5699,10.5
5700,0.5
5701,4.5
5702,-1.5
5703,1.5
5704,7.5
5705,-4.5
5706,1.5
5707,0.5
5708,2.5
5709,5.5
5710,9.5
5711,-3.5
5712,0.5
5713,2.5
5714,-11.5
5715,-3.5
5716,1.5
5717,-1.5
5718,4.5
5719,7.5
5720,4.5
5721,-22.5
5722,-9.5
5723,0.5
5724,2.5
5725,1.5
5726,7.5
5727,-3.5
5728,2.5
5729,5.5
5730,-0.5
5731,-3.5
5732,-0.5
5733,-1.5
5734,-8.5
5735,32.5
5736,-1.5
5737,0.5
5738,4.5
5739,11.5
5740,-15.5
5741,17.5
5742,-9.5
5743,-1.5
5744,-9.5
5745,-7.5
5746,-0.5
5747,-5.5
5748,3.5
5749,9.5
5750,1.5
5751,1.5
5752,22.5
5753,-0.5
5754,-7.5
5755,-4.5
5756,0.5
5757,-3.5
5758,6.5
5759,4.5
5760,1.5
5761,6.5
5762,-4.5
5763,-5.5
5764,-10.5
5765,-3.5
5766,1.5
5767,6.5
5768,0.5
5769,3.5
5770,4.5
5771,2.5
5772,-3.5
5773,0.5
5774,-7.5
5775,-4.5
5776,2.5
5777,-3.5
5778,8.5
5779,3.5
5780,4.5
5781,-1.5
5782,4.5
5783,-1.5
5784,-6.5
5785,-9.5
5786,12.5
5787,-8.5
5788,2.5
5789,14.5
5790,6.5
5791,0.5
5792,1.5
5793,-3.5
5794,-11.5
5795,2.5
5796,0.5
5797,2.5
5798,13.5
5799,5.5
5800,17.5
5801,7.5
5802,2.5
5803,-3.5
5804,-8.5
5805,-8.5
5806,-0.5
5807,2.5
5808,5.5
5809,6.5
5810,1.5
5811,-3.5
5812,1.5
5813,0.5
5814,-0.5
5815,-6.5
5816,-1.5
5817,-0.5
5818,0.5
5819,5.5
5820,6.5
5821,2.5
5822,5.5
5823,0.5
5824,-8.5
5825,-7.5
5826,-3.5
5827,-0.5
5828,2.5
5829,6.5
5830,3.5
5831,1.5
5832,-3.5
5833,0.5
5834,-3.5
5835,-5.5
5836,0.5
5837,-3.5
5838,1.5
5839,8.5
5840,7.5
5841,1.5
5842,4.5
5843,-3.5
5844,-5.5
5845,-6.5
5846,-3.5
5847,-0.5
5848,-8.5
5849,4.5
5850,5.5
5851,6.5
5852,-1.5
5853,-1.5
5854,-4.5
5855,-3.5
5856,3.5
5857,-3.5
5858,2.5
5859,6.5
5860,7.5
5861,-9.5
5862,-0.5
5863,0.5
5864,-3.5
5865,-11.5
5866,-3.5
5867,-0.5
5868,2.5
5869,10.5
5870,25.5
5871,8.5
5872,1.5
5873,-1.5
5874,-8.5
5875,-13.5
5876,-0.5
5877,-12.5
5878,4.5
5879,-5.5
5880,8.5
5881,6.5
5882,6.5
5883,-3.5
5884,-8.5
5885,-6.5
5886,1.5
5887,-24.5
5888,-4.5
5889,-9.5
5890,8.5
5891,6.5
5892,-1.5
5893,-0.5
5894,-5.5
5895,-7.5
5896,-0.5
5897,-3.5
5898,6.5
5899,7.5
5900,6.5
5901,4.5
5902,6.5
5903,-3.5
5904,-26.5
5905,-5.5
5906,-8.5
5907,-0.5
5908,0.5
5909,7.5
5910,7.5
5911,4.5
5912,11.5
5913,-4.5
5914,-3.5
5915,-10.5
5916,17.5
5917,-0.5
5918,1.5
5919,8.5
5920,5.5
5921,0.5
5922,4.5
5923,-3.5
5924,-8.5
5925,-6.5
5926,13.5
5927,-3.5
5928,0.5
5929,6.5
5930,8.5
5931,-20.5
5932,-1.5
5933,4.5
5934,-8.5
5935,-18.5
5936,1.5
5937,-3.5
5938,-0.5
5939,4.5
5940,-24.5
5941,-85
5942,-5.5
5943,2.5
5944,-3.5
5945,7.5
5946,-3.5
5947,-7.5
5948,6.5
5949,13.5
5950,8.5
5951,2.5
5952,1.5
5953,-0.5
5954,-12.5
5955,-10.5
5956,1.5
5957,-4.5
5958,4.5
5959,9.5
5960,6.5
5961,7.5
5962,1.5
5963,1.5
5964,-4.5
5965,-9.5
5966,-5.5
5967,-20.5
5968,4.5
5969,4.5
5970,3.5
5971,4.5
5972,3.5
5973,4.5
5974,-7.5
5975,-4.5
5976,6.5
5977,-3.5
5978,0.5
5979,9.5
5980,10.5
5981,3.5
5982,5.5
5983,2.5
5984,-5.5
5985,-6.5
5986,9.5
5987,0.5
5988,2.5
5989,3.5
5990,6.5
5991,6.5
5992,0.5
5993,-0.5
5994,-3.5
5995,-7.5
5996,-18.5
5997,-1.5
5998,4.5
5999,7.5
6000,8.5
6001,-3.5
6002,-3.5
6003,-1.5
6004,10.5
6005,-1.5
6006,-3.5
6007,-0.5
6008,1.5
6009,5.5
6010,8.5
6011,2.5
6012,3.5
6013,-3.5
6014,-5.5
6015,-6.5
6016,-0.5
6017,2.5
6018,3.5
6019,10.5
6020,3.5
6021,0.5
6022,-0.5
6023,-3.5
6024,-3.5
6025,-6.5
6026,0.5
6027,-1.5
6028,1.5
6029,8.5
6030,3.5
6031,-0.5
6032,1.5
6033,-0.5
6034,-4.5
6035,-8.5
6036,-1.5
6037,0.5
6038,1.5
6039,6.5
6040,8.5
6041,6.5
6042,1.5
6043,-6.5
6044,-12.5
6045,-8.5
6046,-14.5
6047,5.5
6048,5.5
6049,7.5
6050,9.5
6051,-0.5
6052,2.5
6053,-1.5
6054,-3.5
6055,-6.5
6056,5.5
6057,6.5
6058,1.5
6059,4.5
6060,6.5
6061,5.5
6062,4.5
6063,-0.5
6064,-10.5
6065,-7.5
6066,-6.5
6067,3.5
6068,1.5
6069,5.5
6070,6.5
6071,17.5
6072,6.5
6073,-3.5
6074,-8.5
6075,-1.5
6076,-6.5
6077,-1.5
6078,3.5
6079,1.5
6080,-9.5
6081,10.5
6082,0.5
6083,-3.5
6084,-7.5
6085,17.5
6086,-1.5
6087,-3.5
6088,1.5
6089,2.5
6090,17.5
6091,-0.5
6092,2.5
6093,-0.5
6094,-9.5
6095,-6.5
6096,3.5
6097,4.5
6098,-0.5
6099,-0.5
6100,9.5
6101,2.5
6102,13.5
6103,-1.5
6104,-8.5
6105,-7.5
6106,-4.5
6107,0.5
6108,4.5
6109,10.5
6110,7.5
6111,-1.5
6112,0.5
6113,-4.5
6114,-7.5
6115,-10.5
6116,-0.5
6117,-6.5
6118,4.5
6119,7.5
6120,7.5
6121,6.5
6122,2.5
6123,-0.5
6124,-6.5
6125,-5.5
6126,-8.5
6127,-3.5
6128,4.5
6129,1.5
6130,8.5
6131,-3.5
6132,-1.5
6133,-6.5
6134,-5.5
6135,-7.5
6136,-10.5
6137,2.5
6138,5.5
6139,3.5
6140,10.5
6141,10.5
6142,-0.5
6143,-1.5
6144,-7.5
6145,-3.5
6146,9.5
6147,-7.5
6148,-3.5
6149,4.5
6150,-1.5
6151,10.5
6152,0.5
6153,-4.5
6154,-9.5
6155,-22.5
6156,-10.5
6157,-4.5
6158,-7.5
6159,7.5
6160,6.5
6161,2.5
6162,3.5
6163,-5.5
6164,-6.5
6165,-6.5
6166,-6.5
6167,0.5
6168,-1.5
6169,3.5
6170,8.5
6171,-1.5
6172,-1.5
6173,-1.5
6174,-5.5
6175,-10.5
6176,-0.5
6177,11.5
6178,-0.5
6179,8.5
6180,8.5
6181,1.5
6182,2.5
6183,-4.5
6184,-7.5
6185,-8.5
6186,-3.5
6187,1.5
6188,13.5
6189,6.5
6190,5.5
6191,-1.5
6192,0.5
6193,-3.5
6194,-8.5
6195,-7.5
6196,8.5
6197,-0.5
6198,6.5
6199,5.5
6200,6.5
6201,0.5
6202,1.5
6203,0.5
6204,-9.5
6205,-10.5
6206,-0.5
6207,1.5
6208,2.5
6209,10.5
6210,5.5
6211,6.5
6212,3.5
6213,-0.5
6214,-12.5
6215,-4.5
6216,3.5
6217,-1.5
6218,2.5
6219,-7.5
6220,6.5
6221,12.5
6222,4.5
6223,-1.5
6224,3.5
6225,-12.5
6226,-1.5
6227,-0.5
6228,-3.5
6229,9.5
6230,-1.5
6231,-29.5
6232,4.5
6233,-3.5
6234,3.5
6235,19.5
6236,-0.5
6237,-0.5
6238,1.5
6239,7.5
6240,-8.5
6241,-0.5
6242,-0.5
6243,-1.5
6244,-6.5
6245,-8.5
6246,-0.5
6247,-11.5
6248,3.5
6249,7.5
6250,9.5
6251,-5.5
6252,3.5
6253,-3.5
6254,-8.5
6255,-6.5
6256,-3.5
6257,0.5
6258,5.5
6259,7.5
6260,4.5
6261,-5.5
6262,2.5
6263,-3.5
6264,-4.5
6265,-8.5
6266,3.5
6267,-1.5
6268,5.5
6269,12.5
6270,8.5
6271,0.5
6272,0.5
6273,3.5
6274,-6.5
6275,-8.5
6276,12.5
6277,0.5
6278,4.5
6279,5.5
6280,8.5
6281,7.5
6282,4.5
6283,3.5
6284,-6.5
6285,-6.5
6286,15.5
6287,1.5
6288,2.5
6289,8.5
6290,6.5
6291,-0.5
6292,3.5
6293,0.5
6294,-3.5
6295,-10.5
6296,-4.5
6297,-1.5
6298,0.5
6299,6.5
6300,7.5
6301,-30.5
6302,-3.5
6303,-3.5
6304,-4.5
6305,-14.5
6306,-3.5
6307,-1.5
6308,2.5
6309,4.5
6310,6.5
6311,3.5
6312,2.5
6313,0.5
6314,-3.5
6315,14.5
6316,-7.5
6317,-7.5
6318,2.5
6319,1.5
6320,9.5
6321,0.5
6322,0.5
6323,1.5
6324,-6.5
6325,-7.5
6326,-4.5
6327,-3.5
6328,1.5
6329,6.5
6330,10.5
6331,3.5
6332,2.5
6333,-3.5
6334,-9.5
6335,-7.5
6336,-3.5
6337,0.5
6338,5.5
6339,10.5
6340,7.5
6341,6.5
6342,2.5
6343,-1.5
6344,-10.5
6345,-7.5
6346,2.5
6347,3.5
6348,-0.5
6349,10.5
6350,7.5
6351,6.5
6352,0.5
6353,-7.5
6354,-9.5
6355,-6.5
6356,4.5
6357,20.5
6358,2.5
6359,8.5
6360,10.5
6361,10.5
6362,1.5
6363,-18.5
6364,3.5
6365,-8.5
6366,-4.5
6367,-0.5
6368,1.5
6369,6.5
6370,6.5
6371,20.5
6372,6.5
6373,-1.5
6374,-10.5
6375,-8.5
6376,-4.5
6377,-3.5
6378,4.5
6379,8.5
6380,2.5
6381,6.5
6382,-1.5
6383,0.5
6384,-4.5
6385,-4.5
6386,1.5
6387,-1.5
6388,2.5
6389,7.5
6390,17.5
6391,6.5
6392,19.5
6393,-5.5
6394,-5.5
6395,-26.5
6396,-4.5
6397,-1.5
6398,2.5
6399,4.5
6400,6.5
6401,6.5
6402,0.5
6403,1.5
6404,-3.5
6405,-6.5
6406,-1.5
6407,1.5
6408,6.5
6409,6.5
6410,6.5
6411,6.5
6412,3.5
6413,-4.5
6414,-6.5
6415,-6.5
6416,-4.5
6417,1.5
6418,4.5
6419,8.5
6420,7.5
6421,1.5
6422,0.5
6423,-4.5
6424,-8.5
6425,-7.5
6426,1.5
6427,-1.5
6428,4.5
6429,9.5
6430,5.5
6431,4.5
6432,2.5
6433,-3.5
6434,-6.5
6435,-9.5
6436,-1.5
6437,2.5
6438,6.5
6439,5.5
6440,7.5
6441,5.5
6442,3.5
6443,-5.5
6444,-5.5
6445,-6.5
6446,-5.5
6447,19.5
6448,-1.5
6449,6.5
6450,8.5
6451,12.5
6452,2.5
6453,-3.5
6454,-6.5
6455,-7.5
6456,-4.5
6457,-16.5
6458,5.5
6459,6.5
6460,12.5
6461,4.5
6462,1.5
6463,-0.5
6464,-1.5
6465,6.5
6466,-3.5
6467,1.5
6468,9.5
6469,4.5
6470,21.5
6471,3.5
6472,1.5
6473,-1.5
6474,-7.5
6475,19.5
6476,-3.5
6477,-3.5
6478,6.5
6479,13.5
6480,0.5
6481,1.5
6482,0.5
6483,-0.5
6484,-10.5
6485,-7.5
6486,-1.5
6487,-3.5
6488,1.5
6489,4.5
6490,6.5
6491,3.5
6492,-1.5
6493,-3.5
6494,-35.5
6495,-7.5
6496,-15.5
6497,-0.5
6498,-3.5
6499,6.5
6500,3.5
6501,10.5
6502,3.5
6503,0.5
6504,-7.5
6505,-4.5
6506,1.5
6507,-1.5
6508,-20.5
6509,5.5
6510,7.5
6511,8.5
6512,-0.5
6513,0.5
6514,-5.5
6515,-8.5
6516,-3.5
6517,-3.5
6518,2.5
6519,7.5
6520,4.5
6521,17.5
6522,2.5
6523,-0.5
6524,-1.5
6525,-4.5
6526,1.5
6527,-3.5
6528,1.5
6529,8.5
6530,4.5
6531,20.5
6532,-0.5
6533,0.5
6534,-5.5
6535,-11.5
6536,-4.5
6537,-4.5
6538,6.5
6539,1.5
6540,23.5
6541,12.5
6542,3.5
6543,-0.5
6544,-3.5
6545,-12.5
6546,-7.5
6547,-4.5
6548,1.5
6549,3.5
6550,-0.5
6551,8.5
6552,0.5
6553,0.5
6554,-5.5
6555,7.5
6556,-7.5
6557,4.5
6558,2.5
6559,6.5
6560,5.5
6561,6.5
6562,0.5
6563,-0.5
6564,-4.5
6565,-5.5
6566,-5.5
6567,-0.5
6568,1.5
6569,4.5
6570,5.5
6571,4.5
6572,2.5
6573,-1.5
6574,-7.5
6575,-7.5
6576,-5.5
6577,-1.5
6578,1.5
6579,6.5
6580,9.5
6581,3.5
6582,-0.5
6583,1.5
6584,5.5
6585,-7.5
6586,-7.5
6587,-3.5
6588,-0.5
6589,3.5
6590,6.5
6591,6.5
6592,4.5
6593,-1.5
6594,-6.5
6595,-4.5
6596,-4.5
6597,-0.5
6598,5.5
6599,7.5
6600,4.5
6601,6.5
6602,2.5
6603,-0.5
6604,-9.5
6605,-7.5
6606,-4.5
6607,-3.5
6608,1.5
6609,10.5
6610,8.5
6611,12.5
6612,12.5
6613,10.5
6614,12.5
6615,-0.5
6616,0.5
6617,-3.5
6618,4.5
6619,6.5
6620,0.5
6621,-1.5
6622,-4.5
6623,-1.5
6624,-1.5
6625,26.5
6626,-0.5
6627,-1.5
6628,3.5
6629,3.5
6630,4.5
6631,36.5
6632,-3.5
6633,-0.5
6634,-4.5
6635,-4.5
6636,-15.5
6637,0.5
6638,-1.5
6639,6.5
6640,4.5
6641,5.5
6642,1.5
6643,-13.5
6644,-3.5
6645,-6.5
6646,6.5
6647,-0.5
6648,-1.5
6649,7.5
6650,6.5
6651,2.5
6652,-0.5
6653,-0.5
6654,0.5
6655,-5.5
6656,-6.5
6657,-6.5
6658,-0.5
6659,6.5
6660,7.5
6661,1.5
6662,2.5
6663,-1.5
6664,-4.5
6665,-5.5
6666,-5.5
6667,2.5
6668,3.5
6669,10.5
6670,4.5
6671,4.5
6672,0.5
6673,-3.5
6674,-5.5
6675,-12.5
6676,-0.5
6677,1.5
6678,-25.5
6679,7.5
6680,9.5
6681,3.5
6682,24.5
6683,-0.5
6684,-3.5
6685,-8.5
6686,-11.5
6687,-1.5
6688,-0.5
6689,7.5
6690,-19.5
6691,27.5
6692,-1.5
6693,-5.5
6694,-0.5
6695,-5.5
6696,-3.5
6697,0.5
6698,1.5
6699,6.5
6700,3.5
6701,1.5
6702,-0.5
6703,-0.5
6704,-7.5
6705,-11.5
6706,5.5
6707,2.5
6708,-3.5
6709,4.5
6710,-8.5
6711,-1.5
6712,2.5
6713,-3.5
6714,-3.5
6715,-23.5
6716,-6.5
6717,7.5
6718,-16.5
6719,4.5
6720,13.5
6721,4.5
6722,4.5
6723,-1.5
6724,-5.5
6725,-18.5
6726,-13.5
6727,6.5
6728,1.5
6729,-13.5
6730,-0.5
6731,4.5
6732,7.5
6733,9.5
6734,-1.5
6735,-4.5
6736,-4.5
6737,-1.5
6738,2.5
6739,3.5
6740,4.5
6741,4.5
6742,-0.5
6743,-1.5
6744,-4.5
6745,-3.5
6746,-5.5
6747,-1.5
6748,1.5
6749,-8.5
6750,6.5
6751,17.5
6752,2.5
6753,4.5
6754,-11.5
6755,-5.5
6756,-3.5
6757,-1.5
6758,1.5
6759,-7.5
6760,5.5
6761,-7.5
6762,6.5
6763,-1.5
6764,-11.5
6765,-9.5
6766,-8.5
6767,-3.5
6768,0.5
6769,6.5
6770,9.5
6771,3.5
6772,4.5
6773,-0.5
6774,-31.5
6775,-8.5
6776,-7.5
6777,-3.5
6778,-1.5
6779,5.5
6780,14.5
6781,7.5
6782,0.5
6783,-3.5
6784,-12.5
6785,-7.5
6786,-9.5
6787,-5.5
6788,-0.5
6789,6.5
6790,21.5
6791,7.5
6792,4.5
6793,0.5
6794,-4.5
6795,-7.5
6796,-5.5
6797,-3.5
6798,0.5
6799,5.5
6800,15.5
6801,3.5
6802,4.5
6803,-1.5
6804,-3.5
6805,-7.5
6806,-16.5
6807,2.5
6808,0.5
6809,9.5
6810,6.5
6811,0.5
6812,0.5
6813,2.5
6814,-9.5
6815,-5.5
6816,-22.5
6817,0.5
6818,-6.5
6819,4.5
6820,5.5
6821,4.5
6822,-0.5
6823,-4.5
6824,-3.5
6825,-7.5
6826,-1.5
6827,-3.5
6828,1.5
6829,6.5
6830,6.5
6831,2.5
6832,4.5
6833,14.5
6834,-3.5
6835,-5.5
6836,0.5
6837,1.5
6838,-1.5
6839,10.5
6840,4.5
6841,4.5
6842,-8.5
6843,2.5
6844,-4.5
6845,-7.5
6846,0.5
6847,0.5
6848,-0.5
6849,2.5
6850,6.5
6851,7.5
6852,-13.5
6853,-1.5
6854,-14.5
6855,-5.5
6856,-7.5
6857,-3.5
6858,-1.5
6859,7.5
6860,5.5
6861,0.5
6862,0.5
6863,-1.5
6864,-5.5
6865,-7.5
6866,-3.5
6867,-0.5
6868,-0.5
6869,7.5
6870,12.5
6871,1.5
6872,4.5
6873,-1.5
6874,-6.5
6875,-7.5
6876,-8.5
6877,-3.5
6878,-1.5
6879,7.5
6880,-10.5
6881,8.5
6882,-0.5
6883,-0.5
6884,-6.5
6885,-5.5
6886,-6.5
6887,-0.5
6888,-0.5
6889,0.5
6890,6.5
6891,0.5
6892,2.5
6893,2.5
6894,-8.5
6895,-8.5
6896,26.5
6897,-6.5
6898,-7.5
6899,2.5
6900,8.5
6901,-7.5
6902,4.5
6903,0.5
6904,-3.5
6905,-4.5
6906,-6.5
6907,-3.5
6908,-1.5
6909,-11.5
6910,8.5
6911,-11.5
6912,2.5
6913,4.5
6914,-3.5
6915,-6.5
6916,-9.5
6917,-1.5
6918,1.5
6919,-3.5
6920,10.5
6921,91
6922,-0.5
6923,-1.5
6924,-8.5
6925,-7.5
6926,-3.5
6927,-0.5
6928,-5.5
6929,6.5
6930,7.5
6931,4.5
6932,3.5
6933,-3.5
6934,36.5
6935,-9.5
6936,-14.5
6937,2.5
6938,0.5
6939,8.5
6940,5.5
6941,6.5
6942,33.5
6943,-0.5
6944,-8.5
6945,-7.5
6946,1.5
6947,-6.5
6948,6.5
6949,7.5
6950,-4.5
6951,0.5
6952,0.5
6953,1.5
6954,-12.5
6955,-7.5
6956,-8.5
6957,-3.5
6958,-1.5
6959,9.5
6960,6.5
6961,6.5
6962,6.5
6963,2.5
6964,-7.5
6965,-7.5
6966,6.5
6967,-1.5
6968,7.5
6969,7.5
6970,-101
6971,6.5
6972,-0.5
6973,5.5
6974,-9.5
6975,-121
6976,-109
6977,-5.5
6978,-7.5
6979,10.5
6980,95
6981,1.5
6982,3.5
6983,0.5
6984,-8.5
6985,-8.5
6986,-3.5
6987,17.5
6988,0.5
6989,6.5
6990,8.5
6991,17.5
6992,1.5
6993,3.5
6994,-4.5
6995,-7.5
6996,-5.5
6997,-3.5
6998,-3.5
6999,6.5
7000,6.5
7001,4.5
7002,2.5
7003,1.5
7004,-6.5
7005,-7.5
7006,-5.5
7007,-1.5
7008,-1.5
7009,6.5
7010,6.5
7011,6.5
7012,1.5
7013,0.5
7014,-4.5
7015,-5.5
7016,-5.5
7017,-1.5
7018,-6.5
7019,4.5
7020,7.5
7021,1.5
7022,1.5
7023,0.5
7024,-6.5
7025,-5.5
7026,-6.5
7027,-1.5
7028,-1.5
7029,8.5
7030,7.5
7031,2.5
7032,4.5
7033,1.5
7034,-6.5
7035,-7.5
7036,-8.5
7037,-1.5
7038,-1.5
7039,5.5
7040,6.5
7041,4.5
7042,-13.5
7043,2.5
7044,-8.5
7045,-10.5
7046,-12.5
7047,-1.5
7048,-1.5
7049,6.5
7050,19.5
7051,4.5
7052,1.5
7053,1.5
7054,-5.5
7055,-6.5
7056,-7.5
7057,-1.5
7058,0.5
7059,2.5
7060,9.5
7061,4.5
7062,2.5
7063,-3.5
7064,-5.5
7065,-5.5
7066,-1.5
7067,-3.5
7068,-4.5
7069,5.5
7070,6.5
7071,6.5
7072,2.5
7073,1.5
7074,-4.5
7075,-7.5
7076,-6.5
7077,-3.5
7078,-0.5
7079,7.5
7080,7.5
7081,8.5
7082,2.5
7083,2.5
7084,-6.5
7085,-7.5
7086,-3.5
7087,-1.5
7088,2.5
7089,6.5
7090,6.5
7091,4.5
7092,6.5
7093,2.5
7094,-7.5
7095,-6.5
7096,-6.5
7097,-1.5
7098,0.5
7099,6.5
7100,6.5
7101,5.5
7102,0.5
7103,2.5
7104,-5.5
7105,-6.5
7106,-3.5
7107,-0.5
7108,-0.5
7109,7.5
7110,6.5
7111,6.5
7112,4.5
7113,0.5
7114,-4.5
7115,-6.5
7116,-3.5
7117,-0.5
7118,-0.5
7119,5.5
7120,4.5
7121,6.5
7122,1.5
7123,1.5
7124,-4.5
7125,-8.5
7126,-3.5
7127,-3.5
7128,-1.5
7129,6.5
7130,10.5
7131,7.5
7132,2.5
7133,1.5
7134,-6.5
7135,-5.5
7136,-3.5
7137,-1.5
7138,-0.5
7139,8.5
7140,8.5
7141,4.5
7142,0.5
7143,1.5
7144,-6.5
7145,-13.5
7146,-3.5
7147,-3.5
7148,-0.5
7149,7.5
7150,8.5
7151,5.5
7152,1.5
7153,-1.5
7154,-4.5
7155,-7.5
7156,-3.5
7157,0.5
7158,-3.5
7159,6.5
7160,6.5
7161,4.5
7162,1.5
7163,1.5
7164,-5.5
7165,-7.5
7166,-1.5
7167,1.5
7168,-1.5
7169,5.5
7170,6.5
7171,6.5
7172,1.5
7173,2.5
7174,-5.5
7175,-4.5
7176,-5.5
7177,1.5
7178,-1.5
7179,6.5
7180,6.5
7181,6.5
7182,2.5
7183,1.5
7184,-4.5
7185,-7.5
7186,-3.5
7187,-0.5
7188,0.5
7189,7.5
7190,6.5
7191,1.5
7192,3.5
7193,2.5
7194,-4.5
7195,-5.5
7196,-4.5
7197,-3.5
7198,2.5
7199,7.5
7200,8.5
7201,8.5
7202,-4.5
7203,3.5
7204,-3.5
7205,-8.5
7206,-11.5
7207,-0.5
7208,0.5
7209,7.5
7210,9.5
7211,4.5
7212,-1.5
7213,-3.5
7214,-6.5
7215,-8.5
7216,-14.5
7217,-3.5
7218,-1.5
7219,4.5
7220,13.5
7221,6.5
7222,2.5
7223,3.5
7224,-7.5
7225,-4.5
7226,-8.5
7227,-0.5
7228,0.5
7229,6.5
7230,7.5
7231,4.5
7232,1.5
7233,-0.5
7234,-3.5
7235,-6.5
7236,-5.5
7237,-1.5
7238,-0.5
7239,9.5
7240,8.5
7241,7.5
7242,2.5
7243,2.5
7244,-8.5
7245,-6.5
7246,-5.5
7247,-0.5
7248,-4.5
7249,-0.5
7250,7.5
7251,4.5
7252,2.5
7253,2.5
7254,-4.5
7255,-8.5
7256,-5.5
7257,-1.5
7258,-0.5
7259,6.5
7260,6.5
7261,4.5
7262,3.5
7263,1.5
7264,-6.5
7265,-6.5
7266,3.5
7267,-3.5
7268,-0.5
7269,4.5
7270,7.5
7271,5.5
7272,2.5
7273,1.5
7274,-4.5
7275,-4.5
7276,-8.5
7277,-0.5
7278,0.5
7279,7.5
7280,5.5
7281,6.5
7282,1.5
7283,-0.5
7284,-7.5
7285,-6.5
7286,-8.5
7287,1.5
7288,-1.5
7289,10.5
7290,7.5
7291,8.5
7292,-4.5
7293,6.5
7294,-4.5
7295,-9.5
7296,-4.5
7297,-1.5
7298,-1.5
7299,7.5
7300,6.5
7301,10.5
7302,-0.5
7303,0.5
7304,-3.5
7305,-6.5
7306,-5.5
7307,1.5
7308,1.5
7309,7.5
7310,-0.5
7311,5.5
7312,6.5
7313,-0.5
7314,-7.5
7315,-8.5
7316,-9.5
7317,-1.5
7318,-0.5
7319,6.5
7320,6.5
7321,2.5
7322,4.5
7323,1.5
7324,-6.5
7325,-7.5
7326,-9.5
7327,1.5
7328,-4.5
7329,5.5
7330,6.5
7331,10.5
7332,1.5
7333,-3.5
7334,-3.5
7335,-7.5
7336,-3.5
7337,-0.5
7338,-1.5
7339,7.5
7340,6.5
7341,9.5
7342,2.5
7343,2.5
7344,-8.5
7345,-7.5
7346,-5.5
7347,-5.5
7348,-1.5
7349,6.5
7350,5.5
7351,7.5
7352,1.5
7353,0.5
7354,-4.5
7355,-7.5
7356,-7.5
7357,1.5
7358,1.5
7359,7.5
7360,5.5
7361,10.5
7362,4.5
7363,2.5
7364,-5.5
7365,-6.5
7366,-21.5
7367,-3.5
7368,0.5
7369,9.5
7370,7.5
7371,4.5
7372,-3.5
7373,-1.5
7374,-6.5
7375,-7.5
7376,-13.5
7377,-0.5
7378,2.5
7379,7.5
7380,10.5
7381,2.5
7382,-0.5
7383,2.5
7384,-5.5
7385,-7.5
7386,-9.5
7387,-3.5
7388,-1.5
7389,3.5
7390,8.5
7391,4.5
7392,2.5
7393,-3.5
7394,-5.5
7395,-1.5
7396,-11.5
7397,-3.5
7398,1.5
7399,6.5
7400,10.5
7401,7.5
7402,2.5
7403,2.5
7404,-6.5
7405,-5.5
7406,-7.5
7407,2.5
7408,2.5
7409,13.5
7410,12.5
7411,8.5
7412,4.5
7413,-1.5
7414,-7.5
7415,-3.5
7416,-8.5
7417,-5.5
7418,-1.5
7419,8.5
7420,7.5
7421,6.5
7422,-0.5
7423,3.5
7424,0.5
7425,-11.5
7426,-8.5
7427,0.5
7428,-3.5
7429,20.5
7430,0.5
7431,1.5
7432,-1.5
7433,2.5
7434,-20.5
7435,-8.5
7436,9.5
7437,-1.5
7438,0.5
7439,8.5
7440,5.5
7441,0.5
7442,3.5
7443,3.5
7444,-4.5
7445,-6.5
7446,-3.5
7447,-1.5
7448,-1.5
7449,8.5
7450,4.5
7451,10.5
7452,-3.5
7453,-1.5
7454,-3.5
7455,-9.5
7456,-1.5
7457,-1.5
7458,-3.5
7459,9.5
7460,4.5
7461,12.5
7462,2.5
7463,1.5
7464,-6.5
7465,-5.5
7466,-1.5
7467,-3.5
7468,-0.5
7469,6.5
7470,1.5
7471,6.5
7472,0.5
7473,-0.5
7474,-8.5
7475,-5.5
7476,-4.5
7477,-1.5
7478,-3.5
7479,10.5
7480,15.5
7481,0.5
7482,-1.5
7483,-0.5
7484,-1.5
7485,5.5
7486,-4.5
7487,-3.5
7488,-0.5
7489,6.5
7490,4.5
7491,6.5
7492,0.5
7493,-3.5
7494,-0.5
7495,-6.5
7496,-6.5
7497,-5.5
7498,-0.5
7499,1.5
7500,6.5
7501,3.5
7502,3.5
7503,3.5
7504,-5.5
7505,-8.5
7506,-3.5
7507,-8.5
7508,-0.5
7509,3.5
7510,9.5
7511,4.5
7512,1.5
7513,6.5
7514,-5.5
7515,-5.5
7516,-7.5
7517,-1.5
7518,0.5
7519,9.5
7520,8.5
7521,15.5
7522,4.5
7523,-0.5
7524,-3.5
7525,-4.5
7526,-4.5
7527,0.5
7528,-3.5
7529,4.5
7530,5.5
7531,-3.5
7532,4.5
7533,-3.5
7534,-5.5
7535,-4.5
7536,-7.5
7537,-3.5
7538,3.5
7539,7.5
7540,5.5
7541,7.5
7542,9.5
7543,-0.5
7544,-5.5
7545,-3.5
7546,-14.5
7547,5.5
7548,2.5
7549,7.5
7550,2.5
7551,5.5
7552,0.5
7553,0.5
7554,-5.5
7555,-6.5
7556,-4.5
7557,-3.5
7558,1.5
7559,6.5
7560,7.5
7561,1.5
7562,2.5
7563,3.5
7564,-3.5
7565,-5.5
7566,-8.5
7567,0.5
7568,1.5
7569,4.5
7570,4.5
7571,3.5
7572,4.5
7573,-1.5
7574,-5.5
7575,-0.5
7576,-9.5
7577,-3.5
7578,-3.5
7579,8.5
7580,8.5
7581,6.5
7582,1.5
7583,0.5
7584,-6.5
7585,-6.5
7586,-18.5
7587,-8.5
7588,-1.5
7589,6.5
7590,9.5
7591,9.5
7592,1.5
7593,-3.5
7594,-1.5
7595,-0.5
7596,-10.5
7597,-6.5
7598,-7.5
7599,4.5
7600,10.5
7601,13.5
7602,6.5
7603,4.5
7604,-5.5
7605,-4.5
7606,2.5
7607,-3.5
7608,0.5
7609,1.5
7610,1.5
7611,4.5
7612,-11.5
7613,0.5
7614,7.5
7615,-6.5
7616,10.5
7617,-0.5
7618,0.5
7619,-1.5
7620,2.5
7621,3.5
7622,-1.5
7623,10.5
7624,-1.5
7625,-1.5
7626,-4.5
7627,2.5
7628,1.5
7629,1.5
7630,-3.5
7631,-0.5
7632,2.5
7633,-3.5
7634,-7.5
7635,-1.5
7636,-1.5
7637,-1.5
7638,2.5
7639,7.5
7640,1.5
7641,2.5
7642,0.5
7643,5.5
7644,-3.5
7645,-3.5
7646,0.5
7647,-4.5
7648,1.5
7649,6.5
7650,-1.5
7651,-1.5
7652,1.5
7653,3.5
7654,-6.5
7655,-6.5
7656,1.5
7657,3.5
7658,-0.5
7659,6.5
7660,6.5
7661,7.5
7662,4.5
7663,5.5
7664,-3.5
7665,-28.5
7666,-5.5
7667,8.5
7668,0.5
7669,6.5
7670,5.5
7671,-11.5
7672,4.5
7673,5.5
7674,-7.5
7675,-3.5
7676,-6.5
7677,-3.5
7678,0.5
7679,6.5
7680,8.5
7681,6.5
7682,-7.5
7683,2.5
7684,-3.5
7685,-3.5
7686,-9.5
7687,-4.5
7688,1.5
7689,7.5
7690,6.5
7691,4.5
7692,-0.5
7693,-24.5
7694,-7.5
7695,-8.5
7696,-3.5
7697,0.5
7698,-1.5
7699,4.5
7700,6.5
7701,1.5
7702,-0.5
7703,-1.5
7704,-4.5
7705,0.5
7706,-6.5
7707,-1.5
7708,-4.5
7709,6.5
7710,4.5
7711,1.5
7712,-0.5
7713,-1.5
7714,-3.5
7715,-5.5
7716,-12.5
7717,-0.5
7718,3.5
7719,8.5
7720,6.5
7721,6.5
7722,-1.5
7723,-0.5
7724,-7.5
7725,-4.5
7726,-3.5
7727,-1.5
7728,2.5
7729,5.5
7730,12.5
7731,3.5
7732,-7.5
7733,2.5
7734,-19.5
7735,-3.5
7736,7.5
7737,12.5
7738,0.5
7739,8.5
7740,0.5
7741,-4.5
7742,-0.5
7743,2.5
7744,-1.5
7745,-5.5
7746,-9.5
7747,-28.5
7748,-0.5
7749,6.5
7750,2.5
7751,17.5
7752,2.5
7753,-0.5
7754,-8.5
7755,-13.5
7756,-9.5
7757,10.5
7758,4.5
7759,6.5
7760,7.5
7761,-3.5
7762,-3.5
7763,5.5
7764,-6.5
7765,-7.5
7766,-15.5
7767,-3.5
7768,-3.5
7769,9.5
7770,7.5
7771,5.5
7772,3.5
7773,-15.5
7774,-3.5
7775,-4.5
7776,-16.5
7777,-5.5
7778,2.5
7779,4.5
7780,8.5
7781,2.5
7782,-9.5
7783,-1.5
7784,-0.5
7785,-7.5
7786,-8.5
7787,-1.5
7788,-0.5
7789,3.5
7790,4.5
7791,10.5
7792,1.5
7793,6.5
7794,-6.5
7795,-1.5
7796,-1.5
7797,-1.5
7798,-3.5
7799,0.5
7800,10.5
7801,9.5
7802,1.5
7803,-9.5
7804,-5.5
7805,-9.5
7806,5.5
7807,-4.5
7808,-1.5
7809,7.5
7810,6.5
7811,4.5
7812,4.5
7813,3.5
7814,-4.5
7815,-6.5
7816,-7.5
7817,-0.5
7818,-3.5
7819,7.5
7820,6.5
7821,12.5
7822,5.5
7823,4.5
7824,-4.5
7825,-6.5
7826,-3.5
7827,-8.5
7828,1.5
7829,4.5
7830,-6.5
7831,3.5
7832,2.5
7833,4.5
7834,5.5
7835,-6.5
7836,-4.5
7837,-5.5
7838,1.5
7839,5.5
7840,4.5
7841,3.5
7842,6.5
7843,1.5
7844,-7.5
7845,-10.5
7846,-7.5
7847,-7.5
7848,-0.5
7849,6.5
7850,10.5
7851,10.5
7852,-3.5
7853,-1.5
7854,10.5
7855,-4.5
7856,2.5
7857,-3.5
7858,-1.5
7859,8.5
7860,4.5
7861,8.5
7862,15.5
7863,-1.5
7864,-6.5
7865,-7.5
7866,-12.5
7867,-6.5
7868,1.5
7869,10.5
7870,7.5
7871,13.5
7872,4.5
7873,0.5
7874,-6.5
7875,-7.5
7876,-1.5
7877,-3.5
7878,-1.5
7879,5.5
7880,8.5
7881,10.5
7882,6.5
7883,-0.5
7884,-3.5
7885,-9.5
7886,-13.5
7887,-8.5
7888,5.5
7889,10.5
7890,12.5
7891,17.5
7892,3.5
7893,-1.5
7894,-7.5
7895,-7.5
7896,-7.5
7897,-1.5
7898,1.5
7899,7.5
7900,10.5
7901,-18.5
7902,6.5
7903,0.5
7904,-5.5
7905,-7.5
7906,-1.5
7907,-18.5
7908,4.5
7909,4.5
7910,9.5
7911,9.5
7912,6.5
7913,0.5
7914,-3.5
7915,-7.5
7916,-7.5
7917,-3.5
7918,-0.5
7919,4.5
7920,15.5
7921,8.5
7922,4.5
7923,-0.5
7924,-4.5
7925,-9.5
7926,-7.5
7927,-3.5
7928,0.5
7929,5.5
7930,10.5
7931,6.5
7932,6.5
7933,5.5
7934,-4.5
7935,-6.5
7936,-6.5
7937,-3.5
7938,-3.5
7939,4.5
7940,8.5
7941,5.5
7942,6.5
7943,-3.5
7944,-3.5
7945,-16.5
7946,-12.5
7947,-3.5
7948,-11.5
7949,3.5
7950,4.5
7951,6.5
7952,5.5
7953,2.5
7954,-8.5
7955,-6.5
7956,-121
7957,-8.5
7958,19.5
7959,0.5
7960,5.5
7961,13.5
7962,4.5
7963,-3.5
7964,-9.5
7965,-9.5
7966,-11.5
7967,2.5
7968,-3.5
7969,12.5
7970,14.5
7971,2.5
7972,6.5
7973,-4.5
7974,-1.5
7975,-8.5
7976,-3.5
7977,1.5
7978,-4.5
7979,9.5
7980,3.5
7981,8.5
7982,8.5
7983,-0.5
7984,-5.5
7985,-7.5
7986,-4.5
7987,-3.5
7988,1.5
7989,5.5
7990,7.5
7991,8.5
7992,3.5
7993,0.5
7994,-4.5
7995,-4.5
7996,-8.5
7997,-3.5
7998,1.5
7999,6.5
8000,9.5
8001,9.5
8002,10.5
8003,4.5
8004,-4.5
8005,-6.5
8006,-7.5
8007,-3.5
8008,0.5
8009,8.5
8010,10.5
8011,10.5
8012,4.5
8013,10.5
8014,-3.5
8015,-7.5
8016,-4.5
8017,-3.5
8018,0.5
8019,6.5
8020,-4.5
8021,2.5
8022,5.5
8023,10.5
8024,-1.5
8025,-4.5
8026,-14.5
8027,-6.5
8028,-0.5
8029,6.5
8030,-1.5
8031,8.5
8032,3.5
8033,-4.5
8034,-4.5
8035,-10.5
8036,2.5
8037,-3.5
8038,1.5
8039,6.5
8040,6.5
8041,2.5
8042,0.5
8043,5.5
8044,-6.5
8045,-7.5
8046,-8.5
8047,-3.5
8048,1.5
8049,4.5
8050,5.5
8051,4.5
8052,4.5
8053,0.5
8054,-3.5
8055,-7.5
8056,-3.5
8057,-22.5
8058,1.5
8059,5.5
8060,6.5
8061,4.5
8062,2.5
8063,3.5
8064,-4.5
8065,-4.5
8066,-5.5
8067,14.5
8068,0.5
8069,1.5
8070,7.5
8071,4.5
8072,8.5
8073,0.5
8074,-4.5
8075,-6.5
8076,-7.5
8077,-5.5
8078,5.5
8079,9.5
8080,5.5
8081,9.5
8082,5.5
8083,1.5
8084,-3.5
8085,-6.5
8086,-8.5
8087,-4.5
8088,3.5
8089,10.5
8090,8.5
8091,7.5
8092,-30.5
8093,0.5
8094,-3.5
8095,-4.5
8096,-3.5
8097,-3.5
8098,0.5
8099,6.5
8100,7.5
8101,0.5
8102,2.5
8103,-1.5
8104,-13.5
8105,-5.5
8106,-28.5
8107,-4.5
8108,-0.5
8109,1.5
8110,1.5
8111,9.5
8112,-0.5
8113,-3.5
8114,1.5
8115,-1.5
8116,-1.5
8117,-5.5
8118,1.5
8119,15.5
8120,-3.5
8121,6.5
8122,1.5
8123,1.5
8124,-4.5
8125,-9.5
8126,-6.5
8127,-8.5
8128,-0.5
8129,9.5
8130,5.5
8131,6.5
8132,0.5
8133,5.5
8134,-6.5
8135,5.5
8136,-6.5
8137,-0.5
8138,0.5
8139,4.5
8140,7.5
8141,12.5
8142,0.5
8143,2.5
8144,-5.5
8145,-9.5
8146,-5.5
8147,-3.5
8148,-3.5
8149,12.5
8150,10.5
8151,4.5
8152,5.5
8153,-6.5
8154,-1.5
8155,-8.5
8156,0.5
8157,-5.5
8158,-3.5
8159,5.5
8160,12.5
8161,6.5
8162,-4.5
8163,2.5
8164,-1.5
8165,-5.5
8166,-3.5
8167,-3.5
8168,-1.5
8169,4.5
8170,8.5
8171,6.5
8172,6.5
8173,0.5
8174,-7.5
8175,-7.5
8176,-15.5
8177,-3.5
8178,-0.5
8179,4.5
8180,8.5
8181,1.5
8182,-8.5
8183,-5.5
8184,-3.5
8185,-7.5
8186,19.5
8187,-1.5
8188,2.5
8189,5.5
8190,14.5
8191,17.5
8192,3.5
8193,-1.5
8194,-3.5
8195,-13.5
8196,-3.5
8197,-5.5
8198,4.5
8199,4.5
8200,9.5
8201,2.5
8202,7.5
8203,1.5
8204,-3.5
8205,-9.5
8206,-7.5
8207,-7.5
8208,-0.5
8209,3.5
8210,5.5
8211,8.5
8212,5.5
8213,-3.5
8214,-1.5
8215,-9.5
8216,-7.5
8217,3.5
8218,26.5
8219,6.5
8220,20.5
8221,6.5
8222,3.5
8223,-1.5
8224,-8.5
8225,-1.5
8226,-11.5
8227,-10.5
8228,4.5
8229,1.5
8230,15.5
8231,7.5
8232,7.5
8233,3.5
8234,-3.5
8235,9.5
8236,-9.5
8237,-3.5
8238,-4.5
8239,8.5
8240,12.5
8241,8.5
8242,3.5
8243,-0.5
8244,-5.5
8245,-10.5
8246,-4.5
8247,-6.5
8248,0.5
8249,8.5
8250,14.5
8251,4.5
8252,6.5
8253,2.5
8254,-6.5
8255,-12.5
8256,-15.5
8257,-3.5
8258,-0.5
8259,5.5
8260,15.5
8261,2.5
8262,7.5
8263,-7.5
8264,-7.5
8265,-8.5
8266,21.5
8267,-5.5
8268,-1.5
8269,6.5
8270,15.5
8271,14.5
8272,4.5
8273,1.5
8274,-5.5
8275,-8.5
8276,-5.5
8277,-1.5
8278,1.5
8279,5.5
8280,13.5
8281,20.5
8282,4.5
8283,6.5
8284,-1.5
8285,-16.5
8286,-6.5
8287,-3.5
8288,-0.5
8289,5.5
8290,8.5
8291,6.5
8292,2.5
8293,0.5
8294,-11.5
8295,-8.5
8296,-3.5
8297,-1.5
8298,4.5
8299,4.5
8300,12.5
8301,7.5
8302,2.5
8303,-3.5
8304,-3.5
8305,-4.5
8306,-8.5
8307,1.5
8308,6.5
8309,6.5
8310,13.5
8311,4.5
8312,6.5
8313,1.5
8314,-4.5
8315,-14.5
8316,-4.5
8317,12.5
8318,-3.5
8319,3.5
8320,14.5
8321,4.5
8322,6.5
8323,2.5
8324,-4.5
8325,-12.5
8326,-10.5
8327,-6.5
8328,2.5
8329,6.5
8330,10.5
8331,5.5
8332,6.5
8333,-0.5
8334,-3.5
8335,-12.5
8336,-4.5
8337,-0.5
8338,1.5
8339,4.5
8340,10.5
8341,-0.5
8342,1.5
8343,-1.5
8344,-4.5
8345,-25.5
8346,13.5
8347,-0.5
8348,-1.5
8349,3.5
8350,12.5
8351,0.5
8352,0.5
8353,-3.5
8354,-8.5
8355,-19.5
8356,-5.5
8357,-3.5
8358,-3.5
8359,7.5
8360,6.5
8361,22.5
8362,4.5
8363,0.5
8364,-4.5
8365,-14.5
8366,-10.5
8367,-4.5
8368,1.5
8369,6.5
8370,10.5
8371,5.5
8372,2.5
8373,1.5
8374,-5.5
8375,-11.5
8376,-7.5
8377,-3.5
8378,-1.5
8379,4.5
8380,10.5
8381,6.5
8382,2.5
8383,-1.5
8384,-0.5
8385,-10.5
8386,-3.5
8387,-5.5
8388,2.5
8389,8.5
8390,9.5
8391,5.5
8392,4.5
8393,-10.5
8394,-1.5
8395,-12.5
8396,-8.5
8397,-4.5
8398,0.5
8399,3.5
8400,15.5
8401,9.5
8402,5.5
8403,4.5
8404,-3.5
8405,-8.5
8406,-8.5
8407,-4.5
8408,-3.5
8409,4.5
8410,6.5
8411,-1.5
8412,6.5
8413,2.5
8414,-3.5
8415,-12.5
8416,-3.5
8417,-4.5
8418,-0.5
8419,8.5
8420,10.5
8421,12.5
8422,1.5
8423,2.5
8424,-3.5
8425,-8.5
8426,-4.5
8427,-3.5
8428,-3.5
8429,5.5
8430,10.5
8431,6.5
8432,-1.5
8433,-1.5
8434,-8.5
8435,-12.5
8436,-8.5
8437,-1.5
8438,1.5
8439,6.5
8440,1.5
8441,7.5
8442,2.5
8443,-1.5
8444,-1.5
8445,-10.5
8446,-9.5
8447,-3.5
8448,-1.5
8449,5.5
8450,4.5
8451,2.5
8452,2.5
8453,2.5
8454,-5.5
8455,-7.5
8456,-6.5
8457,-6.5
8458,-0.5
8459,6.5
8460,15.5
8461,6.5
8462,0.5
8463,1.5
8464,-8.5
8465,9.5
8466,-6.5
8467,-8.5
8468,-0.5
8469,5.5
8470,13.5
8471,5.5
8472,3.5
8473,2.5
8474,-3.5
8475,-8.5
8476,-3.5
8477,-3.5
8478,2.5
8479,-1.5
8480,12.5
8481,2.5
8482,2.5
8483,-0.5
8484,-6.5
8485,-17.5
8486,-1.5
8487,-10.5
8488,0.5
8489,4.5
8490,9.5
8491,4.5
8492,3.5
8493,1.5
8494,-4.5
8495,-7.5
8496,-1.5
8497,-3.5
8498,-3.5
8499,3.5
8500,10.5
8501,7.5
8502,17.5
8503,-3.5
8504,-0.5
8505,-8.5
8506,2.5
8507,-1.5
8508,-3.5
8509,8.5
8510,13.5
8511,25.5
8512,-3.5
8513,15.5
8514,-13.5
8515,-9.5
8516,-10.5
8517,-5.5
8518,0.5
8519,12.5
8520,10.5
8521,17.5
8522,2.5
8523,-5.5
8524,-3.5
8525,-9.5
8526,-8.5
8527,-1.5
8528,0.5
8529,6.5
8530,6.5
8531,5.5
8532,5.5
8533,-15.5
8534,-107
8535,-7.5
8536,-8.5
8537,-3.5
8538,2.5
8539,4.5
8540,12.5
8541,6.5
8542,0.5
8543,2.5
8544,-4.5
8545,-14.5
8546,-9.5
8547,-0.5
8548,2.5
8549,6.5
8550,6.5
8551,7.5
8552,5.5
8553,5.5
8554,-7.5
8555,-9.5
8556,-10.5
8557,12.5
8558,-3.5
8559,5.5
8560,27.5
8561,9.5
8562,-0.5
8563,2.5
8564,-1.5
8565,-8.5
8566,-4.5
8567,0.5
8568,-23.5
8569,-8.5
8570,9.5
8571,14.5
8572,-0.5
8573,0.5
8574,-21.5
8575,-24.5
8576,-6.5
8577,-3.5
8578,-1.5
8579,10.5
8580,6.5
8581,7.5
8582,9.5
8583,-4.5
8584,-5.5
8585,-7.5
8586,-11.5
8587,-5.5
8588,10.5
8589,17.5
8590,6.5
8591,23.5
8592,-11.5
8593,-0.5
8594,-6.5
8595,-5.5
8596,12.5
8597,-0.5
8598,5.5
8599,5.5
8600,7.5
8601,0.5
8602,4.5
8603,-0.5
8604,1.5
8605,-14.5
8606,-6.5
8607,-5.5
8608,-3.5
8609,6.5
8610,5.5
8611,6.5
8612,2.5
8613,-1.5
8614,-7.5
8615,-8.5
8616,-9.5
8617,-3.5
8618,1.5
8619,4.5
8620,6.5
8621,6.5
8622,0.5
8623,3.5
8624,-4.5
8625,-8.5
8626,-11.5
8627,-1.5
8628,-3.5
8629,6.5
8630,14.5
8631,2.5
8632,4.5
8633,-3.5
8634,-1.5
8635,-0.5
8636,-5.5
8637,-0.5
8638,-4.5
8639,-0.5
8640,6.5
8641,1.5
8642,3.5
8643,-1.5
8644,-0.5
8645,-5.5
8646,-4.5
8647,0.5
8648,0.5
8649,8.5
8650,6.5
8651,8.5
8652,0.5
8653,-3.5
8654,-3.5
8655,-10.5
8656,-11.5
8657,-3.5
8658,-0.5
8659,6.5
8660,-3.5
8661,6.5
8662,1.5
8663,0.5
8664,-1.5
8665,-8.5
8666,-14.5
8667,-6.5
8668,3.5
8669,7.5
8670,17.5
8671,15.5
8672,4.5
8673,-3.5
8674,-9.5
8675,-13.5
8676,-1.5
8677,-3.5
8678,3.5
8679,7.5
8680,5.5
8681,10.5
8682,-3.5
8683,2.5
8684,-3.5
8685,-6.5
8686,-5.5
8687,-1.5
8688,2.5
8689,2.5
8690,9.5
8691,0.5
8692,3.5
8693,-0.5
8694,2.5
8695,-7.5
8696,-5.5
8697,-1.5
8698,-3.5
8699,-0.5
8700,9.5
8701,1.5
8702,1.5
8703,4.5
8704,-3.5
8705,-6.5
8706,-11.5
8707,-1.5
8708,2.5
8709,-3.5
8710,10.5
8711,6.5
8712,1.5
8713,1.5
8714,-5.5
8715,-7.5
8716,-10.5
8717,-5.5
8718,9.5
8719,6.5
8720,5.5
8721,-1.5
8722,-0.5
8723,-3.5
8724,1.5
8725,-8.5
8726,-5.5
8727,6.5
8728,-1.5
8729,5.5
8730,6.5
8731,159
8732,-8.5
8733,26.5
8734,1.5
8735,-3.5
8736,-3.5
8737,-6.5
8738,6.5
8739,5.5
8740,3.5
8741,1.5
8742,2.5
8743,2.5
8744,-3.5
8745,-4.5
8746,-6.5
8747,-1.5
8748,1.5
8749,6.5
8750,4.5
8751,6.5
8752,8.5
8753,4.5
8754,-5.5
8755,-4.5
8756,-1.5
8757,-1.5
8758,1.5
8759,-1.5
8760,4.5
8761,0.5
8762,-0.5
8763,-3.5
8764,-6.5
8765,-4.5
8766,2.5
8767,-6.5
8768,-1.5
8769,4.5
8770,8.5
8771,-26.5
8772,-34.5
8773,-4.5
8774,-4.5
8775,-10.5
8776,-5.5
8777,-5.5
8778,-3.5
8779,2.5
8780,1.5
8781,4.5
8782,3.5
8783,4.5
8784,0.5
8785,-6.5
8786,-5.5
8787,-4.5
8788,-1.5
8789,4.5
8790,4.5
8791,6.5
8792,6.5
8793,5.5
8794,-1.5
8795,-6.5
8796,-1.5
8797,-5.5
8798,-4.5
8799,6.5
8800,25.5
8801,4.5
8802,1.5
8803,0.5
8804,-5.5
8805,-18.5
8806,1.5
8807,8.5
8808,13.5
8809,17.5
8810,20.5
8811,6.5
8812,-1.5
8813,-1.5
8814,-3.5
8815,-3.5
8816,-3.5
8817,6.5
8818,9.5
8819,4.5
8820,6.5
8821,10.5
8822,-3.5
8823,-4.5
8824,0.5
8825,-1.5
8826,-3.5
8827,-3.5
8828,-0.5
8829,-3.5
8830,7.5
8831,10.5
8832,2.5
8833,-1.5
8834,-6.5
8835,-4.5
8836,-7.5
8837,0.5
8838,2.5
8839,4.5
8840,5.5
8841,10.5
8842,14.5
8843,-11.5
8844,-3.5
8845,-0.5
8846,-1.5
8847,-4.5
8848,3.5
8849,7.5
8850,5.5
8851,6.5
8852,2.5
8853,-1.5
8854,0.5
8855,-7.5
8856,-6.5
8857,10.5
8858,-1.5
8859,2.5
8860,-0.5
8861,-14.5
8862,0.5
8863,8.5
8864,4.5
8865,-3.5
8866,-9.5
8867,-3.5
8868,2.5
8869,2.5
8870,4.5
8871,7.5
8872,4.5
8873,4.5
8874,-3.5
8875,-8.5
8876,-11.5
8877,-3.5
8878,-3.5
8879,4.5
8880,6.5
8881,8.5
8882,-0.5
8883,8.5
8884,-7.5
8885,-3.5
8886,-8.5
8887,-6.5
8888,0.5
8889,2.5
8890,1.5
8891,4.5
8892,-0.5
8893,-3.5
8894,-1.5
8895,-5.5
8896,-6.5
8897,-6.5
8898,-0.5
8899,5.5
8900,2.5
8901,2.5
8902,2.5
8903,-14.5
8904,-3.5
8905,-3.5
8906,-5.5
8907,4.5
8908,-5.5
8909,-0.5
8910,12.5
8911,7.5
8912,2.5
8913,5.5
8914,-1.5
8915,-6.5
8916,-13.5
8917,-3.5
8918,-3.5
8919,0.5
8920,14.5
8921,8.5
8922,1.5
8923,0.5
8924,-3.5
8925,-7.5
8926,-12.5
8927,-9.5
8928,0.5
8929,2.5
8930,13.5
8931,-0.5
8932,-3.5
8933,-0.5
8934,-3.5
8935,-21.5
8936,-4.5
8937,-6.5
8938,-0.5
8939,1.5
8940,6.5
8941,20.5
8942,0.5
8943,-7.5
8944,1.5
8945,-12.5
8946,-6.5
8947,-5.5
8948,-0.5
8949,3.5
8950,10.5
8951,3.5
8952,4.5
8953,0.5
8954,2.5
8955,-6.5
8956,-6.5
8957,-8.5
8958,6.5
8959,-0.5
8960,8.5
8961,2.5
8962,2.5
8963,-1.5
8964,2.5
8965,-5.5
8966,-7.5
8967,-3.5
8968,6.5
8969,6.5
8970,6.5
8971,6.5
8972,-3.5
8973,-1.5
8974,-3.5
8975,-5.5
8976,-7.5
8977,-1.5
8978,-0.5
8979,6.5
8980,6.5
8981,-0.5
8982,3.5
8983,0.5
8984,1.5
8985,-3.5
8986,-5.5
8987,-1.5
8988,-1.5
8989,0.5
8990,3.5
8991,4.5
8992,3.5
8993,3.5
8994,-3.5
8995,-5.5
8996,-7.5
8997,-12.5
8998,-4.5
8999,3.5
9000,6.5
9001,10.5
9002,1.5
9003,5.5
9004,-5.5
9005,-4.5
9006,-3.5
9007,-27.5
9008,0.5
9009,4.5
9010,7.5
9011,9.5
9012,4.5
9013,0.5
9014,8.5
9015,-4.5
9016,0.5
9017,0.5
9018,1.5
9019,2.5
9020,0.5
9021,-12.5
9022,7.5
9023,8.5
9024,-1.5
9025,-6.5
9026,-5.5
9027,-5.5
9028,-3.5
9029,1.5
9030,0.5
9031,10.5
9032,-3.5
9033,1.5
9034,-1.5
9035,-4.5
9036,-6.5
9037,-0.5
9038,-8.5
9039,0.5
9040,5.5
9041,13.5
9042,6.5
9043,-1.5
9044,1.5
9045,-13.5
9046,-4.5
9047,-5.5
9048,-3.5
9049,7.5
9050,15.5
9051,10.5
9052,6.5
9053,2.5
9054,-3.5
9055,4.5
9056,-3.5
9057,3.5
9058,-22.5
9059,-0.5
9060,13.5
9061,12.5
9062,5.5
9063,3.5
9064,-1.5
9065,-18.5
9066,-8.5
9067,-12.5
9068,1.5
9069,4.5
9070,4.5
9071,6.5
9072,3.5
9073,4.5
9074,-1.5
9075,0.5
9076,-4.5
9077,-9.5
9078,-1.5
9079,3.5
9080,9.5
9081,8.5
9082,1.5
9083,6.5
9084,0.5
9085,-3.5
9086,1.5
9087,-5.5
9088,-3.5
9089,3.5
9090,2.5
9091,17.5
9092,-0.5
9093,7.5
9094,4.5
9095,-3.5
9096,-28.5
9097,-8.5
9098,-0.5
9099,9.5
9100,-6.5
9101,27.5
9102,1.5
9103,0.5
9104,0.5
9105,-7.5
9106,-11.5
9107,3.5
9108,0.5
9109,-1.5
9110,4.5
9111,13.5
9112,10.5
9113,13.5
9114,1.5
9115,-5.5
9116,-12.5
9117,-4.5
9118,-4.5
9119,3.5
9120,8.5
9121,-0.5
9122,-3.5
9123,1.5
9124,-1.5
9125,-6.5
9126,-6.5
9127,10.5
9128,-3.5
9129,7.5
9130,4.5
9131,10.5
9132,3.5
9133,-13.5
9134,-0.5
9135,-7.5
9136,-7.5
9137,-3.5
9138,1.5
9139,7.5
9140,6.5
9141,6.5
9142,6.5
9143,1.5
9144,-1.5
9145,-0.5
9146,-8.5
9147,-0.5
9148,-0.5
9149,2.5
9150,7.5
9151,6.5
9152,1.5
9153,1.5
9154,-3.5
9155,-6.5
9156,-6.5
9157,-1.5
9158,1.5
9159,2.5
9160,7.5
9161,6.5
9162,0.5
9163,0.5
9164,-6.5
9165,-4.5
9166,-7.5
9167,19.5
9168,-3.5
9169,0.5
9170,-4.5
9171,2.5
9172,4.5
9173,0.5
9174,-0.5
9175,-5.5
9176,-5.5
9177,-3.5
9178,-0.5
9179,2.5
9180,4.5
9181,4.5
9182,10.5
9183,-1.5
9184,-3.5
9185,-4.5
9186,-4.5
9187,-1.5
9188,-3.5
9189,4.5
9190,11.5
9191,-23.5
9192,8.5
9193,-0.5
9194,-1.5
9195,-8.5
9196,-4.5
9197,-1.5
9198,0.5
9199,-1.5
9200,6.5
9201,0.5
9202,12.5
9203,0.5
9204,-1.5
9205,-3.5
9206,-8.5
9207,-6.5
9208,1.5
9209,2.5
9210,7.5
9211,2.5
9212,1.5
9213,-1.5
9214,0.5
9215,-6.5
9216,-7.5
9217,-5.5
9218,1.5
9219,1.5
9220,7.5
9221,6.5
9222,5.5
9223,-3.5
9224,-3.5
9225,-7.5
9226,-3.5
9227,-1.5
9228,-1.5
9229,2.5
9230,5.5
9231,6.5
9232,3.5
9233,-7.5
9234,-1.5
9235,-7.5
9236,-6.5
9237,-5.5
9238,4.5
9239,3.5
9240,4.5
9241,5.5
9242,6.5
9243,19.5
9244,-1.5
9245,-8.5
9246,-9.5
9247,-13.5
9248,-3.5
9249,-1.5
9250,8.5
9251,1.5
9252,8.5
9253,-9.5
9254,-0.5
9255,-3.5
9256,-10.5
9257,-5.5
9258,0.5
9259,5.5
9260,6.5
9261,2.5
9262,-7.5
9263,1.5
9264,0.5
9265,-8.5
9266,-19.5
9267,-3.5
9268,4.5
9269,2.5
9270,6.5
9271,6.5
9272,-5.5
9273,1.5
9274,-1.5
9275,-3.5
9276,-4.5
9277,-3.5
9278,-0.5
9279,2.5
9280,-1.5
9281,7.5
9282,2.5
9283,-1.5
9284,-3.5
9285,-11.5
9286,-8.5
9287,-3.5
9288,-7.5
9289,1.5
9290,12.5
9291,0.5
9292,7.5
9293,-1.5
9294,-5.5
9295,1.5
9296,-6.5
9297,0.5
9298,-0.5
9299,5.5
9300,2.5
9301,1.5
9302,2.5
9303,-3.5
9304,-0.5
9305,-12.5
9306,-6.5
9307,-3.5
9308,7.5
9309,3.5
9310,3.5
9311,6.5
9312,10.5
9313,-1.5
9314,-4.5
9315,-25.5
9316,-7.5
9317,-6.5
9318,-3.5
9319,1.5
9320,6.5
9321,9.5
9322,-1.5
9323,1.5
9324,-0.5
9325,-10.5
9326,-1.5
9327,7.5
9328,-3.5
9329,0.5
9330,5.5
9331,6.5
9332,6.5
9333,-3.5
9334,-1.5
9335,-5.5
9336,-11.5
9337,0.5
9338,1.5
9339,2.5
9340,6.5
9341,-0.5
9342,-10.5
9343,-1.5
9344,4.5
9345,-4.5
9346,-24.5
9347,-4.5
9348,-1.5
9349,6.5
9350,13.5
9351,7.5
9352,8.5
9353,7.5
9354,1.5
9355,-8.5
9356,-4.5
9357,-5.5
9358,-5.5
9359,6.5
9360,5.5
9361,4.5
9362,-1.5
9363,-1.5
9364,-5.5
9365,-7.5
9366,-4.5
9367,-1.5
9368,3.5
9369,1.5
9370,6.5
9371,4.5
9372,6.5
9373,3.5
9374,-1.5
9375,-3.5
9376,-6.5
9377,-3.5
9378,0.5
9379,3.5
9380,12.5
9381,7.5
9382,9.5
9383,-1.5
9384,-1.5
9385,-4.5
9386,-5.5
9387,4.5
9388,0.5
9389,3.5
9390,6.5
9391,3.5
9392,-4.5
9393,3.5
9394,1.5
9395,-4.5
9396,-6.5
9397,-8.5
9398,-5.5
9399,4.5
9400,-3.5
9401,7.5
9402,-3.5
9403,-0.5
9404,0.5
9405,-10.5
9406,-4.5
9407,5.5
9408,0.5
9409,5.5
9410,1.5
9411,0.5
9412,-0.5
9413,4.5
9414,-3.5
9415,8.5
9416,0.5
9417,-8.5
9418,13.5
9419,4.5
9420,6.5
9421,-5.5
9422,2.5
9423,1.5
9424,3.5
9425,13.5
9426,2.5
9427,1.5
9428,0.5
9429,5.5
9430,8.5
9431,19.5
9432,-3.5
9433,-1.5
9434,1.5
9435,-4.5
9436,-3.5
9437,-3.5
9438,1.5
9439,7.5
9440,7.5
9441,8.5
9442,2.5
9443,-0.5
9444,-3.5
9445,-5.5
9446,-3.5
9447,-8.5
9448,-3.5
9449,0.5
9450,6.5
9451,9.5
9452,-0.5
9453,10.5
9454,-0.5
9455,-8.5
9456,-5.5
9457,-1.5
9458,0.5
9459,-1.5
9460,5.5
9461,8.5
9462,1.5
9463,-0.5
9464,-3.5
9465,-3.5
9466,-5.5
9467,2.5
9468,-1.5
9469,-5.5
9470,8.5
9471,3.5
9472,-1.5
9473,-3.5
9474,1.5
9475,-13.5
9476,-7.5
9477,1.5
9478,-0.5
9479,-7.5
9480,7.5
9481,6.5
9482,1.5
9483,0.5
9484,-1.5
9485,-8.5
9486,-5.5
9487,-14.5
9488,4.5
9489,9.5
9490,6.5
9491,4.5
9492,2.5
9493,0.5
9494,-1.5
9495,-6.5
9496,-1.5
9497,2.5
9498,1.5
9499,1.5
9500,8.5
9501,8.5
9502,-3.5
9503,4.5
9504,-3.5
9505,-7.5
9506,-28.5
9507,-1.5
9508,-0.5
9509,-93
9510,10.5
9511,19.5
9512,23.5
9513,0.5
9514,-1.5
9515,-3.5
9516,-3.5
9517,-3.5
9518,2.5
9519,9.5
9520,0.5
9521,6.5
9522,3.5
9523,0.5
9524,-3.5
9525,-7.5
9526,-5.5
9527,-1.5
9528,-3.5
9529,2.5
9530,-3.5
9531,6.5
9532,3.5
9533,5.5
9534,-3.5
9535,-12.5
9536,-6.5
9537,0.5
9538,1.5
9539,-5.5
9540,0.5
9541,1.5
9542,1.5
9543,0.5
9544,1.5
9545,-3.5
9546,-6.5
9547,1.5
9548,-1.5
9549,-3.5
9550,10.5
9551,3.5
9552,5.5
9553,-0.5
9554,-1.5
9555,-10.5
9556,-8.5
9557,-0.5
9558,-1.5
9559,0.5
9560,8.5
9561,3.5
9562,-1.5
9563,-6.5
9564,-1.5
9565,-3.5
9566,-6.5
9567,-6.5
9568,-1.5
9569,5.5
9570,8.5
9571,0.5
9572,-0.5
9573,-7.5
9574,-7.5
9575,0.5
9576,-13.5
9577,-4.5
9578,2.5
9579,2.5
9580,6.5
9581,0.5
9582,9.5
9583,6.5
9584,-1.5
9585,-8.5
9586,6.5
9587,-3.5
9588,0.5
9589,4.5
9590,2.5
9591,30.5
9592,-8.5
9593,2.5
9594,-0.5
9595,-8.5
9596,-4.5
9597,-5.5
9598,2.5
9599,0.5
9600,9.5
9601,6.5
9602,3.5
9603,0.5
9604,-5.5
9605,-5.5
9606,-3.5
9607,-3.5
9608,8.5
9609,3.5
9610,12.5
9611,10.5
9612,2.5
9613,-1.5
9614,-7.5
9615,-3.5
9616,-4.5
9617,-1.5
9618,-0.5
9619,1.5
9620,6.5
9621,4.5
9622,-0.5
9623,0.5
9624,-3.5
9625,-7.5
9626,-5.5
9627,-0.5
9628,-0.5
9629,-1.5
9630,6.5
9631,6.5
9632,3.5
9633,0.5
9634,-0.5
9635,-0.5
9636,-9.5
9637,7.5
9638,7.5
9639,1.5
9640,12.5
9641,6.5
9642,1.5
9643,-0.5
9644,-6.5
9645,-4.5
9646,-7.5
9647,1.5
9648,-3.5
9649,5.5
9650,12.5
9651,3.5
9652,-7.5
9653,0.5
9654,-3.5
9655,-4.5
9656,-8.5
9657,-5.5
9658,-1.5
9659,9.5
9660,-10.5
9661,2.5
9662,-3.5
9663,-1.5
9664,-3.5
9665,-1.5
9666,-9.5
9667,-8.5
9668,-3.5
9669,2.5
9670,8.5
9671,-0.5
9672,-22.5
9673,15.5
9674,-14.5
9675,-3.5
9676,-7.5
9677,-3.5
9678,-1.5
9679,4.5
9680,2.5
9681,8.5
9682,-4.5
9683,9.5
9684,-3.5
9685,-5.5
9686,-5.5
9687,6.5
9688,0.5
9689,-3.5
9690,10.5
9691,2.5
9692,-3.5
9693,4.5
9694,-6.5
9695,-6.5
9696,-8.5
9697,-1.5
9698,-5.5
9699,4.5
9700,6.5
9701,6.5
9702,2.5
9703,-1.5
9704,-1.5
9705,-5.5
9706,-9.5
9707,-0.5
9708,0.5
9709,5.5
9710,4.5
9711,4.5
9712,-3.5
9713,-3.5
9714,2.5
9715,-7.5
9716,-10.5
9717,7.5
9718,-1.5
9719,4.5
9720,10.5
9721,6.5
9722,6.5
9723,6.5
9724,-3.5
9725,-7.5
9726,-8.5
9727,-7.5
9728,-3.5
9729,1.5
9730,13.5
9731,3.5
9732,3.5
9733,-0.5
9734,-1.5
9735,-6.5
9736,-8.5
9737,14.5
9738,-19.5
9739,2.5
9740,7.5
9741,9.5
9742,14.5
9743,4.5
9744,7.5
9745,-3.5
9746,-4.5
9747,9.5
9748,0.5
9749,9.5
9750,4.5
9751,-7.5
9752,-0.5
9753,6.5
9754,-7.5
9755,-0.5
9756,8.5
9757,6.5
9758,1.5
9759,3.5
9760,3.5
9761,4.5
9762,4.5
9763,-1.5
9764,2.5
9765,-9.5
9766,-11.5
9767,-0.5
9768,1.5
9769,6.5
9770,-18.5
9771,-1.5
9772,4.5
9773,-4.5
9774,-22.5
9775,-3.5
9776,-5.5
9777,-3.5
9778,-3.5
9779,-0.5
9780,10.5
9781,6.5
9782,-0.5
9783,-15.5
9784,-3.5
9785,-11.5
9786,-7.5
9787,-7.5
9788,0.5
9789,4.5
9790,-3.5
9791,6.5
9792,3.5
9793,29.5
9794,-3.5
9795,17.5
9796,-7.5
9797,-4.5
9798,-8.5
9799,1.5
9800,6.5
9801,7.5
9802,6.5
9803,2.5
9804,-0.5
9805,-7.5
9806,-6.5
9807,-5.5
9808,-1.5
9809,2.5
9810,6.5
9811,6.5
9812,4.5
9813,-1.5
9814,-4.5
9815,-4.5
9816,-7.5
9817,4.5
9818,4.5
9819,1.5
9820,6.5
9821,-0.5
9822,-5.5
9823,3.5
9824,0.5
9825,-7.5
9826,-3.5
9827,-1.5
9828,2.5
9829,3.5
9830,12.5
9831,2.5
9832,-0.5
9833,4.5
9834,-1.5
9835,-1.5
9836,-22.5
9837,0.5
9838,-1.5
9839,4.5
9840,7.5
9841,27.5
9842,4.5
9843,-1.5
9844,-1.5
9845,-3.5
9846,-6.5
9847,1.5
9848,0.5
9849,-1.5
9850,10.5
9851,5.5
9852,-1.5
9853,1.5
9854,-3.5
9855,-0.5
9856,-7.5
9857,10.5
9858,-1.5
9859,8.5
9860,10.5
9861,2.5
9862,-0.5
9863,2.5
9864,-4.5
9865,-11.5
9866,-7.5
9867,4.5
9868,-3.5
9869,0.5
9870,12.5
9871,6.5
9872,1.5
9873,5.5
9874,-8.5
9875,-7.5
9876,-6.5
9877,-6.5
9878,0.5
9879,8.5
9880,5.5
9881,7.5
9882,8.5
9883,2.5
9884,-1.5
9885,-5.5
9886,-7.5
9887,1.5
9888,-3.5
9889,4.5
9890,6.5
9891,8.5
9892,0.5
9893,6.5
9894,-3.5
9895,-10.5
9896,-4.5
9897,0.5
9898,-7.5
9899,6.5
9900,-3.5
9901,4.5
9902,-1.5
9903,0.5
9904,-0.5
9905,-4.5
9906,-4.5
9907,4.5
9908,0.5
9909,-0.5
9910,8.5
9911,14.5
9912,-8.5
9913,4.5
9914,-1.5
9915,-9.5
9916,-8.5
9917,3.5
9918,-1.5
9919,1.5
9920,4.5
9921,12.5
9922,-3.5
9923,3.5
9924,-5.5
9925,7.5
9926,15.5
9927,-3.5
9928,2.5
9929,4.5
9930,5.5
9931,0.5
9932,0.5
9933,-0.5
9934,0.5
9935,-3.5
9936,-6.5
9937,0.5
9938,-3.5
9939,4.5
9940,9.5
9941,7.5
9942,-3.5
9943,-0.5
9944,-3.5
9945,-6.5
9946,-5.5
9947,-3.5
9948,-0.5
9949,6.5
9950,1.5
9951,6.5
9952,0.5
9953,1.5
9954,-1.5
9955,-6.5
9956,-6.5
9957,10.5
9958,-1.5
9959,4.5
9960,7.5
9961,7.5
9962,1.5
9963,-1.5
9964,-1.5
9965,-3.5
9966,-8.5
9967,22.5
9968,-0.5
9969,7.5
9970,14.5
9971,7.5
9972,-1.5
9973,1.5
9974,-3.5
9975,-1.5
9976,-10.5
9977,-4.5
9978,1.5
9979,6.5
9980,4.5
9981,3.5
9982,3.5
9983,8.5
9984,-5.5
9985,-7.5
9986,-3.5
9987,0.5
9988,4.5
9989,-1.5
9990,15.5
9991,8.5
9992,-27.5
9993,1.5
9994,-5.5
9995,-4.5
9996,-11.5
9997,5.5
9998,4.5
9999,7.5
10000,17.5
