index,CH1_Voltage(mV)
1,-2
2,-2
3,-6
4,2
5,2
6,14
7,2
8,-10
9,2
10,2
11,-2
12,-2
13,2
14,2
15,-6
16,-6
17,14
18,2
19,-6
20,2
21,-6
22,2
23,-6
24,-2
25,2
26,2
27,-6
28,-2
29,2
30,-2
31,-2
32,-6
33,-6
34,-2
35,-2
36,2
37,2
38,2
39,2
40,-2
41,2
42,-2
43,-10
44,-2
45,2
46,-2
47,-2
48,2
49,2
50,-2
51,2
52,2
53,2
54,2
55,2
56,-10
57,18
58,-6
59,-18
60,2
61,2
62,-2
63,2
64,10
65,2
66,-2
67,2
68,-6
69,-10
70,2
71,-2
72,2
73,-2
74,2
75,-6
76,10
77,-10
78,-2
79,2
80,-6
81,-6
82,-6
83,2
84,10
85,2
86,2
87,-2
88,-10
89,2
90,-2
91,2
92,2
93,2
94,2
95,-10
96,2
97,-10
98,-2
99,2
100,-26
101,2
102,2
103,2
104,-2
105,2
106,-2
107,2
108,-2
109,-6
110,-2
111,2
112,2
113,2
114,-2
115,2
116,-6
117,-2
118,-2
119,-6
120,-6
121,2
122,2
123,2
124,2
125,2
126,-2
127,-6
128,-6
129,-2
130,-2
131,58
132,-10
133,-78
134,-50
135,-10
136,2
137,10
138,10
139,2
140,14
141,10
142,2
143,-2
144,-6
145,2
146,-10
147,-10
148,-10
149,-6
150,-6
151,-6
152,2
153,-6
154,2
155,2
156,2
157,2
158,-6
159,2
160,-2
161,-2
162,-2
163,-6
164,2
165,-2
166,2
167,-2
168,-2
169,2
170,-6
171,-2
172,-10
173,-2
174,2
175,-18
176,10
177,2
178,2
179,-2
180,2
181,2
182,-10
183,14
184,2
185,2
186,-18
187,14
188,2
189,-6
190,-6
191,-6
192,-2
193,-2
194,2
195,2
196,-2
197,-6
198,-2
199,-2
200,-6
201,-6
202,30
203,2
204,10
205,2
206,-18
207,14
208,2
209,-2
210,-6
211,-6
212,2
213,2
214,-2
215,-10
216,-2
217,-6
218,-2
219,-2
220,2
221,2
222,-10
223,-2
224,2
225,-2
226,26
227,18
228,-6
229,-2
230,-2
231,-2
232,-2
233,2
234,2
235,2
236,2
237,-2
238,-2
239,-6
240,2
241,10
242,-2
243,-6
244,-2
245,-6
246,2
247,2
248,2
249,-6
250,2
251,-2
252,2
253,-6
254,-6
255,-6
256,2
257,-2
258,2
259,2
260,-2
261,2
262,-6
263,2
264,2
265,2
266,2
267,-6
268,-2
269,2
270,-6
271,2
272,14
273,2
274,-2
275,2
276,2
277,-2
278,2
279,-2
280,-6
281,-26
282,2
283,-26
284,2
285,-6
286,-6
287,-2
288,2
289,2
290,26
291,-2
292,-10
293,-2
294,2
295,2
296,14
297,-6
298,2
299,-2
300,-2
301,14
302,2
303,-6
304,2
305,2
306,-2
307,2
308,-6
309,-2
310,2
311,2
312,2
313,-10
314,2
315,-10
316,-2
317,-10
318,2
319,-2
320,-2
321,-6
322,2
323,-2
324,2
325,2
326,2
327,-2
328,-2
329,-6
330,-6
331,2
332,-10
333,2
334,2
335,-2
336,10
337,10
338,2
339,-2
340,-2
341,-2
342,2
343,-2
344,2
345,2
346,2
347,2
348,-2
349,-2
350,-6
351,-2
352,2
353,-10
354,-2
355,2
356,10
357,26
358,-2
359,-2
360,-10
361,-2
362,-2
363,-6
364,-6
365,2
366,-6
367,2
368,-10
369,2
370,-10
371,2
372,-6
373,2
374,2
375,-18
376,-10
377,14
378,2
379,2
380,-10
381,-2
382,2
383,-2
384,2
385,2
386,2
387,2
388,2
389,-6
390,-6
391,-2
392,10
393,-2
394,2
395,2
396,2
397,2
398,2
399,-6
400,2
401,-2
402,2
403,2
404,-6
405,-6
406,2
407,2
408,2
409,2
410,-46
411,2
412,-2
413,2
414,2
415,-2
416,-10
417,-6
418,-2
419,-2
420,10
421,-6
422,10
423,2
424,2
425,2
426,2
427,2
428,2
429,2
430,-2
431,-2
432,2
433,2
434,2
435,-6
436,-18
437,2
438,-2
439,-6
440,2
441,2
442,-10
443,2
444,10
445,10
446,2
447,-2
448,-2
449,-6
450,-2
451,-6
452,-2
453,-2
454,2
455,-2
456,-10
457,2
458,-6
459,-6
460,2
461,2
462,2
463,2
464,2
465,10
466,-2
467,18
468,-2
469,14
470,-2
471,2
472,2
473,-10
474,10
475,2
476,2
477,2
478,2
479,-2
480,-6
481,2
482,-6
483,-2
484,2
485,2
486,-6
487,-2
488,-6
489,-6
490,2
491,-6
492,-6
493,-6
494,-2
495,2
496,-10
497,2
498,2
499,2
500,-6
501,-2
502,-2
503,-2
504,-2
505,2
506,2
507,2
508,-10
509,-6
510,-6
511,-6
512,2
513,2
514,2
515,-2
516,2
517,2
518,2
519,-6
520,2
521,-2
522,-2
523,2
524,2
525,-2
526,2
527,-2
528,-18
529,-2
530,-2
531,-6
532,2
533,-6
534,2
535,-2
536,2
537,2
538,2
539,-2
540,-6
541,-6
542,2
543,-6
544,2
545,-2
546,2
547,-2
548,-6
549,-2
550,2
551,-10
552,-6
553,2
554,2
555,-2
556,10
557,-2
558,2
559,-2
560,-6
561,2
562,2
563,2
564,2
565,-2
566,-2
567,-6
568,-10
569,-18
570,-6
571,-6
572,-10
573,2
574,2
575,-2
576,-2
577,2
578,2
579,2
580,-2
581,2
582,-6
583,-6
584,2
585,10
586,2
587,-2
588,2
589,2
590,-2
591,2
592,-10
593,2
594,2
595,-2
596,-18
597,-10
598,2
599,-6
600,-2
601,-2
602,-2
603,2
604,-2
605,-2
606,2
607,-6
608,2
609,-6
610,-6
611,-6
612,2
613,2
614,-6
615,2
616,-2
617,-10
618,-2
619,2
620,-2
621,2
622,-2
623,-6
624,-2
625,10
626,-2
627,-2
628,-2
629,2
630,-2
631,-2
632,-2
633,2
634,2
635,2
636,10
637,-6
638,2
639,-6
640,2
641,18
642,-2
643,2
644,-2
645,2
646,2
647,-6
648,2
649,2
650,-2
651,-6
652,14
653,2
654,-2
655,-2
656,2
657,10
658,-2
659,2
660,2
661,10
662,-2
663,-2
664,2
665,-10
666,2
667,2
668,-6
669,2
670,-38
671,-6
672,10
673,2
674,2
675,2
676,-2
677,2
678,18
679,2
680,2
681,-2
682,-6
683,2
684,-10
685,2
686,-2
687,2
688,-6
689,-2
690,2
691,-2
692,2
693,2
694,2
695,-2
696,2
697,2
698,-6
699,-6
700,2
701,-2
702,-6
703,2
704,2
705,2
706,-2
707,-10
708,-2
709,2
710,-2
711,2
712,-6
713,2
714,-2
715,-2
716,2
717,-2
718,-18
719,2
720,2
721,-6
722,2
723,-6
724,2
725,2
726,-6
727,2
728,2
729,2
730,2
731,-6
732,-2
733,2
734,2
735,-2
736,2
737,-2
738,2
739,-2
740,-2
741,-2
742,2
743,2
744,2
745,2
746,10
747,-2
748,-6
749,-2
750,-2
751,-2
752,-6
753,-2
754,2
755,2
756,2
757,-2
758,-10
759,2
760,-6
761,2
762,-10
763,-6
764,2
765,-2
766,2
767,2
768,-2
769,2
770,-6
771,-6
772,-2
773,-2
774,2
775,-10
776,2
777,-6
778,2
779,-6
780,-30
781,-2
782,2
783,-2
784,2
785,-2
786,2
787,2
788,2
789,-2
790,-2
791,-2
792,2
793,-2
794,-6
795,-6
796,2
797,-2
798,2
799,2
800,-2
801,-2
802,-6
803,-6
804,14
805,2
806,10
807,-10
808,2
809,2
810,-2
811,-2
812,2
813,2
814,-2
815,2
816,-2
817,-2
818,2
819,-2
820,-6
821,2
822,2
823,2
824,-2
825,-2
826,-10
827,-10
828,2
829,-2
830,2
831,-2
832,-6
833,-2
834,-2
835,-10
836,2
837,2
838,-2
839,-6
840,-2
841,-6
842,2
843,2
844,-2
845,-2
846,2
847,-26
848,2
849,-2
850,26
851,-10
852,2
853,-6
854,-2
855,2
856,2
857,-2
858,-2
859,10
860,-2
861,-6
862,-2
863,2
864,-2
865,2
866,2
867,2
868,2
869,2
870,-2
871,-6
872,-2
873,2
874,2
875,2
876,2
877,-2
878,-2
879,10
880,-10
881,-6
882,-6
883,2
884,-6
885,2
886,2
887,2
888,2
889,-2
890,-6
891,-10
892,-6
893,-6
894,2
895,2
896,2
897,2
898,-2
899,-2
900,2
901,2
902,-10
903,2
904,2
905,-2
906,2
907,-10
908,-2
909,2
910,2
911,-2
912,2
913,2
914,2
915,2
916,2
917,-2
918,-2
919,2
920,-2
921,-2
922,14
923,-2
924,2
925,2
926,10
927,-18
928,-2
929,-2
930,2
931,2
932,2
933,2
934,2
935,2
936,2
937,2
938,2
939,2
940,2
941,-2
942,-26
943,2
944,-2
945,-6
946,2
947,-2
948,-2
949,2
950,-10
951,-6
952,2
953,2
954,2
955,14
956,-10
957,10
958,2
959,-2
960,-2
961,-2
962,18
963,-2
964,2
965,-18
966,-2
967,2
968,2
969,2
970,-2
971,-6
972,-2
973,2
974,2
975,-2
976,10
977,-10
978,2
979,-2
980,-2
981,-6
982,-10
983,-2
984,-6
985,-2
986,2
987,-2
988,2
989,2
990,2
991,-2
992,-6
993,2
994,-6
995,-2
996,-2
997,2
998,-10
999,-2
1000,-2
1001,2
1002,2
1003,2
1004,2
1005,-2
1006,-6
1007,2
1008,-2
1009,-2
1010,2
1011,2
1012,2
1013,2
1014,-2
1015,-2
1016,2
1017,2
1018,2
1019,-6
1020,-6
1021,-6
1022,-6
1023,-6
1024,2
1025,2
1026,2
1027,-6
1028,-2
1029,2
1030,2
1031,-6
1032,2
1033,-6
1034,2
1035,2
1036,-6
1037,2
1038,-2
1039,-2
1040,-2
1041,2
1042,-2
1043,2
1044,2
1045,2
1046,-2
1047,-6
1048,-2
1049,-2
1050,-6
1051,-6
1052,-2
1053,2
1054,-2
1055,2
1056,2
1057,-2
1058,-2
1059,2
1060,-2
1061,-2
1062,2
1063,-6
1064,2
1065,2
1066,-2
1067,-6
1068,-2
1069,-6
1070,2
1071,2
1072,-2
1073,-10
1074,-2
1075,-2
1076,2
1077,2
1078,2
1079,-6
1080,2
1081,-2
1082,-2
1083,2
1084,-2
1085,2
1086,2
1087,2
1088,-2
1089,26
1090,-2
1091,-2
1092,-2
1093,-14
1094,-2
1095,2
1096,-6
1097,-6
1098,2
1099,-2
1100,2
1101,14
1102,-6
1103,2
1104,2
1105,-2
1106,2
1107,2
1108,2
1109,2
1110,-6
1111,-2
1112,-2
1113,2
1114,2
1115,2
1116,-2
1117,2
1118,2
1119,-2
1120,2
1121,-6
1122,-2
1123,-2
1124,2
1125,2
1126,10
1127,-2
1128,2
1129,-2
1130,-6
1131,-18
1132,-2
1133,2
1134,2
1135,-6
1136,-2
1137,-10
1138,2
1139,10
1140,-6
1141,2
1142,-2
1143,2
1144,2
1145,2
1146,2
1147,2
1148,2
1149,-6
1150,-2
1151,-2
1152,-2
1153,2
1154,-2
1155,2
1156,2
1157,-2
1158,10
1159,2
1160,2
1161,-10
1162,-2
1163,2
1164,2
1165,2
1166,2
1167,2
1168,2
1169,-10
1170,-10
1171,2
1172,-6
1173,-6
1174,2
1175,2
1176,2
1177,2
1178,-10
1179,2
1180,-6
1181,-10
1182,-6
1183,-2
1184,-18
1185,2
1186,-2
1187,2
1188,-2
1189,2
1190,-6
1191,-26
1192,-6
1193,-6
1194,2
1195,-2
1196,-6
1197,2
1198,-6
1199,2
1200,-6
1201,-6
1202,2
1203,2
1204,2
1205,2
1206,2
1207,-6
1208,-2
1209,-2
1210,2
1211,-6
1212,2
1213,-6
1214,2
1215,-2
1216,-6
1217,2
1218,2
1219,-2
1220,-6
1221,2
1222,-2
1223,2
1224,2
1225,2
1226,2
1227,2
1228,2
1229,-6
1230,2
1231,-6
1232,-2
1233,2
1234,-10
1235,-2
1236,-2
1237,-2
1238,-2
1239,2
1240,-6
1241,-2
1242,-10
1243,-6
1244,2
1245,-2
1246,-10
1247,-2
1248,-2
1249,-6
1250,2
1251,-10
1252,-2
1253,2
1254,-2
1255,2
1256,2
1257,-6
1258,-6
1259,-2
1260,-6
1261,2
1262,2
1263,-10
1264,10
1265,2
1266,-2
1267,2
1268,2
1269,2
1270,2
1271,-6
1272,2
1273,2
1274,2
1275,10
1276,-2
1277,-2
1278,2
1279,2
1280,-2
1281,2
1282,-2
1283,2
1284,2
1285,10
1286,2
1287,2
1288,-6
1289,-6
1290,-2
1291,-6
1292,2
1293,-2
1294,-2
1295,-2
1296,2
1297,2
1298,-6
1299,2
1300,-2
1301,2
1302,-6
1303,2
1304,-2
1305,2
1306,2
1307,2
1308,2
1309,2
1310,-2
1311,2
1312,-2
1313,-2
1314,10
1315,-2
1316,2
1317,-2
1318,2
1319,-6
1320,-10
1321,2
1322,2
1323,2
1324,2
1325,2
1326,2
1327,14
1328,2
1329,2
1330,-6
1331,2
1332,-2
1333,-2
1334,2
1335,-2
1336,2
1337,-2
1338,10
1339,-2
1340,-6
1341,-6
1342,-6
1343,-6
1344,-2
1345,2
1346,2
1347,-2
1348,2
1349,-26
1350,-2
1351,-30
1352,2
1353,-6
1354,-2
1355,2
1356,-2
1357,2
1358,10
1359,-6
1360,-6
1361,-2
1362,-2
1363,2
1364,2
1365,2
1366,-2
1367,-18
1368,-2
1369,2
1370,-2
1371,-10
1372,2
1373,-2
1374,-2
1375,2
1376,-2
1377,-2
1378,-6
1379,2
1380,-10
1381,-6
1382,-2
1383,-6
1384,-2
1385,2
1386,-10
1387,2
1388,-6
1389,2
1390,2
1391,-6
1392,-6
1393,10
1394,2
1395,2
1396,2
1397,2
1398,2
1399,-2
1400,-2
1401,2
1402,-2
1403,2
1404,-6
1405,-38
1406,2
1407,2
1408,2
1409,-6
1410,2
1411,2
1412,2
1413,-2
1414,-10
1415,-2
1416,-2
1417,-2
1418,2
1419,-2
1420,2
1421,2
1422,-2
1423,2
1424,-2
1425,2
1426,-2
1427,-2
1428,2
1429,2
1430,2
1431,-6
1432,-6
1433,2
1434,-6
1435,2
1436,2
1437,2
1438,-14
1439,-2
1440,10
1441,-10
1442,-2
1443,2
1444,2
1445,2
1446,-2
1447,-6
1448,2
1449,-2
1450,-2
1451,-2
1452,10
1453,-6
1454,-6
1455,-10
1456,18
1457,2
1458,-6
1459,2
1460,2
1461,2
1462,-2
1463,-2
1464,-2
1465,-2
1466,2
1467,2
1468,-10
1469,2
1470,2
1471,-6
1472,-6
1473,2
1474,2
1475,-2
1476,2
1477,14
1478,2
1479,-6
1480,-2
1481,2
1482,2
1483,-2
1484,2
1485,-2
1486,2
1487,-2
1488,-6
1489,2
1490,2
1491,2
1492,-2
1493,-2
1494,-2
1495,-6
1496,2
1497,-18
1498,2
1499,-2
1500,-6
1501,2
1502,2
1503,-2
1504,-2
1505,-6
1506,10
1507,-2
1508,10
1509,2
1510,2
1511,-2
1512,-6
1513,-2
1514,-2
1515,-2
1516,-2
1517,2
1518,-6
1519,-2
1520,2
1521,-6
1522,-2
1523,2
1524,2
1525,-2
1526,2
1527,2
1528,-6
1529,-2
1530,-2
1531,2
1532,-2
1533,2
1534,2
1535,2
1536,-6
1537,2
1538,2
1539,10
1540,-6
1541,-6
1542,10
1543,-6
1544,2
1545,-2
1546,-6
1547,2
1548,-6
1549,-2
1550,-2
1551,2
1552,2
1553,2
1554,2
1555,10
1556,-6
1557,-2
1558,2
1559,-6
1560,-2
1561,-6
1562,-2
1563,-2
1564,-6
1565,2
1566,2
1567,-10
1568,10
1569,2
1570,-2
1571,-2
1572,-2
1573,-2
1574,10
1575,-2
1576,2
1577,2
1578,2
1579,-6
1580,18
1581,2
1582,-2
1583,-6
1584,-6
1585,2
1586,-6
1587,-6
1588,14
1589,-2
1590,2
1591,-2
1592,10
1593,-2
1594,-2
1595,2
1596,-6
1597,2
1598,2
1599,-2
1600,2
1601,-2
1602,-2
1603,-2
1604,2
1605,2
1606,2
1607,2
1608,2
1609,-6
1610,2
1611,-6
1612,-2
1613,-6
1614,-2
1615,-2
1616,-2
1617,2
1618,-2
1619,-6
1620,-6
1621,2
1622,-6
1623,-6
1624,-2
1625,2
1626,2
1627,2
1628,-18
1629,-2
1630,2
1631,2
1632,-2
1633,-6
1634,2
1635,-6
1636,10
1637,-2
1638,2
1639,-2
1640,2
1641,-2
1642,-2
1643,-2
1644,-6
1645,2
1646,2
1647,-2
1648,-10
1649,2
1650,-6
1651,-10
1652,-2
1653,-6
1654,2
1655,2
1656,10
1657,2
1658,2
1659,2
1660,2
1661,2
1662,-2
1663,2
1664,2
1665,-2
1666,-2
1667,-6
1668,-10
1669,2
1670,2
1671,2
1672,-2
1673,2
1674,2
1675,2
1676,2
1677,2
1678,10
1679,-6
1680,2
1681,-6
1682,2
1683,-6
1684,2
1685,-6
1686,-6
1687,2
1688,10
1689,2
1690,-2
1691,2
1692,10
1693,2
1694,2
1695,-2
1696,-2
1697,-2
1698,-6
1699,2
1700,14
1701,-2
1702,2
1703,2
1704,-2
1705,-2
1706,2
1707,-6
1708,-2
1709,2
1710,2
1711,-6
1712,-2
1713,-10
1714,-18
1715,2
1716,2
1717,-10
1718,-2
1719,-6
1720,-2
1721,-10
1722,-2
1723,-6
1724,2
1725,2
1726,2
1727,2
1728,2
1729,-2
1730,2
1731,2
1732,2
1733,-6
1734,-6
1735,2
1736,2
1737,-2
1738,2
1739,2
1740,2
1741,-6
1742,2
1743,-6
1744,2
1745,-6
1746,2
1747,2
1748,-6
1749,-6
1750,2
1751,2
1752,-2
1753,2
1754,-2
1755,-2
1756,-2
1757,2
1758,-6
1759,-2
1760,-6
1761,-6
1762,2
1763,-6
1764,2
1765,2
1766,2
1767,2
1768,-2
1769,-10
1770,-10
1771,2
1772,-6
1773,-6
1774,-6
1775,2
1776,-6
1777,-2
1778,2
1779,2
1780,-2
1781,-2
1782,2
1783,-2
1784,-42
1785,-26
1786,66
1787,14
1788,2
1789,30
1790,-6
1791,-10
1792,-18
1793,-38
1794,-10
1795,-6
1796,-18
1797,14
1798,10
1799,2
1800,-2
1801,38
1802,-26
1803,-2
1804,-6
1805,-6
1806,2
1807,-6
1808,2
1809,-10
1810,2
1811,-6
1812,-2
1813,2
1814,-2
1815,2
1816,2
1817,2
1818,18
1819,-2
1820,2
1821,-2
1822,-2
1823,-2
1824,-10
1825,2
1826,2
1827,-10
1828,2
1829,2
1830,2
1831,-6
1832,-6
1833,2
1834,-6
1835,2
1836,2
1837,-2
1838,2
1839,-2
1840,-18
1841,-2
1842,2
1843,-6
1844,-6
1845,10
1846,2
1847,-2
1848,2
1849,2
1850,-2
1851,2
1852,-6
1853,2
1854,2
1855,2
1856,2
1857,14
1858,2
1859,10
1860,-6
1861,-2
1862,-2
1863,-6
1864,-2
1865,-6
1866,2
1867,2
1868,-2
1869,2
1870,2
1871,-2
1872,-6
1873,2
1874,-10
1875,2
1876,-2
1877,2
1878,10
1879,18
1880,-2
1881,-6
1882,-6
1883,2
1884,-2
1885,14
1886,2
1887,2
1888,2
1889,2
1890,2
1891,2
1892,2
1893,2
1894,-18
1895,2
1896,-2
1897,2
1898,2
1899,14
1900,2
1901,-6
1902,2
1903,2
1904,2
1905,-10
1906,2
1907,2
1908,2
1909,2
1910,2
1911,10
1912,-10
1913,-2
1914,-6
1915,-10
1916,14
1917,-2
1918,-6
1919,2
1920,-6
1921,-18
1922,-6
1923,-10
1924,-2
1925,2
1926,2
1927,10
1928,-6
1929,-6
1930,2
1931,-6
1932,2
1933,2
1934,2
1935,2
1936,2
1937,2
1938,2
1939,-2
1940,2
1941,-2
1942,-6
1943,-18
1944,2
1945,-2
1946,2
1947,-6
1948,14
1949,14
1950,-2
1951,-6
1952,2
1953,-2
1954,2
1955,2
1956,2
1957,2
1958,-6
1959,-2
1960,2
1961,2
1962,-2
1963,-10
1964,-2
1965,2
1966,-6
1967,-10
1968,-10
1969,18
1970,10
1971,-2
1972,-6
1973,-10
1974,-2
1975,2
1976,2
1977,-6
1978,2
1979,-6
1980,10
1981,2
1982,-2
1983,-2
1984,14
1985,10
1986,2
1987,2
1988,-2
1989,-6
1990,2
1991,-2
1992,-6
1993,-6
1994,-10
1995,10
1996,10
1997,2
1998,-6
1999,2
2000,-14
2001,-2
2002,2
2003,-6
2004,2
2005,-2
2006,2
2007,-10
2008,2
2009,2
2010,-6
2011,2
2012,2
2013,2
2014,-6
2015,-6
2016,2
2017,2
2018,-10
2019,2
2020,-2
2021,-10
2022,-6
2023,2
2024,10
2025,2
2026,-2
2027,-6
2028,10
2029,-6
2030,2
2031,-6
2032,2
2033,-2
2034,-6
2035,-2
2036,2
2037,-2
2038,-10
2039,-2
2040,2
2041,2
2042,14
2043,-2
2044,2
2045,2
2046,-2
2047,2
2048,2
2049,2
2050,2
2051,-2
2052,-6
2053,-2
2054,-6
2055,2
2056,2
2057,2
2058,30
2059,2
2060,2
2061,-2
2062,2
2063,2
2064,-6
2065,10
2066,-2
2067,2
2068,-2
2069,2
2070,-10
2071,-6
2072,-2
2073,18
2074,-6
2075,-10
2076,-2
2077,-2
2078,2
2079,-26
2080,2
2081,-2
2082,-2
2083,2
2084,-2
2085,-2
2086,2
2087,-2
2088,2
2089,2
2090,26
2091,2
2092,-6
2093,2
2094,-2
2095,2
2096,2
2097,2
2098,14
2099,14
2100,2
2101,2
2102,2
2103,2
2104,2
2105,-6
2106,2
2107,-2
2108,2
2109,-2
2110,2
2111,-6
2112,2
2113,2
2114,-6
2115,-6
2116,2
2117,-2
2118,2
2119,14
2120,2
2121,2
2122,-2
2123,2
2124,2
2125,2
2126,2
2127,2
2128,2
2129,-6
2130,2
2131,-10
2132,2
2133,-6
2134,-6
2135,2
2136,2
2137,-2
2138,18
2139,-2
2140,2
2141,2
2142,2
2143,-6
2144,-2
2145,2
2146,2
2147,10
2148,-2
2149,-2
2150,-2
2151,2
2152,2
2153,-6
2154,10
2155,-6
2156,-42
2157,10
2158,2
2159,2
2160,2
2161,-6
2162,-10
2163,-30
2164,2
2165,-6
2166,-2
2167,14
2168,2
2169,-2
2170,2
2171,-2
2172,-10
2173,-2
2174,2
2175,2
2176,2
2177,10
2178,-2
2179,-2
2180,-2
2181,2
2182,-2
2183,2
2184,2
2185,2
2186,2
2187,2
2188,2
2189,-2
2190,2
2191,2
2192,-2
2193,-2
2194,-6
2195,-2
2196,-2
2197,-2
2198,2
2199,-6
2200,-2
2201,-6
2202,2
2203,2
2204,2
2205,-6
2206,2
2207,2
2208,2
2209,-18
2210,-2
2211,-2
2212,-6
2213,-2
2214,-2
2215,-6
2216,2
2217,2
2218,2
2219,-6
2220,-6
2221,-6
2222,-6
2223,-2
2224,-10
2225,-14
2226,2
2227,-6
2228,-6
2229,-18
2230,2
2231,2
2232,-6
2233,-6
2234,-2
2235,-2
2236,2
2237,-2
2238,-2
2239,2
2240,-18
2241,-2
2242,-30
2243,-6
2244,2
2245,-2
2246,-2
2247,2
2248,-6
2249,2
2250,-2
2251,-6
2252,-2
2253,10
2254,2
2255,-10
2256,2
2257,2
2258,-2
2259,-10
2260,-6
2261,-10
2262,-2
2263,-6
2264,2
2265,-6
2266,2
2267,2
2268,2
2269,10
2270,2
2271,2
2272,-6
2273,-2
2274,-2
2275,2
2276,-2
2277,-6
2278,-14
2279,2
2280,2
2281,-2
2282,-6
2283,-2
2284,-2
2285,2
2286,-2
2287,-2
2288,-6
2289,-10
2290,-2
2291,2
2292,2
2293,-2
2294,2
2295,2
2296,10
2297,-2
2298,-10
2299,-2
2300,-2
2301,2
2302,2
2303,-6
2304,-6
2305,-2
2306,2
2307,10
2308,10
2309,2
2310,-2
2311,-6
2312,2
2313,-2
2314,18
2315,2
2316,2
2317,2
2318,2
2319,26
2320,-6
2321,-10
2322,-6
2323,2
2324,-6
2325,2
2326,-2
2327,-2
2328,2
2329,-6
2330,2
2331,-6
2332,2
2333,-10
2334,2
2335,-2
2336,2
2337,-2
2338,-2
2339,2
2340,2
2341,2
2342,-2
2343,2
2344,-10
2345,-6
2346,2
2347,18
2348,14
2349,2
2350,2
2351,-6
2352,2
2353,-2
2354,-6
2355,2
2356,2
2357,10
2358,2
2359,-2
2360,2
2361,-2
2362,-2
2363,2
2364,-6
2365,14
2366,-6
2367,-2
2368,-2
2369,-6
2370,2
2371,2
2372,-6
2373,10
2374,-6
2375,-6
2376,2
2377,-6
2378,2
2379,10
2380,-10
2381,2
2382,2
2383,-2
2384,-6
2385,-2
2386,2
2387,2
2388,2
2389,-6
2390,2
2391,2
2392,10
2393,2
2394,2
2395,-2
2396,2
2397,2
2398,10
2399,-2
2400,2
2401,-10
2402,-2
2403,-6
2404,2
2405,2
2406,2
2407,2
2408,-2
2409,-6
2410,-2
2411,-2
2412,-10
2413,-6
2414,-2
2415,2
2416,-6
2417,-2
2418,2
2419,-2
2420,2
2421,-2
2422,-6
2423,14
2424,2
2425,-10
2426,10
2427,2
2428,-2
2429,18
2430,10
2431,-2
2432,-10
2433,2
2434,2
2435,-6
2436,2
2437,2
2438,2
2439,2
2440,-2
2441,2
2442,-2
2443,-6
2444,2
2445,-2
2446,2
2447,-2
2448,2
2449,2
2450,2
2451,2
2452,-2
2453,-2
2454,2
2455,2
2456,2
2457,-2
2458,2
2459,2
2460,-2
2461,2
2462,-2
2463,2
2464,2
2465,2
2466,-2
2467,2
2468,14
2469,2
2470,-6
2471,-10
2472,-2
2473,2
2474,-18
2475,2
2476,2
2477,18
2478,2
2479,-10
2480,-6
2481,-2
2482,10
2483,2
2484,-10
2485,2
2486,-6
2487,-6
2488,2
2489,-2
2490,-10
2491,-6
2492,-6
2493,-6
2494,-18
2495,-2
2496,2
2497,-2
2498,2
2499,14
2500,2
2501,2
2502,-2
2503,-2
2504,2
2505,-10
2506,-2
2507,2
2508,2
2509,-6
2510,-2
2511,-14
2512,2
2513,2
2514,10
2515,-2
2516,2
2517,-6
2518,-6
2519,2
2520,2
2521,2
2522,2
2523,-2
2524,-6
2525,-6
2526,2
2527,-6
2528,2
2529,2
2530,-6
2531,2
2532,-10
2533,-2
2534,2
2535,-2
2536,-2
2537,2
2538,-6
2539,2
2540,-2
2541,2
2542,2
2543,-10
2544,2
2545,2
2546,-2
2547,2
2548,-2
2549,2
2550,-6
2551,2
2552,-2
2553,2
2554,-2
2555,2
2556,2
2557,2
2558,2
2559,-2
2560,2
2561,-6
2562,-2
2563,-2
2564,10
2565,-2
2566,2
2567,2
2568,14
2569,10
2570,-2
2571,2
2572,-6
2573,-6
2574,-6
2575,2
2576,2
2577,-10
2578,2
2579,-6
2580,-2
2581,2
2582,-50
2583,-2
2584,-6
2585,2
2586,14
2587,2
2588,2
2589,2
2590,14
2591,2
2592,-2
2593,-2
2594,2
2595,2
2596,2
2597,2
2598,2
2599,2
2600,-2
2601,2
2602,-6
2603,2
2604,2
2605,-6
2606,-2
2607,-6
2608,2
2609,2
2610,-6
2611,-2
2612,-2
2613,2
2614,-10
2615,2
2616,2
2617,2
2618,2
2619,2
2620,-2
2621,-2
2622,2
2623,10
2624,-2
2625,2
2626,2
2627,2
2628,2
2629,2
2630,2
2631,2
2632,-10
2633,-6
2634,10
2635,-18
2636,2
2637,2
2638,-2
2639,-18
2640,-6
2641,2
2642,-6
2643,-2
2644,-6
2645,-6
2646,2
2647,2
2648,-10
2649,2
2650,-2
2651,2
2652,2
2653,-2
2654,-2
2655,-6
2656,2
2657,-2
2658,2
2659,-6
2660,2
2661,-2
2662,-2
2663,2
2664,-2
2665,-2
2666,-6
2667,2
2668,2
2669,2
2670,-10
2671,-2
2672,2
2673,-2
2674,2
2675,-2
2676,2
2677,2
2678,-6
2679,-2
2680,2
2681,-2
2682,-10
2683,-6
2684,-6
2685,2
2686,-2
2687,-10
2688,-2
2689,26
2690,2
2691,2
2692,-18
2693,2
2694,-2
2695,-2
2696,-2
2697,-2
2698,-6
2699,2
2700,-2
2701,2
2702,-6
2703,10
2704,-2
2705,2
2706,2
2707,-2
2708,2
2709,18
2710,2
2711,2
2712,2
2713,-6
2714,-6
2715,-2
2716,2
2717,-2
2718,2
2719,2
2720,18
2721,-2
2722,2
2723,2
2724,-6
2725,2
2726,10
2727,2
2728,2
2729,10
2730,2
2731,-2
2732,2
2733,2
2734,-6
2735,-2
2736,2
2737,2
2738,2
2739,2
2740,2
2741,-6
2742,-6
2743,-2
2744,-6
2745,-2
2746,2
2747,2
2748,2
2749,-2
2750,2
2751,2
2752,-6
2753,-6
2754,30
2755,-10
2756,2
2757,2
2758,2
2759,-26
2760,-2
2761,-2
2762,10
2763,-18
2764,-2
2765,-6
2766,2
2767,10
2768,2
2769,2
2770,2
2771,-6
2772,-2
2773,2
2774,-6
2775,-6
2776,2
2777,2
2778,-6
2779,2
2780,2
2781,-18
2782,-6
2783,-6
2784,-6
2785,-2
2786,-2
2787,2
2788,-10
2789,-2
2790,-2
2791,-6
2792,2
2793,2
2794,-2
2795,-6
2796,2
2797,-6
2798,-2
2799,10
2800,2
2801,2
2802,-2
2803,-2
2804,-2
2805,-6
2806,2
2807,-2
2808,-6
2809,2
2810,-6
2811,2
2812,-2
2813,-2
2814,-6
2815,-2
2816,2
2817,2
2818,2
2819,-6
2820,-2
2821,10
2822,2
2823,-6
2824,-2
2825,2
2826,-6
2827,-2
2828,-2
2829,-6
2830,2
2831,-2
2832,-2
2833,-2
2834,-6
2835,2
2836,2
2837,2
2838,2
2839,-2
2840,-2
2841,2
2842,-14
2843,-2
2844,-2
2845,2
2846,2
2847,10
2848,2
2849,2
2850,2
2851,-6
2852,-6
2853,2
2854,-6
2855,-6
2856,2
2857,2
2858,-2
2859,-2
2860,2
2861,-2
2862,2
2863,-2
2864,-6
2865,-6
2866,2
2867,2
2868,-2
2869,-10
2870,-18
2871,-2
2872,-2
2873,-2
2874,-6
2875,-2
2876,-2
2877,2
2878,-2
2879,-6
2880,-2
2881,-2
2882,-2
2883,2
2884,-6
2885,10
2886,2
2887,-2
2888,2
2889,-2
2890,-2
2891,2
2892,-2
2893,-2
2894,-10
2895,-6
2896,-6
2897,2
2898,2
2899,-38
2900,2
2901,10
2902,-2
2903,2
2904,-6
2905,-6
2906,2
2907,-2
2908,2
2909,2
2910,2
2911,-6
2912,-2
2913,2
2914,2
2915,-2
2916,-2
2917,-2
2918,-2
2919,18
2920,-6
2921,-6
2922,-2
2923,2
2924,-6
2925,2
2926,2
2927,-2
2928,-2
2929,2
2930,-6
2931,2
2932,-2
2933,-6
2934,2
2935,2
2936,-2
2937,-2
2938,-2
2939,-2
2940,-18
2941,2
2942,-2
2943,-6
2944,-6
2945,-6
2946,2
2947,2
2948,2
2949,-2
2950,-6
2951,-2
2952,-6
2953,-2
2954,2
2955,14
2956,2
2957,-2
2958,-6
2959,2
2960,-2
2961,-6
2962,2
2963,-2
2964,30
2965,-6
2966,2
2967,2
2968,2
2969,-2
2970,2
2971,2
2972,-26
2973,2
2974,-2
2975,2
2976,-2
2977,2
2978,-6
2979,2
2980,2
2981,-2
2982,-50
2983,10
2984,2
2985,2
2986,2
2987,-18
2988,2
2989,-2
2990,-10
2991,2
2992,2
2993,2
2994,2
2995,2
2996,2
2997,2
2998,-2
2999,-10
3000,-6
3001,-10
3002,-6
3003,2
3004,-6
3005,-10
3006,-2
3007,-2
3008,-10
3009,10
3010,14
3011,-2
3012,-2
3013,-6
3014,-2
3015,-6
3016,-2
3017,2
3018,2
3019,2
3020,2
3021,2
3022,2
3023,-6
3024,-6
3025,-6
3026,-2
3027,2
3028,2
3029,2
3030,2
3031,2
3032,-2
3033,2
3034,-2
3035,-6
3036,-2
3037,-2
3038,2
3039,-2
3040,-6
3041,14
3042,-6
3043,-2
3044,-2
3045,2
3046,-2
3047,-2
3048,2
3049,2
3050,2
3051,-2
3052,-2
3053,-6
3054,-10
3055,-6
3056,-18
3057,-6
3058,2
3059,26
3060,26
3061,2
3062,2
3063,-6
3064,-6
3065,-2
3066,2
3067,2
3068,2
3069,-6
3070,2
3071,-6
3072,-2
3073,-6
3074,2
3075,-10
3076,-6
3077,2
3078,-6
3079,18
3080,2
3081,-2
3082,2
3083,-2
3084,-2
3085,2
3086,-2
3087,2
3088,2
3089,-2
3090,2
3091,2
3092,-2
3093,-6
3094,2
3095,2
3096,2
3097,-2
3098,2
3099,2
3100,-10
3101,-6
3102,-2
3103,-2
3104,-6
3105,2
3106,2
3107,2
3108,2
3109,2
3110,18
3111,-6
3112,-6
3113,-2
3114,2
3115,-2
3116,2
3117,2
3118,-2
3119,-6
3120,-6
3121,2
3122,2
3123,2
3124,-6
3125,-2
3126,2
3127,2
3128,2
3129,-34
3130,18
3131,-6
3132,-2
3133,2
3134,2
3135,-6
3136,-2
3137,-6
3138,2
3139,2
3140,-6
3141,-6
3142,2
3143,-6
3144,-2
3145,-18
3146,2
3147,-6
3148,2
3149,2
3150,2
3151,2
3152,2
3153,-18
3154,-6
3155,-6
3156,2
3157,2
3158,2
3159,2
3160,2
3161,2
3162,2
3163,2
3164,2
3165,-6
3166,2
3167,2
3168,2
3169,2
3170,2
3171,2
3172,-6
3173,-2
3174,-10
3175,-2
3176,2
3177,-6
3178,-10
3179,2
3180,-6
3181,-2
3182,-6
3183,-2
3184,-2
3185,2
3186,-2
3187,2
3188,2
3189,2
3190,-2
3191,-2
3192,-2
3193,-2
3194,2
3195,2
3196,2
3197,2
3198,2
3199,14
3200,-18
3201,-6
3202,2
3203,-10
3204,-6
3205,2
3206,2
3207,2
3208,2
3209,-2
3210,-2
3211,2
3212,2
3213,-6
3214,2
3215,10
3216,-2
3217,2
3218,10
3219,-10
3220,-6
3221,-2
3222,-2
3223,-6
3224,2
3225,2
3226,2
3227,-26
3228,-6
3229,2
3230,-2
3231,2
3232,2
3233,-6
3234,2
3235,-2
3236,-2
3237,2
3238,2
3239,2
3240,-2
3241,-2
3242,-6
3243,-6
3244,-2
3245,-6
3246,2
3247,-2
3248,-2
3249,2
3250,-6
3251,2
3252,-2
3253,2
3254,-2
3255,2
3256,2
3257,2
3258,-2
3259,-2
3260,2
3261,10
3262,-6
3263,-6
3264,2
3265,14
3266,2
3267,2
3268,-2
3269,2
3270,18
3271,2
3272,-2
3273,-2
3274,-2
3275,2
3276,-2
3277,2
3278,2
3279,-6
3280,2
3281,-6
3282,2
3283,2
3284,-2
3285,2
3286,2
3287,2
3288,-2
3289,2
3290,-10
3291,10
3292,2
3293,18
3294,-10
3295,-2
3296,-2
3297,2
3298,2
3299,-2
3300,2
3301,-214
3302,146
3303,58
3304,-106
3305,-26
3306,14
3307,2
3308,-10
3309,-18
3310,-2
3311,-2
3312,-6
3313,2
3314,-2
3315,2
3316,14
3317,-6
3318,-10
3319,2
3320,-10
3321,10
3322,-6
3323,2
3324,-2
3325,-2
3326,-2
3327,2
3328,10
3329,2
3330,2
3331,2
3332,2
3333,2
3334,-2
3335,-6
3336,2
3337,-10
3338,2
3339,-6
3340,14
3341,2
3342,-2
3343,2
3344,10
3345,2
3346,2
3347,-2
3348,2
3349,-2
3350,-6
3351,2
3352,-6
3353,-42
3354,2
3355,10
3356,-6
3357,38
3358,14
3359,10
3360,-10
3361,-18
3362,-10
3363,-10
3364,-2
3365,2
3366,2
3367,-2
3368,10
3369,2
3370,-6
3371,-6
3372,-2
3373,-10
3374,-6
3375,-2
3376,2
3377,-2
3378,2
3379,-2
3380,2
3381,2
3382,-2
3383,2
3384,2
3385,10
3386,2
3387,2
3388,-2
3389,2
3390,-6
3391,10
3392,-2
3393,2
3394,-6
3395,-6
3396,-2
3397,-2
3398,2
3399,2
3400,-2
3401,-6
3402,-18
3403,-2
3404,-6
3405,2
3406,2
3407,-6
3408,-6
3409,-2
3410,-6
3411,2
3412,2
3413,-2
3414,2
3415,-2
3416,2
3417,2
3418,2
3419,-2
3420,2
3421,14
3422,-6
3423,-2
3424,2
3425,-6
3426,2
3427,-2
3428,2
3429,-2
3430,-6
3431,-6
3432,-2
3433,2
3434,-2
3435,-6
3436,2
3437,-2
3438,-2
3439,-10
3440,-6
3441,2
3442,-6
3443,2
3444,-6
3445,-2
3446,2
3447,-6
3448,14
3449,-6
3450,2
3451,-10
3452,-6
3453,-6
3454,-6
3455,-10
3456,2
3457,2
3458,2
3459,-6
3460,18
3461,-2
3462,-10
3463,2
3464,-6
3465,2
3466,2
3467,-2
3468,-2
3469,10
3470,2
3471,-2
3472,-2
3473,-2
3474,-2
3475,-6
3476,2
3477,-10
3478,2
3479,-6
3480,-2
3481,-2
3482,-10
3483,-2
3484,-6
3485,-2
3486,-2
3487,2
3488,-10
3489,2
3490,-6
3491,-2
3492,-6
3493,10
3494,2
3495,-6
3496,2
3497,2
3498,2
3499,2
3500,2
3501,2
3502,10
3503,2
3504,2
3505,-10
3506,-6
3507,2
3508,2
3509,-2
3510,-6
3511,-2
3512,-2
3513,-6
3514,-6
3515,2
3516,-10
3517,-6
3518,-2
3519,2
3520,2
3521,2
3522,2
3523,2
3524,-2
3525,-6
3526,-2
3527,2
3528,-6
3529,-2
3530,-6
3531,14
3532,-6
3533,-10
3534,-2
3535,-6
3536,-2
3537,2
3538,-2
3539,-2
3540,2
3541,-6
3542,-6
3543,2
3544,10
3545,-10
3546,-2
3547,2
3548,2
3549,-2
3550,2
3551,-2
3552,-10
3553,-6
3554,2
3555,-2
3556,-2
3557,-2
3558,10
3559,2
3560,2
3561,2
3562,10
3563,-6
3564,-126
3565,-246
3566,-138
3567,62
3568,218
3569,242
3570,218
3571,118
3572,-10
3573,-222
3574,-62
3575,-151
3576,-46
3577,146
3578,191
3579,282
3580,226
3581,110
3582,10
3583,-179
3584,-173
3585,-262
3586,-94
3587,138
3588,298
3589,290
3590,242
3591,2
3592,-26
3593,-238
3594,-185
3595,-219
3596,-78
3597,182
3598,254
3599,197
3600,290
3601,98
3602,-38
3603,-274
3604,-189
3605,-173
3606,-174
3607,174
3608,274
3609,298
3610,222
3611,98
3612,-174
3613,-169
3614,-189
3615,-155
3616,-74
3617,146
3618,258
3619,290
3620,238
3621,179
3622,-10
3623,-282
3624,-177
3625,-165
3626,-74
3627,126
3628,238
3629,26
3630,18
3631,2
3632,-2
3633,-26
3634,-2
3635,2
3636,-6
3637,-6
3638,2
3639,2
3640,2
3641,2
3642,-6
3643,-2
3644,-2
3645,-2
3646,-2
3647,2
3648,2
3649,10
3650,-6
3651,-2
3652,-6
3653,2
3654,-18
3655,-6
3656,-2
3657,-2
3658,2
3659,-2
3660,2
3661,2
3662,-2
3663,-6
3664,-2
3665,-6
3666,-2
3667,2
3668,2
3669,2
3670,2
3671,2
3672,2
3673,2
3674,-6
3675,14
3676,-2
3677,2
3678,-2
3679,-10
3680,-2
3681,2
3682,-2
3683,2
3684,-2
3685,-2
3686,2
3687,2
3688,-6
3689,2
3690,-2
3691,-2
3692,-2
3693,2
3694,2
3695,-2
3696,2
3697,-6
3698,2
3699,2
3700,-2
3701,-6
3702,2
3703,-6
3704,-2
3705,-2
3706,-2
3707,-2
3708,2
3709,2
3710,2
3711,-2
3712,-2
3713,2
3714,-6
3715,-2
3716,2
3717,2
3718,2
3719,2
3720,2
3721,2
3722,-2
3723,-6
3724,2
3725,-2
3726,2
3727,2
3728,-2
3729,2
3730,2
3731,2
3732,-2
3733,-6
3734,-6
3735,2
3736,-6
3737,2
3738,-2
3739,2
3740,2
3741,-2
3742,-2
3743,2
3744,-2
3745,2
3746,10
3747,2
3748,-2
3749,2
3750,2
3751,-2
3752,-2
3753,2
3754,-2
3755,2
3756,2
3757,-6
3758,-2
3759,-2
3760,2
3761,2
3762,2
3763,-2
3764,-2
3765,-6
3766,-10
3767,-2
3768,2
3769,-2
3770,2
3771,2
3772,-2
3773,-2
3774,2
3775,-6
3776,-2
3777,2
3778,2
3779,2
3780,2
3781,2
3782,2
3783,2
3784,-2
3785,2
3786,2
3787,2
3788,2
3789,-2
3790,2
3791,-2
3792,2
3793,2
3794,2
3795,-2
3796,-2
3797,2
3798,2
3799,2
3800,10
3801,-2
3802,-2
3803,-2
3804,-2
3805,-2
3806,2
3807,-2
3808,2
3809,2
3810,2
3811,2
3812,-2
3813,-2
3814,2
3815,2
3816,-2
3817,-2
3818,2
3819,-2
3820,2
3821,-2
3822,-6
3823,-2
3824,-2
3825,2
3826,-2
3827,-2
3828,-2
3829,2
3830,2
3831,-2
3832,-2
3833,2
3834,2
3835,-2
3836,-2
3837,-2
3838,2
3839,-2
3840,2
3841,-2
3842,-6
3843,-6
3844,-2
3845,-2
3846,-6
3847,-2
3848,-2
3849,-10
3850,-6
3851,-2
3852,-2
3853,2
3854,2
3855,-2
3856,2
3857,2
3858,-2
3859,-2
3860,2
3861,-2
3862,-6
3863,-2
3864,-2
3865,-2
3866,-2
3867,-2
3868,2
3869,2
3870,2
3871,-2
3872,-2
3873,-6
3874,-6
3875,-2
3876,-2
3877,-2
3878,-2
3879,2
3880,-10
3881,2
3882,-2
3883,-2
3884,-2
3885,2
3886,2
3887,2
3888,2
3889,2
3890,-2
3891,-2
3892,2
3893,-6
3894,2
3895,-2
3896,-2
3897,2
3898,2
3899,-2
3900,-6
3901,2
3902,2
3903,-2
3904,-6
3905,2
3906,-2
3907,-6
3908,2
3909,2
3910,2
3911,-2
3912,-10
3913,-2
3914,2
3915,-2
3916,2
3917,2
3918,-2
3919,2
3920,2
3921,2
3922,2
3923,-2
3924,-2
3925,2
3926,2
3927,-2
3928,2
3929,2
3930,2
3931,2
3932,-2
3933,-2
3934,-6
3935,-2
3936,-2
3937,2
3938,2
3939,2
3940,2
3941,2
3942,2
3943,-2
3944,2
3945,2
3946,2
3947,2
3948,2
3949,2
3950,-2
3951,2
3952,2
3953,-2
3954,2
3955,-2
3956,2
3957,2
3958,2
3959,2
3960,2
3961,-2
3962,2
3963,-2
3964,2
3965,2
3966,-2
3967,2
3968,-6
3969,2
3970,2
3971,2
3972,-2
3973,2
3974,-2
3975,-2
3976,-2
3977,-2
3978,-2
3979,-10
3980,-6
3981,2
3982,-2
3983,2
3984,-2
3985,2
3986,2
3987,2
3988,2
3989,2
3990,2
3991,2
3992,-2
3993,-2
3994,-2
3995,2
3996,-2
3997,2
3998,2
3999,2
4000,2
4001,-2
4002,-2
4003,2
4004,-6
4005,2
4006,2
4007,2
4008,2
4009,2
4010,-2
4011,-2
4012,2
4013,2
4014,2
4015,-2
4016,-2
4017,-2
4018,2
4019,2
4020,2
4021,-2
4022,-2
4023,-6
4024,-2
4025,2
4026,-2
4027,-2
4028,2
4029,2
4030,2
4031,2
4032,-2
4033,2
4034,-2
4035,-6
4036,2
4037,2
4038,2
4039,2
4040,2
4041,2
4042,-2
4043,-2
4044,-2
4045,-2
4046,2
4047,-2
4048,2
4049,2
4050,-10
4051,-2
4052,-2
4053,-6
4054,-2
4055,2
4056,-2
4057,-2
4058,2
4059,2
4060,2
4061,2
4062,2
4063,-2
4064,-2
4065,-2
4066,2
4067,-2
4068,2
4069,2
4070,-2
4071,-10
4072,-2
4073,2
4074,-6
4075,-2
4076,-2
4077,-2
4078,2
4079,2
4080,2
4081,-6
4082,-2
4083,2
4084,-6
4085,-2
4086,-2
4087,-6
4088,2
4089,2
4090,-2
4091,-2
4092,-2
4093,2
4094,-6
4095,2
4096,-2
4097,2
4098,-2
4099,-6
4100,-6
4101,2
4102,2
4103,2
4104,-2
4105,-2
4106,2
4107,-2
4108,2
4109,2
4110,2
4111,2
4112,2
4113,-2
4114,-6
4115,2
4116,2
4117,-2
4118,-2
4119,2
4120,2
4121,-2
4122,2
4123,-2
4124,-2
4125,-6
4126,2
4127,2
4128,2
4129,2
4130,-6
4131,2
4132,-6
4133,-2
4134,-2
4135,2
4136,2
4137,2
4138,2
4139,-2
4140,-2
4141,-6
4142,-2
4143,-6
4144,2
4145,-2
4146,2
4147,2
4148,-2
4149,-2
4150,-14
4151,-2
4152,-6
4153,-6
4154,-2
4155,-6
4156,-6
4157,-2
4158,-6
4159,-2
4160,2
4161,-2
4162,-2
4163,2
4164,-6
4165,2
4166,-2
4167,2
4168,2
4169,2
4170,-2
4171,-2
4172,-2
4173,-2
4174,-2
4175,-6
4176,-38
4177,38
4178,18
4179,-26
4180,-2
4181,30
4182,-18
4183,-10
4184,-2
4185,2
4186,-2
4187,2
4188,2
4189,2
4190,2
4191,2
4192,2
4193,2
4194,2
4195,-2
4196,-2
4197,2
4198,-6
4199,-2
4200,-2
4201,2
4202,-2
4203,-2
4204,-6
4205,-6
4206,-6
4207,-6
4208,-6
4209,2
4210,2
4211,10
4212,2
4213,2
4214,-2
4215,2
4216,2
4217,2
4218,2
4219,2
4220,2
4221,2
4222,-6
4223,-2
4224,-2
4225,-2
4226,-2
4227,2
4228,2
4229,2
4230,2
4231,2
4232,2
4233,2
4234,2
4235,-2
4236,-2
4237,2
4238,2
4239,2
4240,2
4241,-2
4242,-2
4243,2
4244,-2
4245,2
4246,-2
4247,2
4248,2
4249,2
4250,2
4251,2
4252,-6
4253,2
4254,-2
4255,2
4256,2
4257,-6
4258,2
4259,2
4260,2
4261,2
4262,2
4263,2
4264,2
4265,2
4266,2
4267,2
4268,-6
4269,2
4270,-2
4271,2
4272,2
4273,-2
4274,2
4275,-2
4276,-2
4277,2
4278,2
4279,-2
4280,-6
4281,-2
4282,2
4283,-2
4284,2
4285,2
4286,2
4287,2
4288,-6
4289,2
4290,-2
4291,2
4292,-2
4293,2
4294,-6
4295,-6
4296,-6
4297,2
4298,2
4299,-2
4300,2
4301,-2
4302,-2
4303,2
4304,-2
4305,-6
4306,-2
4307,10
4308,2
4309,2
4310,2
4311,-2
4312,-2
4313,-2
4314,-2
4315,2
4316,-2
4317,-6
4318,2
4319,-2
4320,2
4321,2
4322,-6
4323,2
4324,2
4325,-2
4326,2
4327,2
4328,2
4329,2
4330,2
4331,2
4332,-6
4333,2
4334,2
4335,2
4336,2
4337,-2
4338,2
4339,-2
4340,-2
4341,-2
4342,-6
4343,-6
4344,2
4345,2
4346,2
4347,2
4348,2
4349,2
4350,2
4351,-6
4352,2
4353,-2
4354,-2
4355,-2
4356,-2
4357,-2
4358,2
4359,-2
4360,2
4361,-2
4362,-6
4363,-2
4364,-6
4365,2
4366,-2
4367,-6
4368,2
4369,2
4370,2
4371,-6
4372,-2
4373,-2
4374,2
4375,-6
4376,2
4377,-2
4378,2
4379,-2
4380,2
4381,2
4382,-2
4383,-6
4384,-2
4385,-2
4386,-2
4387,2
4388,2
4389,-2
4390,-2
4391,2
4392,-2
4393,-2
4394,-2
4395,-2
4396,2
4397,2
4398,-2
4399,2
4400,2
4401,2
4402,-2
4403,-2
4404,2
4405,-2
4406,2
4407,2
4408,-2
4409,-2
4410,-6
4411,2
4412,2
4413,2
4414,-2
4415,-2
4416,-2
4417,2
4418,2
4419,-2
4420,-2
4421,2
4422,-2
4423,2
4424,2
4425,2
4426,-2
4427,-2
4428,2
4429,2
4430,2
4431,2
4432,-2
4433,-2
4434,-2
4435,-2
4436,2
4437,-2
4438,2
4439,2
4440,-6
4441,-2
4442,2
4443,2
4444,-6
4445,-10
4446,-6
4447,2
4448,2
4449,-2
4450,-6
4451,-2
4452,2
4453,2
4454,-2
4455,-2
4456,-2
4457,2
4458,2
4459,2
4460,2
4461,2
4462,2
4463,2
4464,-6
4465,-6
4466,2
4467,2
4468,2
4469,2
4470,-2
4471,-2
4472,-2
4473,2
4474,-2
4475,-2
4476,2
4477,-2
4478,-2
4479,2
4480,2
4481,-6
4482,2
4483,-2
4484,-2
4485,-2
4486,2
4487,-2
4488,-2
4489,2
4490,2
4491,2
4492,-6
4493,-6
4494,2
4495,-2
4496,-2
4497,2
4498,-2
4499,2
4500,-2
4501,-2
4502,-6
4503,-2
4504,-2
4505,-2
4506,2
4507,-2
4508,2
4509,2
4510,2
4511,-2
4512,2
4513,-6
4514,2
4515,2
4516,2
4517,-6
4518,2
4519,2
4520,-2
4521,-6
4522,-2
4523,-2
4524,-2
4525,-2
4526,2
4527,-2
4528,2
4529,-2
4530,2
4531,-2
4532,-2
4533,-2
4534,-2
4535,-6
4536,-6
4537,2
4538,2
4539,2
4540,-2
4541,-2
4542,2
4543,-2
4544,2
4545,2
4546,-2
4547,-2
4548,2
4549,2
4550,2
4551,2
4552,-2
4553,-2
4554,2
4555,-6
4556,2
4557,2
4558,-2
4559,2
4560,2
4561,-2
4562,2
4563,-2
4564,-2
4565,-6
4566,-2
4567,2
4568,2
4569,-6
4570,-2
4571,-2
4572,-2
4573,-6
4574,-6
4575,-2
4576,-2
4577,-2
4578,-6
4579,-2
4580,2
4581,2
4582,2
4583,-2
4584,2
4585,2
4586,2
4587,2
4588,2
4589,-2
4590,-2
4591,-2
4592,2
4593,-2
4594,2
4595,-2
4596,2
4597,-2
4598,2
4599,2
4600,-2
4601,2
4602,2
4603,-2
4604,2
4605,-6
4606,-2
4607,2
4608,2
4609,-2
4610,-2
4611,2
4612,-2
4613,-2
4614,-2
4615,2
4616,-6
4617,-2
4618,2
4619,2
4620,-2
4621,2
4622,2
4623,-2
4624,-2
4625,-2
4626,-6
4627,2
4628,2
4629,2
4630,2
4631,-2
4632,2
4633,2
4634,-2
4635,-6
4636,-2
4637,2
4638,-2
4639,-2
4640,-2
4641,-2
4642,2
4643,2
4644,-2
4645,-6
4646,-2
4647,-2
4648,2
4649,-2
4650,-2
4651,2
4652,-2
4653,2
4654,2
4655,2
4656,-2
4657,-2
4658,2
4659,-2
4660,-2
4661,2
4662,2
4663,2
4664,-2
4665,-2
4666,-6
4667,-2
4668,2
4669,-2
4670,-2
4671,-6
4672,2
4673,2
4674,-2
4675,-2
4676,2
4677,2
4678,-2
4679,2
4680,2
4681,2
4682,-6
4683,-6
4684,-2
4685,-2
4686,-2
4687,-2
4688,-2
4689,2
4690,-2
4691,-2
4692,-6
4693,2
4694,-2
4695,-6
4696,-6
4697,2
4698,-2
4699,2
4700,2
4701,2
4702,-6
4703,-2
4704,2
4705,-2
4706,-6
4707,-2
4708,2
4709,2
4710,2
4711,2
4712,-6
4713,2
4714,2
4715,-6
4716,-2
4717,-2
4718,-2
4719,2
4720,-2
4721,2
4722,2
4723,2
4724,-6
4725,2
4726,-2
4727,-2
4728,2
4729,2
4730,2
4731,2
4732,2
4733,2
4734,2
4735,-2
4736,2
4737,2
4738,-2
4739,2
4740,-2
4741,2
4742,2
4743,-2
4744,-2
4745,-10
4746,-6
4747,2
4748,-2
4749,2
4750,-2
4751,-2
4752,2
4753,-2
4754,2
4755,-6
4756,-2
4757,2
4758,2
4759,2
4760,2
4761,2
4762,-10
4763,-6
4764,-2
4765,-6
4766,-2
4767,2
4768,2
4769,-2
4770,2
4771,-2
4772,2
4773,2
4774,-2
4775,-2
4776,2
4777,2
4778,-2
4779,2
4780,2
4781,-2
4782,2
4783,-6
4784,2
4785,-6
4786,-2
4787,-2
4788,2
4789,-2
4790,2
4791,2
4792,2
4793,2
4794,2
4795,2
4796,-10
4797,2
4798,2
4799,2
4800,2
4801,2
4802,-2
4803,2
4804,2
4805,-2
4806,-2
4807,-2
4808,2
4809,-2
4810,2
4811,2
4812,-2
4813,2
4814,2
4815,-2
4816,-6
4817,2
4818,2
4819,2
4820,2
4821,2
4822,2
4823,2
4824,2
4825,-2
4826,2
4827,-2
4828,-2
4829,2
4830,2
4831,-6
4832,2
4833,2
4834,-2
4835,2
4836,-10
4837,2
4838,2
4839,2
4840,2
4841,2
4842,-6
4843,-6
4844,-6
4845,-2
4846,-6
4847,-2
4848,2
4849,2
4850,-6
4851,2
4852,-2
4853,-10
4854,-6
4855,-10
4856,2
4857,2
4858,2
4859,-6
4860,2
4861,2
4862,-2
4863,-2
4864,2
4865,-2
4866,-2
4867,-2
4868,10
4869,2
4870,-2
4871,2
4872,2
4873,-2
4874,-2
4875,-2
4876,-2
4877,2
4878,2
4879,-2
4880,10
4881,2
4882,-18
4883,2
4884,-2
4885,-10
4886,-10
4887,-14
4888,2
4889,2
4890,2
4891,-2
4892,-2
4893,2
4894,-2
4895,-6
4896,-6
4897,2
4898,2
4899,2
4900,2
4901,-2
4902,-6
4903,2
4904,-6
4905,-2
4906,-2
4907,2
4908,-2
4909,2
4910,2
4911,-6
4912,-6
4913,2
4914,-2
4915,2
4916,-2
4917,-2
4918,2
4919,-6
4920,2
4921,2
4922,-2
4923,2
4924,-6
4925,-6
4926,-18
4927,-2
4928,2
4929,2
4930,10
4931,10
4932,10
4933,14
4934,-10
4935,-30
4936,-46
4937,-38
4938,-38
4939,18
4940,30
4941,38
4942,46
4943,30
4944,-6
4945,-78
4946,-142
4947,-94
4948,-18
4949,62
4950,118
4951,138
4952,102
4953,78
4954,-38
4955,-158
4956,-194
4957,-138
4958,-38
4959,86
4960,154
4961,166
4962,118
4963,58
4964,-50
4965,-158
4966,-194
4967,-146
4968,-30
4969,70
4970,86
4971,98
4972,70
4973,26
4974,-10
4975,-38
4976,-94
4977,-30
4978,-6
4979,2
4980,18
4981,46
4982,18
4983,14
4984,2
4985,-18
4986,-26
4987,-26
4988,-18
4989,30
4990,2
4991,2
4992,2
4993,-6
4994,-6
4995,-2
4996,-2
4997,2
4998,2
4999,-2
5000,-2
5001,2
5002,-6
5003,-2
5004,-2
5005,-2
5006,-2
5007,-18
5008,2
5009,2
5010,2
5011,-2
5012,2
5013,-6
5014,-6
5015,-2
5016,-6
5017,2
5018,-10
5019,2
5020,-2
5021,2
5022,2
5023,-2
5024,2
5025,-6
5026,2
5027,2
5028,2
5029,2
5030,14
5031,14
5032,2
5033,-6
5034,-2
5035,-6
5036,2
5037,2
5038,2
5039,2
5040,2
5041,2
5042,-2
5043,-2
5044,2
5045,-2
5046,2
5047,-6
5048,2
5049,2
5050,2
5051,2
5052,-2
5053,2
5054,-6
5055,2
5056,-2
5057,-2
5058,-6
5059,-6
5060,-10
5061,2
5062,-2
5063,-6
5064,-6
5065,2
5066,-2
5067,-2
5068,2
5069,2
5070,2
5071,-2
5072,-6
5073,2
5074,-2
5075,-6
5076,-10
5077,-2
5078,2
5079,-2
5080,-2
5081,2
5082,2
5083,2
5084,-2
5085,-6
5086,2
5087,-6
5088,2
5089,2
5090,2
5091,2
5092,-2
5093,2
5094,-2
5095,-2
5096,-2
5097,2
5098,-2
5099,-2
5100,2
5101,2
5102,2
5103,-2
5104,-6
5105,2
5106,-2
5107,-6
5108,2
5109,2
5110,-2
5111,2
5112,2
5113,2
5114,2
5115,-2
5116,2
5117,-6
5118,2
5119,2
5120,2
5121,-2
5122,-6
5123,2
5124,-2
5125,2
5126,2
5127,-2
5128,2
5129,-2
5130,2
5131,-2
5132,2
5133,-6
5134,-6
5135,2
5136,-6
5137,-2
5138,14
5139,2
5140,-2
5141,-2
5142,-2
5143,2
5144,2
5145,-2
5146,2
5147,-2
5148,2
5149,-6
5150,2
5151,2
5152,-2
5153,-2
5154,-2
5155,-2
5156,-2
5157,2
5158,2
5159,2
5160,14
5161,2
5162,-2
5163,2
5164,-6
5165,-10
5166,2
5167,2
5168,-2
5169,2
5170,2
5171,2
5172,-18
5173,-2
5174,-2
5175,2
5176,-6
5177,2
5178,-6
5179,2
5180,2
5181,10
5182,2
5183,-2
5184,-2
5185,2
5186,-2
5187,2
5188,-2
5189,2
5190,-6
5191,2
5192,-2
5193,-2
5194,-2
5195,2
5196,-6
5197,2
5198,2
5199,2
5200,2
5201,-6
5202,2
5203,-10
5204,-2
5205,-6
5206,2
5207,2
5208,2
5209,2
5210,2
5211,2
5212,2
5213,-2
5214,-2
5215,-2
5216,2
5217,2
5218,2
5219,2
5220,-2
5221,2
5222,14
5223,-2
5224,-6
5225,-6
5226,18
5227,-2
5228,-2
5229,2
5230,2
5231,-26
5232,2
5233,-2
5234,2
5235,2
5236,-2
5237,-2
5238,2
5239,2
5240,2
5241,-2
5242,2
5243,2
5244,-2
5245,-2
5246,-6
5247,-2
5248,-2
5249,2
5250,2
5251,-2
5252,10
5253,-2
5254,-2
5255,-2
5256,-6
5257,2
5258,2
5259,2
5260,-2
5261,-2
5262,-2
5263,-2
5264,-6
5265,-2
5266,-2
5267,-2
5268,-2
5269,2
5270,2
5271,2
5272,2
5273,2
5274,2
5275,-6
5276,-10
5277,2
5278,2
5279,2
5280,-2
5281,-2
5282,2
5283,-2
5284,2
5285,-6
5286,-2
5287,-2
5288,-2
5289,2
5290,2
5291,2
5292,2
5293,-2
5294,-6
5295,-2
5296,-2
5297,-2
5298,-2
5299,-2
5300,-2
5301,-6
5302,2
5303,-2
5304,-2
5305,-2
5306,-2
5307,2
5308,2
5309,-2
5310,2
5311,-6
5312,-2
5313,-2
5314,-2
5315,-6
5316,-2
5317,2
5318,2
5319,-2
5320,2
5321,2
5322,2
5323,-2
5324,-2
5325,-2
5326,10
5327,-2
5328,2
5329,2
5330,2
5331,2
5332,-2
5333,-2
5334,-2
5335,2
5336,-2
5337,-2
5338,2
5339,2
5340,2
5341,2
5342,2
5343,2
5344,2
5345,-2
5346,-2
5347,2
5348,-2
5349,2
5350,2
5351,2
5352,2
5353,-2
5354,-6
5355,-6
5356,2
5357,2
5358,2
5359,2
5360,2
5361,2
5362,2
5363,-6
5364,-2
5365,-6
5366,-2
5367,-2
5368,2
5369,2
5370,-2
5371,2
5372,2
5373,2
5374,-2
5375,-2
5376,-10
5377,2
5378,-6
5379,2
5380,2
5381,2
5382,2
5383,-6
5384,2
5385,-2
5386,-2
5387,-6
5388,2
5389,-2
5390,2
5391,2
5392,-2
5393,2
5394,-2
5395,-2
5396,-2
5397,-10
5398,-2
5399,-6
5400,2
5401,2
5402,2
5403,2
5404,-2
5405,-2
5406,-2
5407,2
5408,-2
5409,2
5410,-2
5411,-2
5412,2
5413,2
5414,2
5415,2
5416,-2
5417,-6
5418,2
5419,2
5420,2
5421,2
5422,2
5423,-6
5424,-2
5425,-6
5426,-2
5427,-2
5428,-2
5429,2
5430,2
5431,2
5432,-6
5433,2
5434,-2
5435,-2
5436,-2
5437,-2
5438,-2
5439,-2
5440,2
5441,2
5442,-2
5443,-2
5444,-2
5445,-2
5446,-2
5447,-2
5448,2
5449,2
5450,-2
5451,2
5452,2
5453,-6
5454,-2
5455,-2
5456,-6
5457,-2
5458,-2
5459,-6
5460,2
5461,-2
5462,2
5463,2
5464,-6
5465,2
5466,2
5467,-2
5468,2
5469,2
5470,2
5471,2
5472,-2
5473,2
5474,-2
5475,-2
5476,-2
5477,-6
5478,-2
5479,2
5480,2
5481,2
5482,-6
5483,-2
5484,2
5485,-6
5486,2
5487,-2
5488,-6
5489,2
5490,2
5491,-6
5492,-6
5493,-2
5494,-2
5495,-2
5496,-2
5497,-6
5498,-6
5499,2
5500,-6
5501,2
5502,2
5503,-6
5504,2
5505,-2
5506,-2
5507,2
5508,2
5509,2
5510,2
5511,2
5512,-2
5513,-6
5514,-6
5515,2
5516,-2
5517,-2
5518,2
5519,-6
5520,2
5521,-6
5522,-2
5523,-2
5524,2
5525,-2
5526,2
5527,2
5528,2
5529,-2
5530,2
5531,2
5532,-2
5533,-2
5534,-2
5535,2
5536,2
5537,-2
5538,-2
5539,2
5540,2
5541,2
5542,2
5543,-2
5544,2
5545,-2
5546,-10
5547,2
5548,-2
5549,-2
5550,2
5551,-2
5552,-2
5553,-2
5554,-2
5555,-6
5556,-6
5557,2
5558,-2
5559,2
5560,2
5561,-2
5562,-6
5563,-6
5564,-6
5565,-6
5566,-2
5567,-2
5568,-6
5569,2
5570,-10
5571,2
5572,-2
5573,-6
5574,2
5575,2
5576,-2
5577,-2
5578,2
5579,2
5580,2
5581,2
5582,-6
5583,2
5584,-6
5585,-6
5586,-2
5587,-6
5588,-2
5589,2
5590,2
5591,2
5592,2
5593,2
5594,-2
5595,-2
5596,-2
5597,-2
5598,-2
5599,2
5600,2
5601,2
5602,2
5603,-2
5604,2
5605,2
5606,-2
5607,2
5608,-6
5609,2
5610,2
5611,2
5612,-2
5613,-2
5614,-2
5615,-2
5616,-6
5617,-2
5618,2
5619,-2
5620,-2
5621,2
5622,-2
5623,2
5624,-2
5625,-2
5626,-2
5627,-2
5628,2
5629,2
5630,-2
5631,2
5632,2
5633,2
5634,-6
5635,-2
5636,2
5637,-6
5638,2
5639,-6
5640,2
5641,-2
5642,-2
5643,-2
5644,-2
5645,2
5646,2
5647,2
5648,2
5649,-2
5650,2
5651,-2
5652,-6
5653,-2
5654,2
5655,-6
5656,2
5657,2
5658,2
5659,2
5660,2
5661,-2
5662,2
5663,2
5664,-2
5665,-2
5666,-199
5667,-221
5668,-246
5669,-106
5670,66
5671,46
5672,-2
5673,-10
5674,-18
5675,-14
5676,-6
5677,2
5678,10
5679,2
5680,-6
5681,10
5682,2
5683,26
5684,-2
5685,-10
5686,-2
5687,-6
5688,2
5689,-2
5690,2
5691,14
5692,-2
5693,2
5694,-6
5695,-26
5696,2
5697,-2
5698,18
5699,2
5700,2
5701,2
5702,2
5703,2
5704,-2
5705,2
5706,2
5707,-10
5708,-2
5709,2
5710,2
5711,-2
5712,-10
5713,-10
5714,-6
5715,2
5716,2
5717,2
5718,2
5719,2
5720,2
5721,18
5722,2
5723,-2
5724,-2
5725,2
5726,2
5727,30
5728,-18
5729,-2
5730,-26
5731,10
5732,14
5733,2
5734,-10
5735,-6
5736,-6
5737,-6
5738,-2
5739,-6
5740,2
5741,-10
5742,-6
5743,2
5744,10
5745,-6
5746,-6
5747,-10
5748,-6
5749,2
5750,2
5751,10
5752,-2
5753,-2
5754,2
5755,2
5756,-2
5757,-10
5758,2
5759,-6
5760,2
5761,2
5762,-10
5763,2
5764,-2
5765,2
5766,2
5767,-2
5768,2
5769,2
5770,2
5771,-2
5772,-6
5773,-2
5774,-2
5775,-18
5776,-2
5777,10
5778,2
5779,2
5780,2
5781,2
5782,2
5783,-6
5784,2
5785,2
5786,-2
5787,-2
5788,-10
5789,-2
5790,-2
5791,2
5792,2
5793,2
5794,-6
5795,2
5796,-2
5797,-2
5798,2
5799,2
5800,2
5801,2
5802,2
5803,-6
5804,2
5805,2
5806,-6
5807,-2
5808,-2
5809,2
5810,10
5811,-6
5812,2
5813,2
5814,2
5815,2
5816,2
5817,2
5818,2
5819,-2
5820,2
5821,-2
5822,2
5823,-6
5824,-2
5825,-6
5826,-6
5827,-10
5828,2
5829,2
5830,2
5831,10
5832,2
5833,-2
5834,2
5835,-2
5836,2
5837,-2
5838,-6
5839,-10
5840,2
5841,10
5842,-2
5843,-6
5844,2
5845,2
5846,-10
5847,-6
5848,-10
5849,10
5850,2
5851,-2
5852,10
5853,-2
5854,-2
5855,-6
5856,-2
5857,2
5858,2
5859,2
5860,10
5861,2
5862,-2
5863,-2
5864,2
5865,-2
5866,-2
5867,-2
5868,2
5869,2
5870,2
5871,2
5872,-6
5873,-2
5874,-6
5875,-2
5876,2
5877,-2
5878,-2
5879,2
5880,-6
5881,2
5882,-26
5883,2
5884,2
5885,2
5886,2
5887,-2
5888,2
5889,-2
5890,2
5891,-10
5892,2
5893,-6
5894,2
5895,-2
5896,2
5897,2
5898,-6
5899,-2
5900,14
5901,-2
5902,-10
5903,-2
5904,2
5905,-2
5906,-6
5907,2
5908,2
5909,-18
5910,10
5911,2
5912,-2
5913,-2
5914,2
5915,-2
5916,-2
5917,2
5918,-2
5919,-6
5920,2
5921,10
5922,2
5923,-6
5924,-6
5925,2
5926,-6
5927,-2
5928,2
5929,2
5930,-2
5931,2
5932,2
5933,-2
5934,2
5935,2
5936,-2
5937,-2
5938,-2
5939,-6
5940,2
5941,-6
5942,2
5943,2
5944,-2
5945,-6
5946,2
5947,-2
5948,2
5949,-2
5950,2
5951,2
5952,26
5953,2
5954,-2
5955,-10
5956,-2
5957,-2
5958,26
5959,2
5960,-2
5961,-2
5962,-2
5963,-10
5964,-6
5965,2
5966,2
5967,-6
5968,2
5969,10
5970,-6
5971,-10
5972,-10
5973,-2
5974,2
5975,-2
5976,-2
5977,-6
5978,-6
5979,-6
5980,-6
5981,-2
5982,2
5983,2
5984,2
5985,-6
5986,-2
5987,-6
5988,-6
5989,2
5990,-2
5991,2
5992,2
5993,-2
5994,-2
5995,-6
5996,-10
5997,2
5998,2
5999,2
6000,-2
6001,14
6002,-10
6003,-2
6004,2
6005,2
6006,-6
6007,-6
6008,-6
6009,-6
6010,-18
6011,-6
6012,-2
6013,2
6014,2
6015,-6
6016,2
6017,10
6018,-2
6019,2
6020,2
6021,-2
6022,14
6023,-2
6024,-2
6025,2
6026,2
6027,2
6028,-2
6029,2
6030,10
6031,-2
6032,2
6033,-2
6034,2
6035,2
6036,-2
6037,2
6038,10
6039,2
6040,2
6041,-2
6042,-6
6043,-2
6044,2
6045,-6
6046,-2
6047,-6
6048,-2
6049,2
6050,-6
6051,-10
6052,2
6053,-6
6054,-6
6055,-6
6056,-18
6057,-6
6058,2
6059,2
6060,2
6061,2
6062,2
6063,10
6064,-2
6065,26
6066,2
6067,2
6068,2
6069,2
6070,2
6071,2
6072,-14
6073,-2
6074,-2
6075,-2
6076,-10
6077,-2
6078,-2
6079,2
6080,2
6081,-10
6082,-6
6083,-6
6084,2
6085,-2
6086,-2
6087,-10
6088,-6
6089,2
6090,2
6091,-2
6092,-2
6093,2
6094,2
6095,-6
6096,-6
6097,-6
6098,2
6099,2
6100,10
6101,2
6102,10
6103,-2
6104,2
6105,-2
6106,-10
6107,-6
6108,-6
6109,2
6110,2
6111,2
6112,-2
6113,-2
6114,10
6115,-2
6116,-2
6117,2
6118,-18
6119,2
6120,-10
6121,2
6122,2
6123,-6
6124,-2
6125,-10
6126,-2
6127,2
6128,2
6129,2
6130,-18
6131,2
6132,2
6133,2
6134,2
6135,-6
6136,-2
6137,10
6138,2
6139,2
6140,2
6141,2
6142,2
6143,-2
6144,-2
6145,-2
6146,-2
6147,-2
6148,2
6149,2
6150,2
6151,2
6152,2
6153,-18
6154,2
6155,2
6156,-2
6157,2
6158,-2
6159,-6
6160,2
6161,2
6162,-2
6163,-6
6164,-2
6165,2
6166,-6
6167,2
6168,-2
6169,-2
6170,2
6171,2
6172,2
6173,-6
6174,14
6175,-6
6176,2
6177,-2
6178,-2
6179,2
6180,-2
6181,-2
6182,-2
6183,2
6184,2
6185,-6
6186,2
6187,-6
6188,-2
6189,2
6190,-6
6191,10
6192,-18
6193,-2
6194,2
6195,2
6196,-6
6197,-2
6198,2
6199,-2
6200,-2
6201,2
6202,-2
6203,14
6204,2
6205,-6
6206,-2
6207,2
6208,2
6209,2
6210,2
6211,-2
6212,2
6213,-2
6214,-2
6215,-2
6216,-2
6217,-2
6218,10
6219,-6
6220,2
6221,2
6222,-2
6223,2
6224,10
6225,-6
6226,2
6227,2
6228,2
6229,-2
6230,2
6231,-2
6232,2
6233,-6
6234,-2
6235,2
6236,-2
6237,-2
6238,2
6239,2
6240,2
6241,-2
6242,2
6243,2
6244,2
6245,-6
6246,-2
6247,-10
6248,2
6249,2
6250,2
6251,-2
6252,2
6253,-10
6254,2
6255,-6
6256,2
6257,18
6258,2
6259,2
6260,2
6261,-2
6262,-26
6263,2
6264,-6
6265,-2
6266,-2
6267,-6
6268,2
6269,2
6270,2
6271,-2
6272,2
6273,-6
6274,-6
6275,-6
6276,-2
6277,-2
6278,2
6279,-2
6280,-6
6281,-6
6282,2
6283,2
6284,-2
6285,2
6286,2
6287,-2
6288,2
6289,2
6290,-14
6291,14
6292,2
6293,2
6294,-18
6295,-6
6296,2
6297,2
6298,-2
6299,2
6300,2
6301,2
6302,2
6303,2
6304,-10
6305,-6
6306,2
6307,-10
6308,-221
6309,-130
6310,282
6311,163
6312,289
6313,206
6314,58
6315,-166
6316,-213
6317,-221
6318,-183
6319,2
6320,2
6321,-18
6322,10
6323,-6
6324,-6
6325,2
6326,-2
6327,-6
6328,2
6329,-6
6330,2
6331,-6
6332,10
6333,2
6334,26
6335,-10
6336,-2
6337,2
6338,2
6339,-6
6340,-2
6341,2
6342,-6
6343,2
6344,2
6345,-2
6346,-2
6347,2
6348,-6
6349,2
6350,2
6351,38
6352,10
6353,2
6354,2
6355,-6
6356,-2
6357,10
6358,-10
6359,-2
6360,10
6361,-6
6362,2
6363,2
6364,2
6365,-2
6366,-10
6367,-18
6368,2
6369,-2
6370,2
6371,-6
6372,2
6373,-10
6374,-2
6375,2
6376,-2
6377,-10
6378,-6
6379,-2
6380,2
6381,2
6382,-10
6383,-2
6384,2
6385,-6
6386,-2
6387,-2
6388,2
6389,-2
6390,10
6391,2
6392,2
6393,-2
6394,-10
6395,-2
6396,-10
6397,2
6398,2
6399,2
6400,2
6401,-6
6402,18
6403,14
6404,-2
6405,-2
6406,-6
6407,10
6408,-2
6409,-2
6410,-2
6411,-6
6412,2
6413,-6
6414,2
6415,-2
6416,-2
6417,2
6418,2
6419,-10
6420,2
6421,10
6422,2
6423,-18
6424,-6
6425,2
6426,-2
6427,-6
6428,2
6429,2
6430,-6
6431,2
6432,10
6433,2
6434,-2
6435,-2
6436,2
6437,-6
6438,2
6439,-6
6440,2
6441,-2
6442,-2
6443,2
6444,-6
6445,2
6446,-2
6447,2
6448,-2
6449,-14
6450,2
6451,2
6452,-2
6453,10
6454,-2
6455,-2
6456,-10
6457,-2
6458,-6
6459,2
6460,2
6461,2
6462,2
6463,2
6464,2
6465,-2
6466,2
6467,-6
6468,-10
6469,-6
6470,2
6471,-2
6472,-2
6473,2
6474,2
6475,2
6476,-6
6477,-10
6478,2
6479,2
6480,2
6481,2
6482,2
6483,-2
6484,-2
6485,-2
6486,-18
6487,-10
6488,-2
6489,2
6490,-2
6491,2
6492,2
6493,2
6494,2
6495,-2
6496,2
6497,2
6498,2
6499,2
6500,2
6501,2
6502,2
6503,-2
6504,-2
6505,2
6506,-6
6507,2
6508,2
6509,-2
6510,-2
6511,-2
6512,-6
6513,2
6514,-6
6515,-2
6516,-2
6517,-2
6518,-2
6519,2
6520,2
6521,-6
6522,18
6523,18
6524,2
6525,2
6526,-6
6527,2
6528,-2
6529,2
6530,2
6531,2
6532,2
6533,2
6534,-2
6535,-2
6536,-2
6537,-6
6538,2
6539,2
6540,-6
6541,2
6542,-2
6543,-2
6544,-6
6545,2
6546,-2
6547,-2
6548,2
6549,-2
6550,-2
6551,2
6552,2
6553,2
6554,-2
6555,2
6556,2
6557,-2
6558,2
6559,2
6560,-2
6561,2
6562,2
6563,-2
6564,-2
6565,-2
6566,-2
6567,-2
6568,-6
6569,2
6570,2
6571,2
6572,-2
6573,-2
6574,-2
6575,-2
6576,2
6577,2
6578,-6
6579,2
6580,2
6581,-6
6582,-6
6583,2
6584,-2
6585,-2
6586,-6
6587,2
6588,2
6589,-10
6590,2
6591,2
6592,26
6593,-6
6594,-6
6595,-6
6596,-6
6597,2
6598,2
6599,2
6600,2
6601,2
6602,2
6603,2
6604,-18
6605,-2
6606,-6
6607,-2
6608,2
6609,2
6610,-2
6611,-2
6612,-10
6613,2
6614,2
6615,-2
6616,2
6617,-6
6618,2
6619,2
6620,2
6621,10
6622,2
6623,-2
6624,2
6625,2
6626,-2
6627,2
6628,2
6629,-6
6630,10
6631,-6
6632,2
6633,-2
6634,2
6635,-2
6636,-2
6637,2
6638,-2
6639,-6
6640,-2
6641,2
6642,2
6643,14
6644,2
6645,-6
6646,-2
6647,-2
6648,-2
6649,2
6650,-6
6651,2
6652,-2
6653,2
6654,2
6655,2
6656,-6
6657,-6
6658,-2
6659,2
6660,-2
6661,2
6662,-18
6663,-18
6664,-2
6665,2
6666,-6
6667,2
6668,-2
6669,2
6670,2
6671,-2
6672,-2
6673,-2
6674,-18
6675,2
6676,-6
6677,-2
6678,-6
6679,2
6680,-2
6681,2
6682,2
6683,-2
6684,2
6685,-2
6686,-6
6687,-2
6688,2
6689,-6
6690,-2
6691,-2
6692,-2
6693,-2
6694,-6
6695,-6
6696,18
6697,-2
6698,2
6699,-2
6700,-6
6701,-2
6702,2
6703,-2
6704,2
6705,-2
6706,-2
6707,2
6708,2
6709,-2
6710,-6
6711,-2
6712,-6
6713,-10
6714,2
6715,-6
6716,2
6717,-6
6718,-2
6719,-18
6720,2
6721,2
6722,2
6723,-2
6724,-2
6725,-6
6726,-6
6727,-2
6728,-2
6729,-2
6730,2
6731,-6
6732,-10
6733,2
6734,-10
6735,-6
6736,-6
6737,-6
6738,-6
6739,-2
6740,2
6741,-2
6742,-2
6743,2
6744,2
6745,-2
6746,-6
6747,-2
6748,-10
6749,2
6750,-6
6751,2
6752,-2
6753,10
6754,2
6755,-10
6756,-6
6757,-26
6758,-2
6759,2
6760,2
6761,-2
6762,2
6763,-2
6764,2
6765,-2
6766,2
6767,-2
6768,-2
6769,2
6770,2
6771,-6
6772,-2
6773,-2
6774,-2
6775,-2
6776,2
6777,2
6778,2
6779,2
6780,2
6781,2
6782,-10
6783,-2
6784,2
6785,-2
6786,-6
6787,-2
6788,2
6789,-2
6790,-18
6791,-2
6792,2
6793,-10
6794,2
6795,-2
6796,2
6797,-6
6798,2
6799,2
6800,2
6801,2
6802,-6
6803,2
6804,2
6805,-2
6806,18
6807,2
6808,-6
6809,2
6810,-2
6811,-6
6812,-6
6813,2
6814,-6
6815,2
6816,-2
6817,-2
6818,10
6819,2
6820,2
6821,2
6822,2
6823,14
6824,-6
6825,2
6826,-6
6827,-10
6828,2
6829,2
6830,2
6831,2
6832,2
6833,2
6834,-2
6835,-10
6836,-178
6837,-221
6838,82
6839,58
6840,94
6841,18
6842,-18
6843,-18
6844,-18
6845,-2
6846,-2
6847,10
6848,2
6849,2
6850,2
6851,10
6852,2
6853,14
6854,2
6855,-2
6856,-2
6857,2
6858,-6
6859,2
6860,2
6861,-2
6862,-2
6863,-6
6864,-2
6865,2
6866,2
6867,-6
6868,-10
6869,10
6870,2
6871,2
6872,-6
6873,-10
6874,-2
6875,-2
6876,-6
6877,-2
6878,2
6879,2
6880,2
6881,-2
6882,-2
6883,-2
6884,2
6885,2
6886,-26
6887,-6
6888,-2
6889,-2
6890,-2
6891,-2
6892,2
6893,-10
6894,-6
6895,2
6896,-6
6897,-2
6898,-6
6899,10
6900,-2
6901,2
6902,-50
6903,46
6904,18
6905,14
6906,-10
6907,-6
6908,2
6909,-2
6910,-2
6911,-6
6912,-2
6913,2
6914,2
6915,-2
6916,2
6917,-2
6918,2
6919,2
6920,-6
6921,14
6922,-10
6923,-2
6924,2
6925,-10
6926,-2
6927,26
6928,-2
6929,58
6930,-6
6931,-10
6932,-2
6933,-6
6934,2
6935,-2
6936,-2
6937,-6
6938,-6
6939,-6
6940,2
6941,-2
6942,2
6943,-6
6944,-2
6945,2
6946,-6
6947,2
6948,2
6949,-2
6950,-6
6951,-2
6952,2
6953,2
6954,-2
6955,-2
6956,2
6957,2
6958,2
6959,2
6960,2
6961,14
6962,2
6963,10
6964,10
6965,2
6966,-6
6967,2
6968,2
6969,2
6970,2
6971,2
6972,2
6973,2
6974,-2
6975,2
6976,-2
6977,18
6978,-2
6979,2
6980,2
6981,2
6982,-2
6983,-18
6984,-6
6985,-2
6986,2
6987,-2
6988,-2
6989,-2
6990,-2
6991,2
6992,-6
6993,2
6994,-2
6995,-2
6996,2
6997,-10
6998,-10
6999,2
7000,-6
7001,2
7002,-6
7003,-2
7004,-6
7005,2
7006,2
7007,-2
7008,2
7009,-6
7010,2
7011,2
7012,2
7013,-2
7014,-10
7015,-2
7016,2
7017,-6
7018,-6
7019,2
7020,2
7021,-2
7022,10
7023,-6
7024,-2
7025,-6
7026,-2
7027,-2
7028,-6
7029,-10
7030,-2
7031,-2
7032,-6
7033,10
7034,2
7035,2
7036,-2
7037,-2
7038,-2
7039,2
7040,-2
7041,-6
7042,-6
7043,2
7044,-2
7045,-2
7046,2
7047,-2
7048,-18
7049,-10
7050,2
7051,10
7052,2
7053,-6
7054,-2
7055,14
7056,-38
7057,-2
7058,2
7059,10
7060,2
7061,14
7062,2
7063,2
7064,-2
7065,2
7066,-2
7067,-2
7068,-10
7069,-2
7070,2
7071,2
7072,18
7073,26
7074,2
7075,-6
7076,-2
7077,2
7078,-2
7079,2
7080,2
7081,2
7082,2
7083,-6
7084,-2
7085,-2
7086,-2
7087,-2
7088,-2
7089,2
7090,-2
7091,2
7092,-10
7093,2
7094,2
7095,-2
7096,-6
7097,-10
7098,2
7099,2
7100,-2
7101,2
7102,-2
7103,2
7104,2
7105,-2
7106,2
7107,-6
7108,2
7109,18
7110,2
7111,2
7112,2
7113,-6
7114,2
7115,-2
7116,-6
7117,-2
7118,18
7119,2
7120,-2
7121,10
7122,-6
7123,-10
7124,18
7125,2
7126,-2
7127,-18
7128,2
7129,2
7130,26
7131,2
7132,2
7133,-6
7134,-2
7135,2
7136,-6
7137,-2
7138,2
7139,2
7140,-2
7141,2
7142,2
7143,-10
7144,2
7145,-6
7146,-6
7147,-2
7148,-2
7149,-2
7150,2
7151,2
7152,-2
7153,2
7154,-2
7155,2
7156,-10
7157,-2
7158,2
7159,14
7160,2
7161,14
7162,2
7163,-2
7164,-6
7165,2
7166,2
7167,2
7168,-6
7169,-2
7170,2
7171,-6
7172,-2
7173,-6
7174,2
7175,2
7176,-6
7177,-6
7178,2
7179,-2
7180,-6
7181,2
7182,2
7183,2
7184,2
7185,-6
7186,-6
7187,-2
7188,-6
7189,2
7190,2
7191,-2
7192,-2
7193,-6
7194,14
7195,2
7196,-6
7197,-10
7198,2
7199,2
7200,-2
7201,-2
7202,-6
7203,-2
7204,2
7205,2
7206,2
7207,-2
7208,2
7209,10
7210,-6
7211,2
7212,-2
7213,2
7214,10
7215,-2
7216,2
7217,-2
7218,-2
7219,2
7220,-2
7221,14
7222,2
7223,-2
7224,2
7225,-2
7226,38
7227,-6
7228,-6
7229,-6
7230,2
7231,-2
7232,-2
7233,2
7234,-2
7235,10
7236,-2
7237,-6
7238,-6
7239,-2
7240,2
7241,2
7242,2
7243,2
7244,2
7245,2
7246,2
7247,-2
7248,-6
7249,2
7250,-2
7251,2
7252,-2
7253,2
7254,2
7255,2
7256,18
7257,-2
7258,2
7259,-2
7260,2
7261,2
7262,-6
7263,-6
7264,2
7265,2
7266,-2
7267,-6
7268,-6
7269,2
7270,2
7271,2
7272,2
7273,2
7274,2
7275,222
7276,-70
7277,-274
7278,-161
7279,-162
7280,-2
7281,206
7282,26
7283,167
7284,166
7285,78
7286,-146
7287,-298
7288,-189
7289,-194
7290,-18
7291,183
7292,274
7293,165
7294,222
7295,50
7296,-162
7297,-153
7298,-205
7299,-153
7300,-18
7301,222
7302,151
7303,151
7304,198
7305,58
7306,-146
7307,-298
7308,-221
7309,-222
7310,62
7311,222
7312,2
7313,167
7314,190
7315,2
7316,2
7317,10
7318,-10
7319,2
7320,-18
7321,-18
7322,30
7323,46
7324,54
7325,38
7326,-18
7327,-110
7328,-182
7329,-142
7330,-58
7331,26
7332,82
7333,118
7334,90
7335,38
7336,-34
7337,-70
7338,-134
7339,-74
7340,-26
7341,30
7342,62
7343,54
7344,90
7345,30
7346,-26
7347,-134
7348,-178
7349,-162
7350,-30
7351,62
7352,130
7353,166
7354,146
7355,138
7356,-62
7357,-194
7358,-282
7359,-222
7360,-62
7361,122
7362,222
7363,234
7364,242
7365,90
7366,-106
7367,-194
7368,-151
7369,-218
7370,-78
7371,230
7372,155
7373,266
7374,174
7375,58
7376,-86
7377,-270
7378,-175
7379,-186
7380,-62
7381,186
7382,242
7383,254
7384,70
7385,78
7386,-106
7387,-262
7388,-106
7389,-230
7390,-78
7391,190
7392,274
7393,250
7394,186
7395,86
7396,-106
7397,-250
7398,-187
7399,-154
7400,-62
7401,206
7402,254
7403,183
7404,182
7405,26
7406,-146
7407,-155
7408,-211
7409,-230
7410,-34
7411,262
7412,159
7413,238
7414,238
7415,38
7416,-154
7417,-179
7418,-213
7419,-298
7420,-54
7421,246
7422,274
7423,159
7424,214
7425,86
7426,-98
7427,-153
7428,-207
7429,-194
7430,-66
7431,50
7432,18
7433,-10
7434,-6
7435,-6
7436,-2
7437,-6
7438,-2
7439,-2
7440,2
7441,2
7442,2
7443,2
7444,-6
7445,-2
7446,2
7447,-6
7448,-2
7449,-2
7450,2
7451,2
7452,2
7453,2
7454,-10
7455,2
7456,-6
7457,-6
7458,2
7459,2
7460,2
7461,2
7462,2
7463,2
7464,-6
7465,-6
7466,-6
7467,2
7468,2
7469,-2
7470,-2
7471,2
7472,2
7473,10
7474,-2
7475,-6
7476,-2
7477,-6
7478,-2
7479,-2
7480,2
7481,2
7482,2
7483,2
7484,2
7485,2
7486,-30
7487,2
7488,-2
7489,2
7490,-2
7491,2
7492,2
7493,2
7494,2
7495,-2
7496,-10
7497,2
7498,-6
7499,-2
7500,-2
7501,2
7502,2
7503,2
7504,2
7505,2
7506,2
7507,2
7508,-2
7509,2
7510,2
7511,18
7512,2
7513,-6
7514,-10
7515,2
7516,-2
7517,2
7518,-18
7519,-2
7520,-6
7521,2
7522,2
7523,-6
7524,-2
7525,2
7526,-2
7527,-10
7528,2
7529,2
7530,-2
7531,-6
7532,2
7533,-2
7534,-10
7535,2
7536,-6
7537,-6
7538,2
7539,2
7540,2
7541,10
7542,2
7543,26
7544,18
7545,-30
7546,-6
7547,-10
7548,-6
7549,-2
7550,2
7551,-2
7552,-26
7553,-2
7554,2
7555,2
7556,2
7557,2
7558,2
7559,2
7560,2
7561,2
7562,-2
7563,14
7564,-6
7565,-2
7566,-6
7567,-2
7568,2
7569,-2
7570,-2
7571,-6
7572,-6
7573,2
7574,-2
7575,-2
7576,2
7577,-34
7578,-2
7579,-6
7580,-6
7581,2
7582,2
7583,-2
7584,-46
7585,-6
7586,-2
7587,-10
7588,2
7589,2
7590,-2
7591,-6
7592,-2
7593,2
7594,2
7595,2
7596,2
7597,-6
7598,2
7599,2
7600,-6
7601,2
7602,2
7603,-10
7604,-2
7605,-2
7606,2
7607,-2
7608,-2
7609,-10
7610,2
7611,2
7612,2
7613,2
7614,-6
7615,2
7616,2
7617,-10
7618,-10
7619,-2
7620,-6
7621,2
7622,-2
7623,-2
7624,2
7625,-2
7626,-6
7627,2
7628,2
7629,2
7630,2
7631,-2
7632,2
7633,2
7634,2
7635,-10
7636,-6
7637,2
7638,2
7639,-2
7640,2
7641,-2
7642,26
7643,-6
7644,2
7645,2
7646,-6
7647,-6
7648,14
7649,-6
7650,2
7651,2
7652,2
7653,-6
7654,2
7655,-6
7656,-2
7657,-2
7658,-6
7659,2
7660,-2
7661,2
7662,2
7663,-6
7664,2
7665,14
7666,-2
7667,-10
7668,-18
7669,-6
7670,-2
7671,2
7672,10
7673,2
7674,-2
7675,-2
7676,2
7677,2
7678,-6
7679,-2
7680,2
7681,-2
7682,10
7683,2
7684,2
7685,-2
7686,-2
7687,-2
7688,-26
7689,-6
7690,2
7691,2
7692,2
7693,2
7694,-6
7695,18
7696,2
7697,-6
7698,-2
7699,-2
7700,2
7701,-6
7702,-6
7703,-2
7704,2
7705,-6
7706,2
7707,-6
7708,2
7709,2
7710,2
7711,2
7712,2
7713,-26
7714,10
7715,2
7716,-6
7717,-2
7718,-2
7719,-6
7720,2
7721,2
7722,2
7723,-2
7724,2
7725,-6
7726,-2
7727,-6
7728,2
7729,-2
7730,-6
7731,-10
7732,2
7733,-2
7734,-6
7735,2
7736,-6
7737,2
7738,-26
7739,2
7740,2
7741,2
7742,2
7743,2
7744,2
7745,-2
7746,2
7747,-6
7748,-2
7749,2
7750,2
7751,2
7752,2
7753,10
7754,2
7755,-2
7756,-6
7757,-6
7758,-6
7759,-2
7760,2
7761,-2
7762,2
7763,-2
7764,2
7765,-2
7766,-2
7767,2
7768,-6
7769,-18
7770,-2
7771,2
7772,2
7773,-2
7774,-6
7775,-2
7776,-6
7777,-2
7778,-2
7779,2
7780,2
7781,2
7782,2
7783,2
7784,-2
7785,-2
7786,2
7787,2
7788,-2
7789,2
7790,2
7791,2
7792,2
7793,18
7794,2
7795,-2
7796,-6
7797,-6
7798,-6
7799,14
7800,-2
7801,10
7802,2
7803,2
7804,-6
7805,2
7806,2
7807,-2
7808,-2
7809,-6
7810,-6
7811,-6
7812,2
7813,2
7814,2
7815,2
7816,2
7817,2
7818,38
7819,-6
7820,-2
7821,-2
7822,2
7823,-2
7824,2
7825,2
7826,2
7827,-6
7828,-6
7829,2
7830,2
7831,-2
7832,-2
7833,2
7834,2
7835,-6
7836,-2
7837,-10
7838,-6
7839,2
7840,-2
7841,2
7842,2
7843,2
7844,2
7845,-2
7846,-6
7847,-10
7848,-6
7849,-2
7850,2
7851,-2
7852,2
7853,2
7854,-2
7855,2
7856,-2
7857,-2
7858,-2
7859,-6
7860,-2
7861,2
7862,-2
7863,2
7864,2
7865,-10
7866,-2
7867,-6
7868,-2
7869,14
7870,-18
7871,-6
7872,-18
7873,2
7874,-2
7875,2
7876,-6
7877,-6
7878,-2
7879,-2
7880,-6
7881,2
7882,-6
7883,-10
7884,2
7885,2
7886,-6
7887,-6
7888,-2
7889,-2
7890,2
7891,2
7892,-2
7893,2
7894,-2
7895,-6
7896,-6
7897,-2
7898,-18
7899,-2
7900,2
7901,2
7902,2
7903,2
7904,2
7905,-2
7906,-6
7907,2
7908,2
7909,-2
7910,-6
7911,2
7912,-2
7913,-2
7914,2
7915,-2
7916,-2
7917,2
7918,-6
7919,2
7920,10
7921,2
7922,2
7923,2
7924,2
7925,2
7926,-6
7927,-2
7928,-2
7929,-6
7930,2
7931,2
7932,18
7933,2
7934,2
7935,-10
7936,-2
7937,-2
7938,-2
7939,-14
7940,2
7941,2
7942,2
7943,-2
7944,-14
7945,-2
7946,2
7947,2
7948,2
7949,2
7950,18
7951,-2
7952,2
7953,2
7954,-2
7955,2
7956,2
7957,2
7958,-2
7959,2
7960,2
7961,2
7962,2
7963,-2
7964,-2
7965,-2
7966,-10
7967,-2
7968,-2
7969,2
7970,2
7971,2
7972,2
7973,10
7974,2
7975,2
7976,2
7977,2
7978,2
7979,-2
7980,-2
7981,-2
7982,2
7983,2
7984,2
7985,2
7986,-2
7987,2
7988,-2
7989,-2
7990,-2
7991,-2
7992,-2
7993,2
7994,-6
7995,-2
7996,-10
7997,-2
7998,-10
7999,-2
8000,-6
8001,-2
8002,2
8003,-2
8004,-2
8005,-2
8006,-2
8007,-2
8008,-2
8009,2
8010,-6
8011,-6
8012,2
8013,2
8014,-2
8015,2
8016,-6
8017,-6
8018,2
8019,2
8020,-2
8021,2
8022,2
8023,2
8024,-2
8025,-6
8026,-2
8027,-6
8028,-6
8029,2
8030,2
8031,-6
8032,-2
8033,-2
8034,-2
8035,10
8036,2
8037,-6
8038,-6
8039,2
8040,-6
8041,2
8042,2
8043,-2
8044,-2
8045,-2
8046,2
8047,-2
8048,-2
8049,-2
8050,-2
8051,-2
8052,2
8053,2
8054,2
8055,-2
8056,-2
8057,-2
8058,2
8059,-2
8060,-2
8061,2
8062,-2
8063,2
8064,2
8065,-2
8066,2
8067,2
8068,-2
8069,-2
8070,-2
8071,2
8072,10
8073,2
8074,-2
8075,-2
8076,-6
8077,-2
8078,2
8079,-6
8080,-2
8081,-2
8082,2
8083,2
8084,-6
8085,-2
8086,2
8087,-2
8088,2
8089,-6
8090,2
8091,2
8092,2
8093,-2
8094,2
8095,-10
8096,2
8097,-2
8098,-6
8099,-2
8100,2
8101,-2
8102,2
8103,2
8104,-2
8105,-2
8106,2
8107,-2
8108,-2
8109,2
8110,-2
8111,-2
8112,2
8113,-2
8114,-2
8115,-2
8116,2
8117,2
8118,-2
8119,2
8120,2
8121,2
8122,2
8123,-2
8124,-2
8125,-2
8126,-2
8127,-6
8128,2
8129,-6
8130,2
8131,2
8132,-2
8133,-6
8134,-2
8135,2
8136,2
8137,-2
8138,-6
8139,-10
8140,-2
8141,-2
8142,-2
8143,2
8144,2
8145,-2
8146,-2
8147,-2
8148,-6
8149,2
8150,2
8151,2
8152,2
8153,-2
8154,-2
8155,2
8156,2
8157,-2
8158,-2
8159,-2
8160,2
8161,-2
8162,-2
8163,2
8164,2
8165,-2
8166,2
8167,2
8168,-2
8169,2
8170,-2
8171,2
8172,-2
8173,-2
8174,2
8175,2
8176,-2
8177,-2
8178,-2
8179,-2
8180,-2
8181,-2
8182,-6
8183,2
8184,-6
8185,-2
8186,2
8187,-2
8188,-6
8189,-2
8190,-2
8191,2
8192,2
8193,-6
8194,2
8195,2
8196,2
8197,-6
8198,-2
8199,-6
8200,-2
8201,2
8202,2
8203,-6
8204,2
8205,-6
8206,-2
8207,2
8208,2
8209,-6
8210,-2
8211,2
8212,2
8213,-2
8214,-2
8215,-6
8216,-2
8217,2
8218,-2
8219,2
8220,-2
8221,-2
8222,2
8223,-2
8224,2
8225,2
8226,-2
8227,2
8228,-2
8229,-2
8230,-6
8231,-2
8232,-2
8233,2
8234,2
8235,-2
8236,-2
8237,-2
8238,-2
8239,2
8240,-2
8241,2
8242,2
8243,2
8244,2
8245,-2
8246,2
8247,-2
8248,2
8249,2
8250,-2
8251,-2
8252,-2
8253,2
8254,2
8255,-2
8256,2
8257,-2
8258,2
8259,2
8260,-2
8261,-2
8262,-2
8263,2
8264,-2
8265,-2
8266,2
8267,-2
8268,2
8269,2
8270,2
8271,2
8272,2
8273,2
8274,-2
8275,2
8276,2
8277,2
8278,2
8279,2
8280,2
8281,2
8282,2
8283,2
8284,2
8285,-2
8286,-2
8287,10
8288,-2
8289,2
8290,2
8291,-2
8292,2
8293,2
8294,2
8295,-2
8296,2
8297,-6
8298,-6
8299,-2
8300,-2
8301,2
8302,-2
8303,2
8304,2
8305,2
8306,-2
8307,2
8308,-2
8309,2
8310,-2
8311,2
8312,-2
8313,2
8314,2
8315,-2
8316,2
8317,2
8318,2
8319,2
8320,-2
8321,2
8322,2
8323,2
8324,2
8325,2
8326,2
8327,2
8328,-2
8329,2
8330,2
8331,2
8332,-2
8333,2
8334,2
8335,-2
8336,2
8337,2
8338,-2
8339,-6
8340,-6
8341,2
8342,-2
8343,-2
8344,2
8345,-6
8346,2
8347,-2
8348,2
8349,2
8350,-2
8351,-2
8352,2
8353,2
8354,-6
8355,2
8356,-2
8357,-2
8358,-2
8359,-2
8360,2
8361,-2
8362,-2
8363,-2
8364,-6
8365,2
8366,2
8367,14
8368,2
8369,-2
8370,-2
8371,2
8372,2
8373,2
8374,2
8375,2
8376,-2
8377,-2
8378,-2
8379,-6
8380,-2
8381,2
8382,2
8383,2
8384,2
8385,2
8386,2
8387,-2
8388,-2
8389,-6
8390,-6
8391,-6
8392,2
8393,2
8394,2
8395,2
8396,-2
8397,2
8398,-2
8399,2
8400,-2
8401,2
8402,-2
8403,2
8404,2
8405,-2
8406,2
8407,-6
8408,-2
8409,-6
8410,2
8411,-2
8412,-2
8413,2
8414,2
8415,2
8416,2
8417,-2
8418,2
8419,-6
8420,2
8421,-2
8422,-2
8423,2
8424,2
8425,2
8426,2
8427,-6
8428,-2
8429,-2
8430,-6
8431,2
8432,-6
8433,2
8434,-2
8435,-2
8436,2
8437,-2
8438,-6
8439,-6
8440,2
8441,2
8442,2
8443,2
8444,-2
8445,-6
8446,-2
8447,2
8448,-6
8449,-2
8450,-2
8451,2
8452,2
8453,-2
8454,2
8455,2
8456,-2
8457,2
8458,-6
8459,-2
8460,2
8461,2
8462,2
8463,2
8464,2
8465,-2
8466,-2
8467,-2
8468,-6
8469,-6
8470,-2
8471,2
8472,-2
8473,2
8474,2
8475,2
8476,2
8477,2
8478,-2
8479,2
8480,-6
8481,-2
8482,2
8483,2
8484,-2
8485,-2
8486,2
8487,2
8488,-2
8489,2
8490,-2
8491,2
8492,2
8493,2
8494,2
8495,2
8496,-2
8497,2
8498,-2
8499,-2
8500,-2
8501,2
8502,2
8503,2
8504,2
8505,-2
8506,-2
8507,-2
8508,-2
8509,2
8510,-2
8511,-2
8512,2
8513,2
8514,2
8515,2
8516,2
8517,2
8518,-2
8519,2
8520,-2
8521,-2
8522,2
8523,2
8524,-6
8525,2
8526,-2
8527,-6
8528,2
8529,-2
8530,-2
8531,2
8532,-2
8533,2
8534,-2
8535,2
8536,2
8537,-2
8538,-2
8539,-10
8540,-2
8541,2
8542,2
8543,-2
8544,2
8545,2
8546,-2
8547,-2
8548,-2
8549,-6
8550,-6
8551,2
8552,2
8553,2
8554,2
8555,2
8556,-2
8557,-2
8558,-2
8559,2
8560,2
8561,-2
8562,-2
8563,-2
8564,2
8565,-2
8566,2
8567,2
8568,-6
8569,2
8570,2
8571,-2
8572,2
8573,-2
8574,2
8575,2
8576,-2
8577,-2
8578,-2
8579,-2
8580,-6
8581,-2
8582,2
8583,-2
8584,2
8585,2
8586,-2
8587,-2
8588,-2
8589,2
8590,2
8591,2
8592,2
8593,-2
8594,2
8595,-2
8596,2
8597,-2
8598,-2
8599,2
8600,-2
8601,2
8602,-2
8603,2
8604,2
8605,-2
8606,-6
8607,-2
8608,2
8609,-6
8610,2
8611,-2
8612,2
8613,2
8614,-6
8615,-6
8616,-2
8617,-2
8618,-2
8619,-2
8620,-2
8621,2
8622,2
8623,2
8624,2
8625,2
8626,-2
8627,2
8628,2
8629,-2
8630,2
8631,2
8632,2
8633,2
8634,2
8635,2
8636,2
8637,2
8638,2
8639,-2
8640,-2
8641,-6
8642,2
8643,-2
8644,2
8645,-6
8646,-6
8647,-2
8648,-2
8649,-2
8650,2
8651,2
8652,2
8653,2
8654,2
8655,2
8656,-2
8657,2
8658,-6
8659,-2
8660,-2
8661,2
8662,2
8663,-2
8664,-2
8665,2
8666,-2
8667,-2
8668,-2
8669,-6
8670,-6
8671,-2
8672,2
8673,-2
8674,-2
8675,2
8676,2
8677,-2
8678,2
8679,-2
8680,2
8681,-2
8682,2
8683,2
8684,-2
8685,2
8686,-2
8687,-2
8688,2
8689,-6
8690,-2
8691,-2
8692,2
8693,2
8694,2
8695,2
8696,2
8697,-2
8698,2
8699,-86
8700,289
8701,-110
8702,-270
8703,-10
8704,18
8705,-18
8706,-26
8707,-10
8708,-10
8709,2
8710,2
8711,2
8712,-6
8713,2
8714,10
8715,-2
8716,-6
8717,2
8718,2
8719,2
8720,2
8721,2
8722,2
8723,2
8724,2
8725,-6
8726,-2
8727,2
8728,-6
8729,2
8730,2
8731,-6
8732,-6
8733,-2
8734,2
8735,10
8736,14
8737,2
8738,-2
8739,-10
8740,-2
8741,-2
8742,2
8743,-2
8744,-6
8745,2
8746,-2
8747,-2
8748,-10
8749,-2
8750,-10
8751,2
8752,2
8753,10
8754,2
8755,2
8756,2
8757,-6
8758,2
8759,2
8760,-2
8761,18
8762,-6
8763,-2
8764,-2
8765,-14
8766,10
8767,-106
8768,98
8769,-10
8770,14
8771,-18
8772,-10
8773,-6
8774,-6
8775,10
8776,-6
8777,2
8778,-2
8779,-6
8780,2
8781,2
8782,2
8783,-10
8784,2
8785,2
8786,2
8787,2
8788,-2
8789,-6
8790,2
8791,-10
8792,14
8793,18
8794,10
8795,10
8796,14
8797,-6
8798,-18
8799,-10
8800,-2
8801,-2
8802,2
8803,-2
8804,2
8805,2
8806,10
8807,2
8808,2
8809,2
8810,-2
8811,-2
8812,-6
8813,-6
8814,10
8815,-10
8816,-2
8817,-2
8818,-2
8819,-10
8820,-2
8821,2
8822,2
8823,2
8824,2
8825,-2
8826,2
8827,-2
8828,2
8829,-6
8830,-10
8831,-2
8832,2
8833,-10
8834,2
8835,2
8836,10
8837,2
8838,2
8839,-2
8840,-2
8841,2
8842,-2
8843,2
8844,10
8845,-2
8846,-2
8847,-2
8848,2
8849,2
8850,2
8851,-2
8852,2
8853,10
8854,-2
8855,-2
8856,-2
8857,-2
8858,-2
8859,-2
8860,2
8861,-2
8862,-2
8863,2
8864,14
8865,2
8866,2
8867,-2
8868,-6
8869,-2
8870,-10
8871,2
8872,-6
8873,10
8874,-2
8875,-2
8876,2
8877,-6
8878,-2
8879,2
8880,-6
8881,-6
8882,18
8883,-2
8884,-10
8885,-2
8886,2
8887,-6
8888,-2
8889,-2
8890,-2
8891,-2
8892,2
8893,2
8894,-6
8895,2
8896,2
8897,-2
8898,2
8899,2
8900,2
8901,2
8902,-6
8903,-6
8904,2
8905,10
8906,-2
8907,-2
8908,-2
8909,-6
8910,2
8911,2
8912,-2
8913,2
8914,2
8915,-2
8916,2
8917,-2
8918,2
8919,-2
8920,2
8921,2
8922,2
8923,2
8924,2
8925,2
8926,-2
8927,2
8928,-6
8929,-2
8930,-10
8931,2
8932,-2
8933,-2
8934,2
8935,2
8936,-2
8937,2
8938,2
8939,-10
8940,-10
8941,2
8942,2
8943,2
8944,2
8945,-6
8946,2
8947,2
8948,2
8949,2
8950,-6
8951,2
8952,2
8953,-2
8954,2
8955,2
8956,2
8957,2
8958,2
8959,2
8960,-2
8961,-2
8962,2
8963,2
8964,-6
8965,2
8966,10
8967,2
8968,-2
8969,-2
8970,-10
8971,-2
8972,-2
8973,-2
8974,2
8975,-6
8976,-2
8977,-2
8978,-6
8979,-6
8980,2
8981,2
8982,-6
8983,2
8984,2
8985,14
8986,-2
8987,2
8988,10
8989,-26
8990,2
8991,-2
8992,2
8993,2
8994,-2
8995,2
8996,2
8997,2
8998,2
8999,2
9000,-2
9001,2
9002,-2
9003,2
9004,2
9005,2
9006,2
9007,-2
9008,2
9009,-6
9010,-10
9011,-2
9012,-2
9013,2
9014,2
9015,2
9016,-2
9017,-6
9018,-2
9019,-2
9020,-10
9021,-6
9022,2
9023,2
9024,2
9025,2
9026,2
9027,-2
9028,-2
9029,-6
9030,-2
9031,2
9032,-2
9033,2
9034,10
9035,2
9036,2
9037,-6
9038,2
9039,-2
9040,2
9041,-2
9042,-2
9043,10
9044,-2
9045,2
9046,-2
9047,2
9048,2
9049,-2
9050,-6
9051,-2
9052,-6
9053,2
9054,2
9055,2
9056,14
9057,2
9058,-2
9059,2
9060,2
9061,-2
9062,2
9063,2
9064,2
9065,-2
9066,-2
9067,2
9068,2
9069,2
9070,-6
9071,2
9072,2
9073,2
9074,2
9075,2
9076,-2
9077,-6
9078,-2
9079,-6
9080,-6
9081,-2
9082,-2
9083,2
9084,2
9085,2
9086,2
9087,-2
9088,2
9089,-2
9090,-2
9091,2
9092,2
9093,2
9094,2
9095,-6
9096,-2
9097,-2
9098,-2
9099,2
9100,-18
9101,2
9102,10
9103,2
9104,-10
9105,-6
9106,-2
9107,2
9108,2
9109,-2
9110,-6
9111,2
9112,2
9113,2
9114,-2
9115,2
9116,-6
9117,2
9118,-2
9119,-6
9120,-6
9121,2
9122,-2
9123,2
9124,10
9125,-10
9126,2
9127,-2
9128,-2
9129,-2
9130,2
9131,-2
9132,-2
9133,2
9134,-2
9135,2
9136,-2
9137,2
9138,2
9139,2
9140,18
9141,-6
9142,-2
9143,2
9144,2
9145,2
9146,2
9147,2
9148,2
9149,2
9150,2
9151,-6
9152,2
9153,2
9154,-2
9155,2
9156,-6
9157,2
9158,-2
9159,2
9160,10
9161,2
9162,2
9163,-2
9164,-2
9165,10
9166,-2
9167,-10
9168,-6
9169,2
9170,-6
9171,-2
9172,2
9173,2
9174,18
9175,2
9176,-6
9177,2
9178,2
9179,-2
9180,26
9181,-18
9182,-2
9183,2
9184,-2
9185,2
9186,2
9187,-6
9188,-2
9189,2
9190,-2
9191,-6
9192,-2
9193,2
9194,-2
9195,2
9196,2
9197,-2
9198,2
9199,-26
9200,2
9201,-10
9202,-2
9203,2
9204,2
9205,-10
9206,-2
9207,-2
9208,-2
9209,-6
9210,-6
9211,2
9212,2
9213,2
9214,-2
9215,2
9216,2
9217,-6
9218,-2
9219,-2
9220,-6
9221,-2
9222,2
9223,2
9224,2
9225,-18
9226,2
9227,-2
9228,-2
9229,2
9230,-2
9231,2
9232,-2
9233,2
9234,2
9235,2
9236,2
9237,-2
9238,-2
9239,-6
9240,-10
9241,2
9242,2
9243,2
9244,-6
9245,-10
9246,2
9247,2
9248,-2
9249,-6
9250,2
9251,2
9252,2
9253,2
9254,2
9255,-6
9256,2
9257,-6
9258,-54
9259,-2
9260,2
9261,-2
9262,2
9263,2
9264,-2
9265,-10
9266,-2
9267,10
9268,2
9269,-2
9270,-2
9271,-2
9272,-2
9273,2
9274,-6
9275,2
9276,-10
9277,2
9278,-2
9279,-18
9280,-6
9281,-2
9282,-26
9283,-2
9284,2
9285,-10
9286,-2
9287,2
9288,-10
9289,-10
9290,-10
9291,2
9292,2
9293,2
9294,-6
9295,-2
9296,10
9297,-2
9298,-2
9299,-6
9300,-2
9301,-2
9302,-2
9303,2
9304,2
9305,-2
9306,10
9307,2
9308,-2
9309,-2
9310,2
9311,2
9312,2
9313,14
9314,2
9315,2
9316,2
9317,-6
9318,-2
9319,-6
9320,2
9321,2
9322,-6
9323,2
9324,2
9325,-2
9326,-6
9327,-2
9328,-2
9329,-2
9330,2
9331,-6
9332,2
9333,2
9334,2
9335,-6
9336,2
9337,-6
9338,-6
9339,-6
9340,2
9341,-2
9342,-6
9343,2
9344,2
9345,-10
9346,-6
9347,-6
9348,-2
9349,2
9350,2
9351,-6
9352,2
9353,2
9354,-2
9355,-2
9356,-2
9357,2
9358,2
9359,-10
9360,2
9361,2
9362,-2
9363,2
9364,10
9365,-10
9366,-10
9367,2
9368,2
9369,14
9370,18
9371,14
9372,2
9373,-10
9374,-10
9375,-6
9376,-2
9377,-2
9378,-6
9379,2
9380,2
9381,2
9382,2
9383,2
9384,-2
9385,-2
9386,-18
9387,-2
9388,-2
9389,2
9390,2
9391,-2
9392,14
9393,2
9394,2
9395,-6
9396,2
9397,-2
9398,-6
9399,-6
9400,-2
9401,2
9402,2
9403,2
9404,2
9405,2
9406,2
9407,2
9408,2
9409,-10
9410,-2
9411,2
9412,2
9413,2
9414,2
9415,2
9416,-2
9417,2
9418,-42
9419,-6
9420,-6
9421,-2
9422,2
9423,2
9424,2
9425,-10
9426,2
9427,-2
9428,2
9429,-2
9430,2
9431,-2
9432,2
9433,2
9434,2
9435,2
9436,-2
9437,2
9438,2
9439,2
9440,2
9441,2
9442,-2
9443,2
9444,-2
9445,-6
9446,-6
9447,-2
9448,-2
9449,-2
9450,2
9451,-2
9452,2
9453,-2
9454,2
9455,2
9456,2
9457,-2
9458,2
9459,-6
9460,-2
9461,10
9462,-2
9463,-2
9464,-2
9465,-2
9466,2
9467,2
9468,2
9469,-2
9470,-6
9471,2
9472,-6
9473,2
9474,-2
9475,-2
9476,-2
9477,2
9478,-6
9479,-2
9480,-2
9481,2
9482,-2
9483,2
9484,2
9485,2
9486,-2
9487,-2
9488,-2
9489,-2
9490,-6
9491,2
9492,2
9493,-2
9494,2
9495,2
9496,2
9497,-2
9498,2
9499,2
9500,-2
9501,-6
9502,-2
9503,2
9504,-2
9505,2
9506,-2
9507,2
9508,-6
9509,2
9510,-2
9511,-2
9512,2
9513,2
9514,2
9515,-2
9516,-6
9517,-2
9518,2
9519,-2
9520,2
9521,2
9522,2
9523,2
9524,10
9525,-10
9526,-2
9527,2
9528,2
9529,-2
9530,-6
9531,2
9532,-6
9533,2
9534,2
9535,2
9536,-2
9537,-2
9538,-2
9539,-2
9540,-2
9541,-2
9542,2
9543,-2
9544,2
9545,-2
9546,10
9547,-2
9548,2
9549,-2
9550,-2
9551,-6
9552,-2
9553,2
9554,10
9555,2
9556,-2
9557,-6
9558,2
9559,-2
9560,-2
9561,2
9562,2
9563,2
9564,-2
9565,2
9566,2
9567,-2
9568,-2
9569,-6
9570,-10
9571,2
9572,2
9573,-2
9574,2
9575,2
9576,-2
9577,-6
9578,-6
9579,2
9580,-2
9581,-2
9582,2
9583,2
9584,10
9585,2
9586,2
9587,2
9588,-2
9589,-10
9590,-2
9591,2
9592,2
9593,2
9594,2
9595,2
9596,-10
9597,2
9598,2
9599,-6
9600,-6
9601,-2
9602,-2
9603,-26
9604,-6
9605,-2
9606,-10
9607,-6
9608,2
9609,2
9610,-2
9611,-2
9612,2
9613,2
9614,-2
9615,2
9616,-10
9617,-10
9618,2
9619,2
9620,-2
9621,-10
9622,2
9623,-2
9624,2
9625,2
9626,-2
9627,-2
9628,2
9629,2
9630,-2
9631,2
9632,-2
9633,2
9634,-2
9635,2
9636,2
9637,-2
9638,-6
9639,-6
9640,-2
9641,14
9642,-6
9643,-6
9644,-18
9645,2
9646,2
9647,-2
9648,2
9649,-2
9650,2
9651,2
9652,2
9653,2
9654,-6
9655,2
9656,2
9657,-2
9658,-2
9659,2
9660,10
9661,-2
9662,-2
9663,2
9664,-2
9665,2
9666,-2
9667,-2
9668,-2
9669,2
9670,14
9671,2
9672,2
9673,-2
9674,10
9675,-2
9676,10
9677,2
9678,-6
9679,2
9680,2
9681,2
9682,-2
9683,-2
9684,2
9685,2
9686,-6
9687,-2
9688,2
9689,-2
9690,2
9691,-2
9692,-10
9693,-2
9694,-6
9695,10
9696,-6
9697,2
9698,-2
9699,2
9700,-2
9701,10
9702,2
9703,2
9704,2
9705,2
9706,-2
9707,2
9708,2
9709,2
9710,-2
9711,2
9712,2
9713,2
9714,2
9715,-6
9716,10
9717,-2
9718,-2
9719,-2
9720,-2
9721,-6
9722,-10
9723,2
9724,2
9725,2
9726,2
9727,2
9728,-6
9729,-6
9730,-2
9731,10
9732,-6
9733,2
9734,2
9735,2
9736,2
9737,-6
9738,-2
9739,-2
9740,-6
9741,2
9742,-6
9743,2
9744,-2
9745,-2
9746,2
9747,2
9748,-2
9749,-6
9750,-2
9751,2
9752,-6
9753,2
9754,2
9755,-10
9756,-2
9757,2
9758,-2
9759,-2
9760,-6
9761,2
9762,2
9763,2
9764,2
9765,2
9766,-2
9767,2
9768,2
9769,-6
9770,2
9771,2
9772,-2
9773,30
9774,10
9775,2
9776,-10
9777,2
9778,-2
9779,-2
9780,2
9781,2
9782,-6
9783,-6
9784,-2
9785,-2
9786,14
9787,2
9788,-2
9789,-2
9790,-2
9791,-2
9792,2
9793,2
9794,2
9795,2
9796,-10
9797,2
9798,-2
9799,-6
9800,-6
9801,-10
9802,-2
9803,-2
9804,2
9805,2
9806,2
9807,2
9808,2
9809,-6
9810,-6
9811,2
9812,2
9813,-2
9814,2
9815,-6
9816,-2
9817,2
9818,-2
9819,-6
9820,2
9821,2
9822,-6
9823,10
9824,-2
9825,-6
9826,2
9827,2
9828,-2
9829,-2
9830,-6
9831,2
9832,2
9833,-2
9834,-2
9835,2
9836,10
9837,-2
9838,-2
9839,2
9840,-2
9841,2
9842,2
9843,-2
9844,2
9845,2
9846,2
9847,-6
9848,-6
9849,-6
9850,2
9851,2
9852,-18
9853,2
9854,2
9855,2
9856,2
9857,2
9858,2
9859,-6
9860,2
9861,-2
9862,-18
9863,-6
9864,-2
9865,2
9866,-6
9867,2
9868,-2
9869,2
9870,-6
9871,2
9872,-2
9873,-6
9874,-2
9875,-2
9876,-6
9877,-2
9878,-6
9879,2
9880,-6
9881,2
9882,-2
9883,2
9884,2
9885,2
9886,-2
9887,2
9888,-2
9889,-2
9890,2
9891,2
9892,2
9893,2
9894,2
9895,-2
9896,-26
9897,-2
9898,2
9899,-2
9900,2
9901,-2
9902,-6
9903,-10
9904,2
9905,10
9906,-6
9907,-2
9908,-6
9909,-2
9910,-6
9911,-2
9912,-2
9913,-2
9914,-2
9915,2
9916,-10
9917,-2
9918,2
9919,10
9920,-6
9921,-6
9922,2
9923,-6
9924,2
9925,-6
9926,2
9927,-2
9928,-2
9929,-2
9930,2
9931,2
9932,2
9933,2
9934,2
9935,-6
9936,2
9937,-6
9938,-18
9939,-6
9940,-2
9941,2
9942,2
9943,-2
9944,2
9945,2
9946,2
9947,2
9948,2
9949,-2
9950,-18
9951,-2
9952,-6
9953,-2
9954,2
9955,2
9956,2
9957,-2
9958,2
9959,2
9960,2
9961,2
9962,2
9963,-6
9964,2
9965,-2
9966,-6
9967,2
9968,2
9969,-6
9970,2
9971,2
9972,-6
9973,-2
9974,2
9975,2
9976,-2
9977,2
9978,-2
9979,2
9980,-2
9981,-2
9982,-6
9983,2
9984,2
9985,2
9986,2
9987,-6
9988,-2
9989,-2
9990,-6
9991,-6
9992,2
9993,-2
9994,2
9995,-2
9996,-6
9997,-6
9998,2
9999,-10
10000,2
