Channel              :,CH1
Frequency            :,"	?"
Period               :,  ?
PK-PK                :,474.0mV?
Average              :,0.054mV?
Vertical pos         :,-1.000000mV
Probe attenuation    :,1X
Voltage per ADC value:,0.125000mV
Time interval        :,200.00000uS
,
index,CH1_Voltage(mV)
1,5
2,5
3,-21
4,-23
5,-25
6,-31
7,-27
8,-37
9,-27
10,-29
11,-19
12,-21
13,-33
14,-17
15,-23
16,-29
17,-23
18,-41
19,-19
20,-19
21,-13
22,-13
23,-9
24,-21
25,-7
26,-5
27,-15
28,-57
29,-99
30,-125
31,-135
32,-159
33,-177
34,-185
35,-179
36,-185
37,-187
38,-201
39,-119
40,-47
41,-37
42,1
43,19
44,21
45,27
46,69
47,9
48,-5
49,-9
50,-57
51,-61
52,-19
53,39
54,47
55,113
56,35
57,35
58,49
59,53
60,47
61,25
62,7
63,39
64,43
65,35
66,47
67,7
68,39
69,39
70,43
71,49
72,39
73,39
74,43
75,35
76,39
77,29
78,19
79,-7
80,9
81,25
82,25
83,25
84,33
85,43
86,57
87,63
88,63
89,61
90,53
91,57
92,63
93,75
94,77
95,57
96,59
97,59
98,49
99,53
100,41
101,43
102,29
103,-9
104,-17
105,-29
106,-25
107,-3
108,1
109,7
110,-21
111,-21
112,-31
113,-45
114,-27
115,-41
116,-57
117,-45
118,-19
119,-3
120,27
121,-21
122,-29
123,-13
124,-23
125,-17
126,-7
127,5
128,13
129,-3
130,-21
131,-37
132,1
133,5
134,-3
135,9
136,17
137,17
138,17
139,11
140,5
141,5
142,11
143,-3
144,11
145,13
146,13
147,13
148,7
149,13
150,11
151,13
152,25
153,41
154,41
155,39
156,39
157,35
158,29
159,25
160,27
161,21
162,19
163,39
164,17
165,25
166,29
167,25
168,19
169,17
170,13
171,19
172,19
173,21
174,11
175,25
176,9
177,1
178,7
179,-5
180,1
181,1
182,1
183,5
184,13
185,-3
186,1
187,1
188,1
189,7
190,5
191,-3
192,1
193,1
194,1
195,1
196,11
197,1
198,-3
199,-5
200,1
201,-5
202,-3
203,-21
204,-21
205,-21
206,-17
207,19
208,-23
209,-21
210,-21
211,-15
212,-15
213,-19
214,-9
215,-17
216,-51
217,-17
218,-17
219,-19
220,-17
221,-13
222,-15
223,-9
224,-13
225,-3
226,-5
227,25
228,-9
229,5
230,1
231,-3
232,-3
233,-3
234,-3
235,1
236,-5
237,-3
238,-51
239,1
240,-3
241,-3
242,-3
243,1
244,-3
245,-3
246,1
247,-1
248,-3
249,1
250,1
251,1
252,9
253,19
254,21
255,17
256,19
257,17
258,19
259,15
260,15
261,11
262,1
263,17
264,7
265,9
266,11
267,11
268,9
269,5
270,11
271,9
272,9
273,7
274,5
275,7
276,-3
277,-3
278,-13
279,-7
280,1
281,-7
282,-3
283,-3
284,-3
285,1
286,-3
287,1
288,1
289,-5
290,7
291,1
292,1
293,1
294,1
295,-3
296,-1
297,-3
298,-3
299,1
300,-3
301,1
302,-3
303,-13
304,-17
305,-15
306,-19
307,-13
308,-15
309,-15
310,-13
311,-7
312,-9
313,-15
314,-5
315,-7
316,-13
317,-13
318,-7
319,-9
320,-9
321,-7
322,-9
323,-9
324,-5
325,-7
326,-3
327,-1
328,-3
329,1
330,-1
331,1
332,1
333,1
334,5
335,5
336,1
337,-13
338,1
339,-3
340,-1
341,7
342,5
343,-3
344,-3
345,-1
346,1
347,1
348,-1
349,-3
350,1
351,1
352,5
353,17
354,17
355,13
356,15
357,15
358,15
359,15
360,11
361,7
362,5
363,15
364,9
365,9
366,15
367,29
368,9
369,11
370,11
371,1
372,7
373,5
374,9
375,7
376,7
377,1
378,-3
379,-3
380,-3
381,-3
382,-3
383,5
384,-3
385,-3
386,-3
387,-3
388,-3
389,-3
390,-3
391,1
392,5
393,5
394,1
395,1
396,1
397,1
398,-3
399,-3
400,1
401,1
402,5
403,-15
404,-19
405,-17
406,-15
407,-21
408,-15
409,-15
410,-21
411,-9
412,-9
413,-19
414,-9
415,-17
416,-13
417,-7
418,-9
419,-13
420,-13
421,-13
422,-9
423,-7
424,-13
425,-5
426,13
427,-7
428,1
429,1
430,-3
431,-3
432,-3
433,1
434,1
435,-3
436,-41
437,-3
438,-3
439,-3
440,-3
441,-3
442,1
443,1
444,5
445,1
446,-5
447,-3
448,-1
449,1
450,1
451,1
452,5
453,19
454,13
455,13
456,21
457,15
458,15
459,15
460,13
461,15
462,5
463,21
464,11
465,13
466,39
467,11
468,9
469,15
470,13
471,17
472,9
473,15
474,5
475,7
476,5
477,9
478,1
479,-3
480,-3
481,-3
482,-3
483,-3
484,1
485,-3
486,-3
487,1
488,-1
489,1
490,1
491,1
492,1
493,5
494,1
495,-5
496,5
497,1
498,-3
499,1
500,-1
501,1
502,-3
503,-21
504,-21
505,-17
506,-31
507,-21
508,-23
509,-21
510,-23
511,-15
512,-13
513,-21
514,-17
515,-21
516,-27
517,-25
518,-21
519,-13
520,-15
521,-17
522,-13
523,-13
524,-9
525,-7
526,-27
527,-5
528,-3
529,1
530,1
531,1
532,-3
533,1
534,-3
535,-7
536,-19
537,-3
538,-3
539,-3
540,-3
541,-5
542,-7
543,-3
544,-1
545,53
546,-5
547,-3
548,1
549,1
550,1
551,5
552,9
553,31
554,41
555,39
556,35
557,41
558,35
559,31
560,39
561,1
562,-53
563,-57
564,-93
565,-117
566,-113
567,-131
568,-147
569,-141
570,-155
571,-171
572,-169
573,-107
574,-81
575,-37
576,-17
577,11
578,21
579,13
580,19
581,11
582,1
583,-13
584,-27
585,-31
586,-13
587,1
588,1
589,-5
590,-3
591,-3
592,9
593,1
594,-3
595,-49
596,5
597,9
598,25
599,19
600,13
601,11
602,11
603,-21
604,-11
605,43
606,-7
607,-9
608,-9
609,-9
610,-15
611,-7
612,5
613,-23
614,-3
615,-3
616,-37
617,61
618,65
619,57
620,47
621,35
622,39
623,57
624,63
625,63
626,77
627,67
628,53
629,83
630,43
631,53
632,41
633,35
634,31
635,11
636,29
637,31
638,43
639,35
640,27
641,9
642,-9
643,-15
644,5
645,13
646,7
647,-3
648,19
649,-9
650,-7
651,5
652,19
653,39
654,39
655,41
656,47
657,55
658,35
659,35
660,27
661,25
662,11
663,25
664,17
665,17
666,21
667,29
668,19
669,21
670,15
671,19
672,11
673,15
674,11
675,5
676,1
677,19
678,1
679,-5
680,7
681,-7
682,-3
683,-3
684,1
685,5
686,5
687,7
688,9
689,7
690,5
691,21
692,5
693,-1
694,5
695,13
696,9
697,15
698,9
699,5
700,1
701,7
702,1
703,-15
704,-25
705,-13
706,-31
707,-17
708,-29
709,-17
710,-29
711,-13
712,-17
713,-17
714,-9
715,-9
716,-17
717,-13
718,-7
719,-13
720,-13
721,-13
722,-13
723,-3
724,-5
725,-3
726,5
727,-3
728,-5
729,-5
730,1
731,5
732,21
733,-3
734,-3
735,1
736,1
737,1
738,1
739,1
740,-3
741,-3
742,-3
743,5
744,-3
745,-3
746,-3
747,-3
748,-3
749,1
750,-3
751,-3
752,5
753,17
754,39
755,15
756,19
757,17
758,19
759,17
760,19
761,11
762,7
763,-13
764,13
765,11
766,13
767,25
768,5
769,7
770,5
771,5
772,7
773,9
774,-3
775,-3
776,-3
777,5
778,-3
779,-1
780,-7
781,5
782,-3
783,-3
784,-3
785,5
786,-3
787,-3
788,-3
789,1
790,1
791,-3
792,1
793,-3
794,21
795,-3
796,1
797,1
798,1
799,-1
800,5
801,1
802,1
803,-17
804,-15
805,-15
806,-17
807,-15
808,-27
809,-19
810,-15
811,-13
812,-13
813,7
814,-13
815,-9
816,-19
817,-15
818,-9
819,-7
820,-9
821,-9
822,-9
823,-33
824,-3
825,-9
826,-3
827,-3
828,-3
829,-7
830,-1
831,1
832,-3
833,-3
834,-5
835,-3
836,1
837,1
838,1
839,-3
840,5
841,-3
842,-3
843,-3
844,1
845,-3
846,-1
847,-3
848,-1
849,1
850,-3
851,1
852,5
853,11
854,15
855,15
856,17
857,15
858,13
859,13
860,15
861,13
862,9
863,17
864,11
865,13
866,15
867,11
868,9
869,11
870,11
871,11
872,25
873,5
874,1
875,7
876,7
877,7
878,5
879,1
880,5
881,-3
882,1
883,-5
884,1
885,-1
886,-3
887,1
888,-3
889,-3
890,1
891,-3
892,17
893,-3
894,5
895,1
896,1
897,1
898,-3
899,1
900,-3
901,1
902,-15
903,-13
904,-17
905,-15
906,-15
907,-13
908,-25
909,-15
910,-13
911,-17
912,-13
913,-13
914,-9
915,-13
916,-17
917,-13
918,-9
919,-7
920,-9
921,-25
922,-9
923,-5
924,-7
925,-7
926,-3
927,-9
928,-3
929,-7
930,-3
931,-3
932,-3
933,1
934,1
935,1
936,5
937,5
938,1
939,-5
940,-17
941,1
942,1
943,-3
944,1
945,-3
946,-3
947,-3
948,-3
949,1
950,1
951,-3
952,7
953,17
954,19
955,19
956,21
957,19
958,19
959,13
960,9
961,19
962,13
963,21
964,7
965,7
966,15
967,11
968,7
969,11
970,25
971,7
972,9
973,9
974,1
975,1
976,1
977,7
978,5
979,1
980,1
981,-3
982,-3
983,-3
984,1
985,-3
986,-3
987,1
988,-3
989,-1
990,-9
991,-3
992,1
993,7
994,1
995,1
996,-5
997,1
998,1
999,-3
1000,5
1001,-3
1002,-3
1003,-21
1004,-21
1005,-21
1006,-21
1007,-21
1008,-19
1009,-19
1010,-33
1011,-13
1012,-13
1013,-23
1014,-15
1015,-25
1016,-15
1017,-15
1018,-13
1019,-17
1020,-13
1021,-13
1022,-13
1023,-9
1024,-7
1025,-13
1026,-9
1027,-7
1028,-7
1029,13
1030,-5
1031,1
1032,-3
1033,-3
1034,5
1035,-3
1036,-3
1037,-3
1038,1
1039,7
1040,-3
1041,-3
1042,-3
1043,1
1044,-3
1045,1
1046,-3
1047,-3
1048,1
1049,-9
1050,7
1051,-3
1052,1
1053,25
1054,25
1055,25
1056,35
1057,31
1058,21
1059,29
1060,25
1061,17
1062,13
1063,27
1064,15
1065,19
1066,25
1067,25
1068,15
1069,11
1070,19
1071,21
1072,21
1073,15
1074,19
1075,13
1076,21
1077,13
1078,1
1079,5
1080,-3
1081,1
1082,5
1083,9
1084,5
1085,-41
1086,-91
1087,-117
1088,-99
1089,-159
1090,-179
1091,-183
1092,-181
1093,-189
1094,-197
1095,-209
1096,-103
1097,-81
1098,-45
1099,-9
1100,1
1101,15
1102,39
1103,55
1104,27
1105,-63
1106,-75
1107,-99
1108,-135
1109,-83
1110,-41
1111,-13
1112,-13
1113,-41
1114,-37
1115,-37
1116,-33
1117,-13
1118,-19
1119,-35
1120,-19
1121,-25
1122,1
1123,-9
1124,-17
1125,-13
1126,5
1127,9
1128,1
1129,33
1130,33
1131,33
1132,33
1133,25
1134,25
1135,19
1136,17
1137,25
1138,21
1139,47
1140,41
1141,33
1142,29
1143,57
1144,59
1145,75
1146,69
1147,63
1148,65
1149,55
1150,95
1151,77
1152,87
1153,125
1154,111
1155,119
1156,117
1157,85
1158,85
1159,77
1160,65
1161,45
1162,49
1163,63
1164,49
1165,43
1166,59
1167,33
1168,17
1169,5
1170,-3
1171,-5
1172,5
1173,7
1174,15
1175,1
1176,-15
1177,-17
1178,-1
1179,-15
1180,-31
1181,1
1182,-3
1183,-21
1184,-13
1185,-5
1186,5
1187,11
1188,-1
1189,1
1190,5
1191,39
1192,1
1193,7
1194,11
1195,5
1196,5
1197,5
1198,5
1199,1
1200,-1
1201,1
1202,-17
1203,-33
1204,-25
1205,-25
1206,-21
1207,-29
1208,-21
1209,-21
1210,-13
1211,-9
1212,-23
1213,-25
1214,-5
1215,-5
1216,-13
1217,-13
1218,-3
1219,-5
1220,-5
1221,-7
1222,-9
1223,7
1224,-3
1225,-5
1226,7
1227,1
1228,7
1229,9
1230,5
1231,11
1232,7
1233,33
1234,7
1235,5
1236,5
1237,9
1238,1
1239,9
1240,7
1241,1
1242,5
1243,-29
1244,7
1245,5
1246,5
1247,5
1248,5
1249,5
1250,1
1251,1
1252,9
1253,17
1254,21
1255,25
1256,21
1257,19
1258,15
1259,17
1260,15
1261,13
1262,7
1263,21
1264,7
1265,-21
1266,15
1267,11
1268,5
1269,7
1270,11
1271,7
1272,7
1273,5
1274,7
1275,-3
1276,-3
1277,-3
1278,1
1279,1
1280,-3
1281,1
1282,-3
1283,-3
1284,1
1285,9
1286,-3
1287,-7
1288,-3
1289,-3
1290,-7
1291,-3
1292,-3
1293,-3
1294,-3
1295,-3
1296,59
1297,-5
1298,1
1299,-3
1300,1
1301,-1
1302,1
1303,-17
1304,-21
1305,-37
1306,-13
1307,-19
1308,-21
1309,-19
1310,-13
1311,-13
1312,-7
1313,-19
1314,-13
1315,11
1316,-19
1317,-13
1318,-7
1319,-7
1320,-13
1321,-9
1322,-7
1323,-9
1324,-5
1325,-5
1326,-3
1327,-3
1328,-3
1329,-3
1330,-3
1331,1
1332,-3
1333,-3
1334,1
1335,-3
1336,1
1337,1
1338,1
1339,1
1340,1
1341,1
1342,1
1343,1
1344,-5
1345,-1
1346,1
1347,1
1348,-3
1349,-3
1350,1
1351,1
1352,5
1353,21
1354,21
1355,11
1356,13
1357,19
1358,15
1359,17
1360,15
1361,11
1362,5
1363,17
1364,15
1365,11
1366,15
1367,9
1368,5
1369,7
1370,5
1371,11
1372,7
1373,9
1374,9
1375,7
1376,9
1377,-7
1378,5
1379,5
1380,1
1381,1
1382,-3
1383,-3
1384,-3
1385,11
1386,1
1387,1
1388,1
1389,-3
1390,1
1391,-5
1392,7
1393,1
1394,-3
1395,-3
1396,1
1397,1
1398,1
1399,-3
1400,5
1401,1
1402,-7
1403,-25
1404,-17
1405,-13
1406,-17
1407,-15
1408,-17
1409,-17
1410,-13
1411,-13
1412,-5
1413,-19
1414,-9
1415,-7
1416,-13
1417,-7
1418,-9
1419,-13
1420,-7
1421,-7
1422,-25
1423,-5
1424,-9
1425,-7
1426,5
1427,1
1428,1
1429,-7
1430,1
1431,7
1432,-1
1433,1
1434,-3
1435,1
1436,1
1437,1
1438,1
1439,-1
1440,-3
1441,-3
1442,-1
1443,1
1444,-1
1445,1
1446,1
1447,1
1448,-3
1449,1
1450,-1
1451,-3
1452,1
1453,15
1454,21
1455,15
1456,19
1457,19
1458,13
1459,17
1460,13
1461,7
1462,15
1463,19
1464,11
1465,11
1466,15
1467,13
1468,7
1469,17
1470,13
1471,7
1472,39
1473,7
1474,7
1475,5
1476,7
1477,1
1478,-5
1479,-5
1480,-3
1481,1
1482,-3
1483,-3
1484,-3
1485,1
1486,1
1487,1
1488,-5
1489,1
1490,1
1491,-3
1492,1
1493,1
1494,-3
1495,1
1496,5
1497,5
1498,5
1499,-3
1500,1
1501,7
1502,1
1503,-17
1504,-21
1505,-17
1506,-15
1507,-19
1508,-17
1509,-17
1510,-15
1511,-13
1512,-9
1513,-21
1514,-13
1515,-13
1516,-21
1517,-9
1518,-13
1519,-13
1520,-7
1521,-9
1522,-13
1523,-9
1524,-7
1525,-7
1526,-13
1527,-17
1528,-3
1529,5
1530,-9
1531,-3
1532,-3
1533,1
1534,-5
1535,-3
1536,-3
1537,-5
1538,1
1539,-37
1540,1
1541,-5
1542,1
1543,-3
1544,-5
1545,-1
1546,-3
1547,-3
1548,1
1549,1
1550,-5
1551,1
1552,9
1553,25
1554,19
1555,25
1556,25
1557,21
1558,27
1559,21
1560,21
1561,15
1562,7
1563,25
1564,19
1565,19
1566,29
1567,21
1568,17
1569,21
1570,19
1571,13
1572,19
1573,11
1574,15
1575,11
1576,5
1577,5
1578,7
1579,5
1580,-5
1581,-3
1582,-7
1583,-1
1584,1
1585,1
1586,5
1587,5
1588,47
1589,-3
1590,5
1591,5
1592,5
1593,5
1594,5
1595,7
1596,5
1597,-3
1598,11
1599,1
1600,1
1601,1
1602,1
1603,-25
1604,-37
1605,-31
1606,-51
1607,-37
1608,-105
1609,-137
1610,-173
1611,-187
1612,-197
1613,-221
1614,-217
1615,-227
1616,-255
1617,-255
1618,-155
1619,-91
1620,-71
1621,-31
1622,-9
1623,7
1624,21
1625,75
1626,85
1627,13
1628,-57
1629,-29
1630,-31
1631,-25
1632,-43
1633,-41
1634,-3
1635,31
1636,35
1637,11
1638,-27
1639,-29
1640,5
1641,21
1642,19
1643,-13
1644,-21
1645,-9
1646,27
1647,11
1648,19
1649,19
1650,19
1651,15
1652,27
1653,57
1654,67
1655,73
1656,75
1657,67
1658,71
1659,53
1660,59
1661,49
1662,39
1663,65
1664,43
1665,45
1666,69
1667,63
1668,77
1669,59
1670,61
1671,75
1672,81
1673,95
1674,99
1675,87
1676,87
1677,83
1678,57
1679,29
1680,61
1681,65
1682,57
1683,47
1684,45
1685,25
1686,15
1687,25
1688,33
1689,65
1690,13
1691,13
1692,-3
1693,-7
1694,-17
1695,-13
1696,-5
1697,-3
1698,-3
1699,-17
1700,-7
1701,-3
1702,-9
1703,-41
1704,-37
1705,-41
1706,-43
1707,-41
1708,-13
1709,-21
1710,-13
1711,-21
1712,1
1713,-17
1714,-13
1715,-15
1716,-9
1717,-9
1718,-19
1719,-15
1720,-17
1721,-9
1722,-19
1723,-3
1724,1
1725,-1
1726,-3
1727,-3
1728,-3
1729,5
1730,7
1731,13
1732,-5
1733,11
1734,13
1735,19
1736,13
1737,9
1738,5
1739,13
1740,11
1741,13
1742,-13
1743,13
1744,13
1745,5
1746,11
1747,11
1748,7
1749,5
1750,11
1751,7
1752,49
1753,29
1754,33
1755,25
1756,29
1757,27
1758,29
1759,29
1760,21
1761,21
1762,11
1763,21
1764,15
1765,9
1766,21
1767,17
1768,13
1769,15
1770,13
1771,15
1772,7
1773,11
1774,1
1775,5
1776,13
1777,1
1778,5
1779,-3
1780,1
1781,-5
1782,-5
1783,-29
1784,1
1785,-3
1786,-3
1787,-3
1788,-5
1789,-7
1790,-3
1791,-7
1792,-3
1793,1
1794,21
1795,-7
1796,-3
1797,-3
1798,-5
1799,-5
1800,1
1801,-7
1802,-3
1803,-23
1804,-21
1805,-17
1806,-19
1807,-19
1808,-21
1809,-21
1810,-21
1811,-15
1812,-17
1813,-21
1814,-9
1815,-13
1816,-17
1817,-13
1818,-15
1819,-9
1820,-7
1821,-9
1822,-7
1823,-23
1824,-25
1825,-3
1826,-7
1827,-3
1828,-3
1829,-3
1830,-1
1831,7
1832,1
1833,1
1834,-3
1835,-3
1836,-5
1837,1
1838,1
1839,1
1840,1
1841,5
1842,1
1843,-3
1844,-3
1845,5
1846,-3
1847,-1
1848,5
1849,1
1850,1
1851,1
1852,5
1853,15
1854,19
1855,15
1856,17
1857,25
1858,15
1859,11
1860,15
1861,15
1862,11
1863,19
1864,7
1865,13
1866,15
1867,15
1868,5
1869,5
1870,5
1871,9
1872,7
1873,9
1874,31
1875,1
1876,7
1877,5
1878,-3
1879,1
1880,1
1881,-3
1882,-1
1883,1
1884,1
1885,-3
1886,-3
1887,-3
1888,-3
1889,-1
1890,1
1891,-3
1892,-3
1893,1
1894,-5
1895,1
1896,1
1897,1
1898,1
1899,1
1900,1
1901,1
1902,1
1903,-41
1904,-17
1905,-27
1906,-17
1907,-19
1908,-15
1909,-15
1910,-19
1911,-9
1912,-15
1913,-15
1914,-13
1915,-9
1916,-17
1917,-13
1918,-9
1919,-7
1920,-13
1921,-9
1922,-5
1923,-9
1924,-3
1925,-7
1926,-5
1927,-3
1928,1
1929,1
1930,-3
1931,-3
1932,-1
1933,17
1934,1
1935,1
1936,1
1937,1
1938,1
1939,1
1940,1
1941,-1
1942,-3
1943,1
1944,1
1945,5
1946,1
1947,-3
1948,-1
1949,1
1950,-3
1951,1
1952,-3
1953,13
1954,15
1955,15
1956,15
1957,15
1958,17
1959,15
1960,21
1961,7
1962,9
1963,11
1964,9
1965,5
1966,13
1967,11
1968,7
1969,5
1970,9
1971,11
1972,1
1973,1
1974,7
1975,9
1976,1
1977,1
1978,1
1979,1
1980,-5
1981,1
1982,1
1983,9
1984,1
1985,-3
1986,1
1987,-3
1988,-1
1989,-3
1990,1
1991,17
1992,5
1993,-3
1994,1
1995,1
1996,5
1997,-3
1998,-3
1999,-3
2000,-3
2001,5
2002,1
2003,-17
2004,-21
2005,-19
2006,-21
2007,-19
2008,-15
2009,-17
2010,9
2011,-13
2012,-27
2013,-23
2014,-13
2015,-7
2016,-15
2017,-15
2018,-7
2019,-7
2020,-3
2021,-13
2022,-15
2023,-17
2024,-5
2025,-7
2026,-5
2027,-7
2028,-7
2029,-7
2030,1
2031,1
2032,1
2033,1
2034,1
2035,1
2036,-3
2037,-3
2038,-3
2039,-3
2040,-3
2041,5
2042,1
2043,-3
2044,1
2045,1
2046,-7
2047,1
2048,-3
2049,1
2050,17
2051,-1
2052,5
2053,19
2054,21
2055,21
2056,21
2057,21
2058,17
2059,21
2060,21
2061,15
2062,11
2063,19
2064,15
2065,11
2066,15
2067,19
2068,5
2069,19
2070,7
2071,13
2072,13
2073,9
2074,9
2075,11
2076,13
2077,1
2078,7
2079,1
2080,-9
2081,1
2082,-3
2083,1
2084,-3
2085,1
2086,11
2087,1
2088,-3
2089,1
2090,-5
2091,-3
2092,5
2093,1
2094,1
2095,7
2096,1
2097,5
2098,5
2099,5
2100,7
2101,5
2102,-3
2103,-29
2104,-23
2105,-25
2106,-27
2107,-25
2108,-35
2109,13
2110,-31
2111,-19
2112,-9
2113,-29
2114,-19
2115,-15
2116,-25
2117,-21
2118,-23
2119,-19
2120,-23
2121,-21
2122,-19
2123,-17
2124,-15
2125,-17
2126,-7
2127,-9
2128,-19
2129,-3
2130,-3
2131,7
2132,-13
2133,-73
2134,-113
2135,-141
2136,-169
2137,-181
2138,-187
2139,-195
2140,-197
2141,-207
2142,-209
2143,-141
2144,-69
2145,-55
2146,-13
2147,15
2148,81
2149,31
2150,81
2151,103
2152,53
2153,-15
2154,1
2155,-5
2156,-47
2157,-25
2158,39
2159,77
2160,75
2161,43
2162,-3
2163,17
2164,1
2165,35
2166,49
2167,39
2168,11
2169,27
2170,41
2171,47
2172,35
2173,27
2174,25
2175,25
2176,35
2177,39
2178,27
2179,19
2180,33
2181,29
2182,33
2183,21
2184,5
2185,1
2186,1
2187,13
2188,25
2189,35
2190,45
2191,65
2192,71
2193,69
2194,59
2195,65
2196,75
2197,71
2198,71
2199,59
2200,67
2201,65
2202,59
2203,1
2204,17
2205,11
2206,-7
2207,-9
2208,-13
2209,-25
2210,17
2211,-7
2212,5
2213,1
2214,13
2215,-5
2216,-33
2217,-33
2218,-29
2219,-21
2220,-17
2221,-51
2222,-29
2223,-13
2224,7
2225,-7
2226,-13
2227,1
2228,-7
2229,15
2230,-17
2231,25
2232,1
2233,-13
2234,-13
2235,5
2236,1
2237,7
2238,5
2239,5
2240,15
2241,15
2242,29
2243,13
2244,13
2245,5
2246,7
2247,13
2248,7
2249,13
2250,11
2251,11
2252,21
2253,59
2254,33
2255,39
2256,33
2257,33
2258,35
2259,39
2260,35
2261,25
2262,19
2263,39
2264,25
2265,21
2266,25
2267,25
2268,13
2269,15
2270,13
2271,17
2272,19
2273,13
2274,43
2275,11
2276,7
2277,5
2278,7
2279,1
2280,1
2281,1
2282,1
2283,5
2284,5
2285,-7
2286,1
2287,-3
2288,1
2289,-3
2290,-3
2291,-5
2292,1
2293,5
2294,5
2295,21
2296,5
2297,-1
2298,-3
2299,-3
2300,-3
2301,-3
2302,-3
2303,-19
2304,-21
2305,-23
2306,-19
2307,-25
2308,-23
2309,-21
2310,-23
2311,-21
2312,-15
2313,-25
2314,-15
2315,-17
2316,-17
2317,39
2318,-7
2319,-13
2320,-21
2321,-15
2322,-13
2323,1
2324,-7
2325,-5
2326,-17
2327,-1
2328,-5
2329,-3
2330,-3
2331,5
2332,-7
2333,-3
2334,1
2335,-3
2336,-3
2337,21
2338,-3
2339,1
2340,-3
2341,1
2342,-3
2343,1
2344,5
2345,1
2346,1
2347,1
2348,9
2349,1
2350,1
2351,1
2352,5
2353,13
2354,21
2355,15
2356,19
2357,17
2358,15
2359,13
2360,17
2361,15
2362,7
2363,17
2364,11
2365,11
2366,21
2367,17
2368,15
2369,9
2370,9
2371,5
2372,5
2373,9
2374,7
2375,5
2376,1
2377,5
2378,1
2379,-7
2380,-3
2381,-3
2382,-3
2383,-3
2384,1
2385,-5
2386,1
2387,-1
2388,7
2389,1
2390,1
2391,-3
2392,1
2393,-3
2394,-1
2395,1
2396,1
2397,1
2398,-3
2399,-3
2400,-1
2401,1
2402,-3
2403,-15
2404,-13
2405,-15
2406,-13
2407,-13
2408,-15
2409,-15
2410,-13
2411,-13
2412,-7
2413,-19
2414,-9
2415,-13
2416,-17
2417,-13
2418,-17
2419,-7
2420,-3
2421,-9
2422,-3
2423,1
2424,-7
2425,-5
2426,-3
2427,-17
2428,1
2429,5
2430,5
2431,-1
2432,-3
2433,-3
2434,-3
2435,1
2436,1
2437,-3
2438,-3
2439,1
2440,1
2441,1
2442,5
2443,1
2444,1
2445,1
2446,1
2447,15
2448,1
2449,-3
2450,1
2451,1
2452,7
2453,13
2454,11
2455,15
2456,13
2457,17
2458,11
2459,25
2460,11
2461,11
2462,11
2463,17
2464,9
2465,13
2466,13
2467,-9
2468,11
2469,7
2470,9
2471,11
2472,7
2473,9
2474,5
2475,7
2476,7
2477,-13
2478,11
2479,1
2480,-3
2481,1
2482,-3
2483,1
2484,5
2485,1
2486,-3
2487,1
2488,-3
2489,5
2490,-3
2491,5
2492,-3
2493,-3
2494,-1
2495,1
2496,-3
2497,1
2498,1
2499,1
2500,-3
2501,-3
2502,-3
2503,-13
2504,-17
2505,-15
2506,-21
2507,-15
2508,-17
2509,-15
2510,-17
2511,-9
2512,-5
2513,-19
2514,-13
2515,-13
2516,-13
2517,-13
2518,-3
2519,-9
2520,-9
2521,-7
2522,-15
2523,-9
2524,-7
2525,-9
2526,-1
2527,-5
2528,-13
2529,1
2530,1
2531,1
2532,-7
2533,-5
2534,-3
2535,-1
2536,-3
2537,1
2538,1
2539,1
2540,-3
2541,-3
2542,-5
2543,5
2544,-1
2545,1
2546,-3
2547,1
2548,-3
2549,-3
2550,1
2551,-3
2552,1
2553,19
2554,15
2555,33
2556,15
2557,19
2558,19
2559,15
2560,17
2561,13
2562,13
2563,15
2564,15
2565,21
2566,15
2567,13
2568,9
2569,13
2570,15
2571,5
2572,5
2573,1
2574,7
2575,5
2576,15
2577,-3
2578,5
2579,5
2580,-3
2581,1
2582,1
2583,1
2584,-1
2585,1
2586,-9
2587,1
2588,-3
2589,1
2590,1
2591,-3
2592,1
2593,-3
2594,1
2595,5
2596,-3
2597,1
2598,1
2599,1
2600,1
2601,-3
2602,-3
2603,-19
2604,-23
2605,-43
2606,-23
2607,-21
2608,-23
2609,-31
2610,-21
2611,-15
2612,-9
2613,-29
2614,-17
2615,-15
2616,-25
2617,-21
2618,-13
2619,-13
2620,-17
2621,-31
2622,-13
2623,-9
2624,-7
2625,-21
2626,-7
2627,-7
2628,-9
2629,-7
2630,-3
2631,-3
2632,-3
2633,-3
2634,1
2635,-3
2636,-7
2637,-5
2638,-1
2639,-3
2640,1
2641,7
2642,-3
2643,-3
2644,-3
2645,-5
2646,1
2647,-3
2648,-3
2649,-5
2650,-3
2651,-3
2652,-3
2653,25
2654,33
2655,19
2656,31
2657,39
2658,39
2659,35
2660,39
2661,29
2662,25
2663,39
2664,21
2665,-45
2666,-63
2667,-97
2668,-127
2669,-135
2670,-151
2671,-153
2672,-155
2673,-155
2674,-179
2675,-167
2676,-121
2677,-43
2678,-37
2679,-13
2680,13
2681,13
2682,13
2683,21
2684,39
2685,17
2686,-25
2687,-55
2688,-47
2689,-17
2690,1
2691,1
2692,-3
2693,-7
2694,-7
2695,-7
2696,11
2697,25
2698,13
2699,11
2700,13
2701,9
2702,7
2703,-27
2704,-37
2705,-13
2706,-21
2707,-19
2708,-3
2709,-5
2710,-5
2711,-5
2712,-3
2713,-49
2714,-13
2715,1
2716,-27
2717,-13
2718,-7
2719,7
2720,11
2721,29
2722,39
2723,53
2724,53
2725,35
2726,53
2727,69
2728,67
2729,85
2730,75
2731,65
2732,63
2733,63
2734,53
2735,57
2736,59
2737,47
2738,67
2739,25
2740,25
2741,11
2742,21
2743,25
2744,41
2745,47
2746,29
2747,5
2748,-3
2749,-13
2750,-7
2751,-3
2752,13
2753,33
2754,31
2755,29
2756,21
2757,15
2758,43
2759,87
2760,27
2761,11
2762,1
2763,39
2764,35
2765,25
2766,15
2767,31
2768,29
2769,29
2770,-27
2771,21
2772,19
2773,25
2774,11
2775,15
2776,-3
2777,5
2778,1
2779,7
2780,63
2781,5
2782,5
2783,13
2784,7
2785,7
2786,5
2787,5
2788,7
2789,9
2790,7
2791,29
2792,9
2793,7
2794,5
2795,7
2796,5
2797,7
2798,7
2799,5
2800,5
2801,7
2802,5
2803,-23
2804,-17
2805,-19
2806,-25
2807,-19
2808,-19
2809,-13
2810,-21
2811,-9
2812,5
2813,-13
2814,-7
2815,-5
2816,-19
2817,-17
2818,-13
2819,-13
2820,-15
2821,-7
2822,-9
2823,7
2824,-3
2825,5
2826,13
2827,1
2828,-3
2829,1
2830,-3
2831,-3
2832,-5
2833,1
2834,-3
2835,1
2836,1
2837,-3
2838,-3
2839,-3
2840,-3
2841,-3
2842,-1
2843,-3
2844,-7
2845,1
2846,-5
2847,-1
2848,-3
2849,1
2850,1
2851,-3
2852,7
2853,15
2854,15
2855,19
2856,13
2857,15
2858,13
2859,13
2860,15
2861,13
2862,7
2863,17
2864,9
2865,7
2866,11
2867,15
2868,9
2869,9
2870,5
2871,9
2872,9
2873,7
2874,5
2875,5
2876,5
2877,1
2878,-3
2879,-3
2880,-9
2881,-3
2882,-3
2883,-9
2884,1
2885,-3
2886,-3
2887,1
2888,13
2889,1
2890,1
2891,1
2892,-3
2893,1
2894,5
2895,1
2896,1
2897,-3
2898,-3
2899,-3
2900,-1
2901,-3
2902,-3
2903,-13
2904,-17
2905,-13
2906,-17
2907,-13
2908,-25
2909,-9
2910,-13
2911,-13
2912,-7
2913,-13
2914,-13
2915,-7
2916,-15
2917,-13
2918,-13
2919,-13
2920,-13
2921,-13
2922,-5
2923,-3
2924,-5
2925,-13
2926,33
2927,-3
2928,-9
2929,-3
2930,1
2931,1
2932,-3
2933,1
2934,-5
2935,1
2936,-3
2937,-7
2938,1
2939,1
2940,-1
2941,9
2942,1
2943,-3
2944,1
2945,19
2946,5
2947,1
2948,1
2949,-3
2950,-3
2951,1
2952,1
2953,17
2954,15
2955,5
2956,17
2957,13
2958,13
2959,11
2960,15
2961,11
2962,7
2963,15
2964,9
2965,7
2966,15
2967,11
2968,9
2969,7
2970,15
2971,11
2972,11
2973,11
2974,5
2975,5
2976,5
2977,5
2978,1
2979,1
2980,1
2981,-3
2982,1
2983,-3
2984,-5
2985,-3
2986,1
2987,1
2988,5
2989,1
2990,-3
2991,1
2992,1
2993,-15
2994,1
2995,-3
2996,-3
2997,1
2998,-3
2999,1
3000,-3
3001,-3
3002,-3
3003,-13
3004,7
3005,-15
3006,-15
3007,-7
3008,-13
3009,-13
3010,-9
3011,-13
3012,-7
3013,-21
3014,-9
3015,-7
3016,-19
3017,-13
3018,-9
3019,-9
3020,-13
3021,-11
3022,-7
3023,-7
3024,-5
3025,-7
3026,1
3027,-5
3028,-7
3029,-1
3030,5
3031,-3
3032,-3
3033,5
3034,-3
3035,1
3036,1
3037,1
3038,-3
3039,-5
3040,-3
3041,1
3042,19
3043,1
3044,5
3045,1
3046,1
3047,1
3048,-3
3049,1
3050,-3
3051,1
3052,11
3053,19
3054,13
3055,13
3056,13
3057,15
3058,17
3059,17
3060,19
3061,15
3062,13
3063,15
3064,15
3065,9
3066,13
3067,15
3068,13
3069,13
3070,7
3071,11
3072,7
3073,7
3074,5
3075,5
3076,1
3077,-3
3078,-3
3079,-3
3080,-5
3081,-3
3082,-5
3083,1
3084,1
3085,5
3086,-1
3087,1
3088,1
3089,1
3090,1
3091,1
3092,5
3093,-3
3094,1
3095,-3
3096,-3
3097,1
3098,-7
3099,-3
3100,-5
3101,5
3102,1
3103,-17
3104,-15
3105,-17
3106,-23
3107,-21
3108,-21
3109,-19
3110,-21
3111,-21
3112,-13
3113,-25
3114,-21
3115,-13
3116,-19
3117,-17
3118,-25
3119,-15
3120,-17
3121,-13
3122,57
3123,-13
3124,-7
3125,-7
3126,-3
3127,-9
3128,-7
3129,7
3130,-5
3131,-7
3132,5
3133,1
3134,-5
3135,-5
3136,-7
3137,1
3138,-3
3139,-3
3140,1
3141,25
3142,-3
3143,-3
3144,-3
3145,1
3146,1
3147,5
3148,-3
3149,-3
3150,-3
3151,5
3152,1
3153,25
3154,25
3155,29
3156,29
3157,25
3158,25
3159,25
3160,25
3161,11
3162,11
3163,25
3164,21
3165,19
3166,31
3167,25
3168,17
3169,17
3170,-13
3171,17
3172,19
3173,13
3174,9
3175,7
3176,7
3177,1
3178,-3
3179,7
3180,-3
3181,137
3182,-3
3183,5
3184,7
3185,5
3186,9
3187,5
3188,9
3189,5
3190,1
3191,9
3192,-31
3193,-47
3194,-99
3195,-137
3196,-163
3197,-179
3198,-193
3199,-203
3200,-171
3201,-213
3202,-207
3203,-175
3204,-123
3205,-91
3206,-59
3207,-35
3208,-23
3209,-35
3210,33
3211,63
3212,47
3213,-71
3214,-113
3215,-109
3216,-131
3217,-99
3218,-53
3219,-29
3220,-9
3221,-19
3222,-25
3223,-21
3224,-5
3225,-5
3226,-3
3227,-21
3228,-19
3229,-53
3230,13
3231,31
3232,29
3233,19
3234,15
3235,11
3236,15
3237,13
3238,19
3239,31
3240,39
3241,31
3242,33
3243,35
3244,25
3245,21
3246,29
3247,39
3248,63
3249,75
3250,85
3251,43
3252,91
3253,113
3254,115
3255,127
3256,115
3257,117
3258,129
3259,109
3260,109
3261,143
3262,81
3263,95
3264,81
3265,67
3266,69
3267,61
3268,53
3269,35
3270,27
3271,-13
3272,29
3273,27
3274,15
3275,-7
3276,-29
3277,-5
3278,1
3279,5
3280,-3
3281,-7
3282,-17
3283,-13
3284,-13
3285,7
3286,9
3287,-3
3288,-7
3289,-9
3290,-5
3291,11
3292,-29
3293,-1
3294,-3
3295,-7
3296,7
3297,1
3298,-5
3299,-3
3300,-7
3301,-9
3302,1
3303,21
3304,-31
3305,-25
3306,-27
3307,-35
3308,-21
3309,-21
3310,-15
3311,-7
3312,-17
3313,-19
3314,-25
3315,-9
3316,-23
3317,-17
3318,-9
3319,-13
3320,-3
3321,-5
3322,-13
3323,-3
3324,-13
3325,9
3326,1
3327,5
3328,7
3329,15
3330,15
3331,11
3332,11
3333,9
3334,5
3335,13
3336,1
3337,1
3338,1
3339,1
3340,5
3341,11
3342,11
3343,5
3344,11
3345,7
3346,41
3347,-3
3348,7
3349,1
3350,5
3351,7
3352,7
3353,25
3354,27
3355,-3
3356,27
3357,19
3358,17
3359,15
3360,15
3361,15
3362,11
3363,21
3364,11
3365,11
3366,21
3367,5
3368,7
3369,11
3370,11
3371,9
3372,7
3373,7
3374,5
3375,7
3376,-3
3377,-21
3378,-5
3379,-3
3380,-5
3381,-3
3382,-5
3383,-5
3384,-3
3385,-7
3386,-3
3387,-9
3388,-3
3389,-3
3390,-3
3391,1
3392,-3
3393,-5
3394,1
3395,-3
3396,1
3397,9
3398,-3
3399,-3
3400,-5
3401,-3
3402,-3
3403,-17
3404,-19
3405,-15
3406,-15
3407,-17
3408,33
3409,-19
3410,-19
3411,-13
3412,-9
3413,-19
3414,-9
3415,-7
3416,-17
3417,-31
3418,-13
3419,-13
3420,-13
3421,-13
3422,-9
3423,-7
3424,-7
3425,-3
3426,5
3427,-3
3428,-3
3429,-3
3430,-9
3431,1
3432,1
3433,1
3434,5
3435,-3
3436,-5
3437,1
3438,9
3439,5
3440,1
3441,-3
3442,1
3443,-3
3444,-3
3445,-3
3446,1
3447,-3
3448,1
3449,-1
3450,1
3451,5
3452,5
3453,11
3454,13
3455,13
3456,-7
3457,11
3458,13
3459,19
3460,9
3461,7
3462,5
3463,13
3464,5
3465,5
3466,29
3467,11
3468,13
3469,9
3470,7
3471,9
3472,9
3473,9
3474,9
3475,1
3476,5
3477,-1
3478,-3
3479,1
3480,1
3481,-5
3482,-3
3483,5
3484,1
3485,1
3486,1
3487,-5
3488,-3
3489,1
3490,-3
3491,1
3492,1
3493,1
3494,-3
3495,1
3496,-3
3497,5
3498,1
3499,-3
3500,1
3501,-3
3502,1
3503,-15
3504,-15
3505,-21
3506,-17
3507,-13
3508,-13
3509,-15
3510,-13
3511,-13
3512,-5
3513,-15
3514,-7
3515,-27
3516,-15
3517,-13
3518,-13
3519,-13
3520,-9
3521,-9
3522,-9
3523,-5
3524,-5
3525,-9
3526,31
3527,1
3528,-3
3529,-1
3530,5
3531,-3
3532,-3
3533,-3
3534,-5
3535,1
3536,-3
3537,-3
3538,-3
3539,5
3540,-3
3541,1
3542,-1
3543,1
3544,1
3545,5
3546,5
3547,1
3548,1
3549,-3
3550,1
3551,1
3552,5
3553,11
3554,15
3555,17
3556,15
3557,15
3558,13
3559,11
3560,15
3561,9
3562,11
3563,17
3564,7
3565,7
3566,15
3567,19
3568,11
3569,11
3570,11
3571,9
3572,7
3573,5
3574,9
3575,7
3576,1
3577,1
3578,1
3579,-3
3580,-3
3581,1
3582,1
3583,1
3584,-5
3585,1
3586,1
3587,1
3588,1
3589,-3
3590,1
3591,1
3592,1
3593,-15
3594,-3
3595,-3
3596,-3
3597,1
3598,-3
3599,1
3600,1
3601,1
3602,-3
3603,-13
3604,39
3605,-19
3606,-21
3607,-19
3608,-21
3609,-13
3610,-21
3611,-15
3612,-13
3613,-17
3614,-5
3615,-11
3616,-19
3617,-17
3618,-13
3619,-9
3620,-7
3621,-9
3622,-13
3623,11
3624,-15
3625,-3
3626,1
3627,-3
3628,-7
3629,7
3630,1
3631,1
3632,1
3633,1
3634,-3
3635,-5
3636,-5
3637,-3
3638,-3
3639,-3
3640,-3
3641,-3
3642,1
3643,-7
3644,-3
3645,-3
3646,-3
3647,1
3648,5
3649,1
3650,-1
3651,-3
3652,-25
3653,21
3654,21
3655,19
3656,21
3657,21
3658,21
3659,21
3660,15
3661,15
3662,11
3663,25
3664,13
3665,13
3666,25
3667,25
3668,19
3669,13
3670,13
3671,17
3672,21
3673,-9
3674,13
3675,-3
3676,1
3677,7
3678,-3
3679,1
3680,-3
3681,1
3682,1
3683,-3
3684,1
3685,5
3686,5
3687,1
3688,1
3689,1
3690,1
3691,-5
3692,9
3693,1
3694,-3
3695,1
3696,1
3697,1
3698,5
3699,1
3700,1
3701,1
3702,-5
3703,-25
3704,-27
3705,-31
3706,-27
3707,-29
3708,-31
3709,-31
3710,-25
3711,-19
3712,-13
3713,-33
3714,-21
3715,-21
3716,-37
3717,-71
3718,-121
3719,-137
3720,-169
3721,-179
3722,-193
3723,-191
3724,-183
3725,-179
3726,-185
3727,-197
3728,-181
3729,-79
3730,-35
3731,-15
3732,5
3733,11
3734,9
3735,29
3736,43
3737,19
3738,-3
3739,-27
3740,-5
3741,-49
3742,-15
3743,11
3744,15
3745,1
3746,-3
3747,-3
3748,1
3749,1
3750,-43
3751,15
3752,7
3753,35
3754,49
3755,53
3756,49
3757,53
3758,47
3759,63
3760,65
3761,57
3762,87
3763,57
3764,57
3765,47
3766,59
3767,53
3768,41
3769,39
3770,45
3771,45
3772,49
3773,35
3774,49
3775,75
3776,77
3777,57
3778,59
3779,57
3780,65
3781,55
3782,65
3783,113
3784,59
3785,59
3786,63
3787,59
3788,57
3789,65
3790,47
3791,35
3792,31
3793,15
3794,27
3795,27
3796,21
3797,41
3798,35
3799,21
3800,1
3801,-21
3802,-29
3803,-53
3804,-49
3805,-41
3806,-47
3807,-45
3808,-35
3809,-41
3810,-35
3811,-25
3812,-3
3813,-23
3814,-23
3815,-21
3816,-43
3817,-33
3818,-29
3819,-21
3820,-21
3821,-15
3822,-3
3823,-3
3824,-3
3825,1
3826,-3
3827,-1
3828,9
3829,5
3830,13
3831,15
3832,11
3833,7
3834,9
3835,9
3836,17
3837,13
3838,5
3839,9
3840,7
3841,7
3842,15
3843,11
3844,11
3845,9
3846,13
3847,1
3848,9
3849,11
3850,9
3851,11
3852,11
3853,39
3854,35
3855,39
3856,33
3857,27
3858,43
3859,33
3860,27
3861,27
3862,15
3863,25
3864,19
3865,17
3866,25
3867,25
3868,9
3869,13
3870,19
3871,15
3872,13
3873,11
3874,13
3875,9
3876,5
3877,11
3878,-15
3879,9
3880,7
3881,-3
3882,-7
3883,-3
3884,-3
3885,-3
3886,-3
3887,-5
3888,1
3889,-7
3890,-9
3891,1
3892,-3
3893,-7
3894,-3
3895,-5
3896,1
3897,-3
3898,-3
3899,-21
3900,-3
3901,-3
3902,-5
3903,-21
3904,-23
3905,-21
3906,-21
3907,-21
3908,-21
3909,-19
3910,-21
3911,-21
3912,-13
3913,-17
3914,-17
3915,-13
3916,-17
3917,-17
3918,-13
3919,-17
3920,-13
3921,-3
3922,-13
3923,-7
3924,-5
3925,-5
3926,1
3927,-5
3928,1
3929,-3
3930,-3
3931,1
3932,1
3933,1
3934,1
3935,-3
3936,1
3937,1
3938,1
3939,-1
3940,-7
3941,5
3942,1
3943,-1
3944,-3
3945,-3
3946,1
3947,1
3948,1
3949,1
3950,5
3951,1
3952,1
3953,21
3954,17
3955,19
3956,19
3957,19
3958,19
3959,17
3960,15
3961,1
3962,7
3963,15
3964,9
3965,5
3966,15
3967,13
3968,13
3969,11
3970,11
3971,9
3972,-1
3973,7
3974,7
3975,5
3976,5
3977,1
3978,1
3979,1
3980,-1
3981,-3
3982,1
3983,1
3984,-3
3985,-3
3986,5
3987,-3
3988,-3
3989,1
3990,-3
3991,-5
3992,1
3993,1
3994,-3
3995,-3
3996,1
3997,1
3998,1
3999,1
4000,-15
4001,-5
4002,-5
4003,-13
4004,-13
4005,-13
4006,-15
4007,-13
4008,-15
4009,-17
4010,17
4011,-13
4012,-9
4013,-9
4014,-13
4015,-7
4016,-21
4017,-13
4018,-9
4019,-7
4020,-7
4021,-7
4022,-9
4023,-13
4024,-5
4025,-5
4026,-9
4027,-7
4028,1
4029,5
4030,5
4031,1
4032,1
4033,-5
4034,-3
4035,-3
4036,1
4037,1
4038,1
4039,-1
4040,1
4041,1
4042,-3
4043,-3
4044,1
4045,1
4046,1
4047,1
4048,-3
4049,-3
4050,-3
4051,1
4052,5
4053,15
4054,19
4055,15
4056,19
4057,21
4058,15
4059,-9
4060,11
4061,13
4062,9
4063,15
4064,9
4065,9
4066,13
4067,11
4068,7
4069,7
4070,7
4071,11
4072,11
4073,7
4074,7
4075,7
4076,5
4077,5
4078,-3
4079,7
4080,1
4081,-3
4082,-3
4083,1
4084,-1
4085,1
4086,-3
4087,-3
4088,-1
4089,-3
4090,-3
4091,-1
4092,-3
4093,1
4094,1
4095,1
4096,1
4097,1
4098,-3
4099,-17
4100,-3
4101,-3
4102,-3
4103,-17
4104,-13
4105,-15
4106,-15
4107,-17
4108,-19
4109,-17
4110,-13
4111,-13
4112,-7
4113,-15
4114,-13
4115,-7
4116,-21
4117,-17
4118,-31
4119,-9
4120,-13
4121,-9
4122,-5
4123,-13
4124,-15
4125,-9
4126,-9
4127,-5
4128,-3
4129,-3
4130,9
4131,5
4132,5
4133,-3
4134,-3
4135,1
4136,1
4137,1
4138,-3
4139,-3
4140,-5
4141,1
4142,-3
4143,-3
4144,-5
4145,1
4146,1
4147,1
4148,1
4149,-7
4150,1
4151,1
4152,1
4153,17
4154,19
4155,17
4156,19
4157,15
4158,11
4159,21
4160,19
4161,15
4162,9
4163,21
4164,11
4165,19
4166,25
4167,17
4168,1
4169,17
4170,13
4171,11
4172,7
4173,11
4174,9
4175,7
4176,-1
4177,-1
4178,-3
4179,-3
4180,-3
4181,-3
4182,-3
4183,1
4184,-3
4185,-1
4186,7
4187,1
4188,-5
4189,1
4190,-3
4191,1
4192,5
4193,1
4194,1
4195,7
4196,1
4197,-3
4198,1
4199,-5
4200,-3
4201,1
4202,-3
4203,-23
4204,-21
4205,-31
4206,-27
4207,-21
4208,-23
4209,-29
4210,-19
4211,-13
4212,-13
4213,-15
4214,-21
4215,-19
4216,-21
4217,-19
4218,-21
4219,-13
4220,-21
4221,-17
4222,-15
4223,-19
4224,-9
4225,-17
4226,-7
4227,-5
4228,19
4229,13
4230,-3
4231,1
4232,1
4233,1
4234,-1
4235,1
4236,1
4237,-9
4238,1
4239,-3
4240,-5
4241,-5
4242,-3
4243,-7
4244,-7
4245,-3
4246,-5
4247,-9
4248,-13
4249,-53
4250,-91
4251,-113
4252,-141
4253,-127
4254,-131
4255,-145
4256,-141
4257,-131
4258,-151
4259,-161
4260,-113
4261,-41
4262,-35
4263,17
4264,31
4265,43
4266,57
4267,57
4268,49
4269,49
4270,21
4271,-9
4272,-25
4273,5
4274,15
4275,11
4276,15
4277,-49
4278,7
4279,-15
4280,5
4281,11
4282,11
4283,11
4284,17
4285,9
4286,5
4287,5
4288,1
4289,15
4290,21
4291,33
4292,39
4293,35
4294,35
4295,25
4296,21
4297,15
4298,15
4299,33
4300,19
4301,19
4302,21
4303,-7
4304,-7
4305,7
4306,21
4307,21
4308,17
4309,17
4310,49
4311,19
4312,55
4313,39
4314,55
4315,39
4316,7
4317,29
4318,25
4319,27
4320,39
4321,27
4322,11
4323,9
4324,7
4325,1
4326,15
4327,19
4328,17
4329,49
4330,53
4331,29
4332,-9
4333,-13
4334,-3
4335,9
4336,5
4337,-17
4338,-7
4339,-3
4340,15
4341,9
4342,-13
4343,7
4344,11
4345,-9
4346,-19
4347,-9
4348,5
4349,5
4350,-5
4351,-9
4352,49
4353,35
4354,39
4355,33
4356,45
4357,43
4358,47
4359,43
4360,39
4361,31
4362,19
4363,13
4364,31
4365,39
4366,33
4367,29
4368,21
4369,21
4370,15
4371,21
4372,19
4373,17
4374,13
4375,5
4376,11
4377,15
4378,13
4379,11
4380,13
4381,1
4382,5
4383,7
4384,-3
4385,13
4386,11
4387,5
4388,5
4389,5
4390,5
4391,7
4392,7
4393,7
4394,9
4395,7
4396,33
4397,1
4398,5
4399,5
4400,5
4401,5
4402,1
4403,-9
4404,-21
4405,-15
4406,-17
4407,-25
4408,-19
4409,-23
4410,-21
4411,-21
4412,-13
4413,-25
4414,-35
4415,-15
4416,-21
4417,-17
4418,-13
4419,-13
4420,-13
4421,-13
4422,-13
4423,-9
4424,-9
4425,-7
4426,1
4427,-5
4428,5
4429,-1
4430,1
4431,-5
4432,-3
4433,-5
4434,-5
4435,-5
4436,-7
4437,-1
4438,-1
4439,19
4440,-1
4441,1
4442,1
4443,1
4444,1
4445,-1
4446,-3
4447,-3
4448,-3
4449,1
4450,-3
4451,1
4452,1
4453,15
4454,17
4455,17
4456,15
4457,19
4458,17
4459,13
4460,9
4461,11
4462,9
4463,17
4464,13
4465,11
4466,15
4467,13
4468,7
4469,11
4470,-19
4471,9
4472,5
4473,5
4474,7
4475,5
4476,-5
4477,5
4478,-1
4479,-3
4480,7
4481,-3
4482,1
4483,-3
4484,-3
4485,1
4486,-3
4487,1
4488,-3
4489,-3
4490,1
4491,1
4492,-3
4493,1
4494,-3
4495,-3
4496,-3
4497,1
4498,1
4499,1
4500,-3
4501,-7
4502,-3
4503,-13
4504,-17
4505,-13
4506,-13
4507,-13
4508,-13
4509,-15
4510,-13
4511,-13
4512,-7
4513,-17
4514,-13
4515,-9
4516,-19
4517,-13
4518,-9
4519,-13
4520,-19
4521,-13
4522,-9
4523,-7
4524,-7
4525,-3
4526,1
4527,-3
4528,5
4529,5
4530,1
4531,1
4532,1
4533,1
4534,-3
4535,1
4536,-3
4537,-3
4538,-3
4539,1
4540,1
4541,1
4542,1
4543,1
4544,-1
4545,-3
4546,5
4547,5
4548,1
4549,-13
4550,-1
4551,5
4552,1
4553,13
4554,13
4555,7
4556,21
4557,13
4558,13
4559,13
4560,9
4561,13
4562,9
4563,13
4564,11
4565,9
4566,15
4567,15
4568,11
4569,1
4570,7
4571,7
4572,11
4573,5
4574,1
4575,11
4576,-3
4577,-3
4578,5
4579,1
4580,1
4581,1
4582,-1
4583,-3
4584,1
4585,5
4586,1
4587,1
4588,1
4589,1
4590,1
4591,-3
4592,-3
4593,-3
4594,1
4595,1
4596,-3
4597,-3
4598,1
4599,-5
4600,5
4601,5
4602,1
4603,-13
4604,-15
4605,-13
4606,-13
4607,-15
4608,-13
4609,-13
4610,-15
4611,-13
4612,-9
4613,-17
4614,-15
4615,-13
4616,-19
4617,-15
4618,13
4619,-7
4620,-13
4621,-7
4622,-7
4623,-5
4624,-1
4625,-7
4626,1
4627,-15
4628,1
4629,1
4630,-7
4631,5
4632,-5
4633,1
4634,1
4635,-1
4636,-3
4637,1
4638,5
4639,-3
4640,1
4641,-1
4642,1
4643,1
4644,-1
4645,-3
4646,-3
4647,-3
4648,-5
4649,5
4650,-3
4651,-3
4652,1
4653,19
4654,19
4655,21
4656,13
4657,13
4658,7
4659,15
4660,39
4661,15
4662,11
4663,15
4664,13
4665,11
4666,17
4667,11
4668,11
4669,11
4670,7
4671,11
4672,9
4673,5
4674,7
4675,9
4676,7
4677,1
4678,1
4679,9
4680,-7
4681,1
4682,-3
4683,5
4684,1
4685,1
4686,-1
4687,-5
4688,5
4689,-5
4690,-3
4691,-7
4692,-3
4693,1
4694,-1
4695,-3
4696,-3
4697,-1
4698,5
4699,-3
4700,-3
4701,1
4702,1
4703,-15
4704,-13
4705,-21
4706,-23
4707,-21
4708,-29
4709,-17
4710,-21
4711,-17
4712,-11
4713,-21
4714,-15
4715,-21
4716,-21
4717,-21
4718,-19
4719,-7
4720,-9
4721,-13
4722,-13
4723,-9
4724,-13
4725,-7
4726,-5
4727,-21
4728,-5
4729,-5
4730,-3
4731,5
4732,-3
4733,-3
4734,-3
4735,1
4736,1
4737,35
4738,-5
4739,-5
4740,-3
4741,1
4742,1
4743,1
4744,-3
4745,1
4746,-3
4747,-3
4748,5
4749,1
4750,-3
4751,1
4752,-3
4753,21
4754,29
4755,25
4756,27
4757,33
4758,25
4759,31
4760,25
4761,29
4762,21
4763,33
4764,21
4765,15
4766,25
4767,-9
4768,25
4769,21
4770,17
4771,25
4772,17
4773,11
4774,21
4775,21
4776,15
4777,7
4778,9
4779,11
4780,1
4781,-45
4782,-85
4783,-111
4784,-143
4785,-165
4786,-223
4787,-185
4788,-183
4789,-181
4790,-195
4791,-207
4792,-137
4793,-51
4794,-37
4795,-7
4796,7
4797,21
4798,21
4799,35
4800,35
4801,19
4802,1
4803,-69
4804,-87
4805,-107
4806,-41
4807,-33
4808,-41
4809,-43
4810,-51
4811,-35
4812,-21
4813,-45
4814,-31
4815,-5
4816,-19
4817,-31
4818,-19
4819,-21
4820,-17
4821,-19
4822,-21
4823,7
4824,21
4825,25
4826,21
4827,15
4828,5
4829,15
4830,25
4831,25
4832,19
4833,19
4834,11
4835,9
4836,15
4837,43
4838,105
4839,81
4840,85
4841,69
4842,63
4843,63
4844,67
4845,81
4846,77
4847,63
4848,61
4849,77
4850,57
4851,65
4852,55
4853,81
4854,71
4855,69
4856,59
4857,55
4858,63
4859,55
4860,115
4861,57
4862,45
4863,41
4864,19
4865,7
4866,19
4867,25
4868,15
4869,7
4870,27
4871,11
4872,5
4873,-3
4874,-3
4875,11
4876,25
4877,-7
4878,-5
4879,-17
4880,1
4881,31
4882,-25
4883,-13
4884,-3
4885,11
4886,5
4887,5
4888,7
4889,5
4890,1
4891,-1
4892,15
4893,1
4894,1
4895,5
4896,7
4897,7
4898,7
4899,1
4900,5
4901,7
4902,-9
4903,-25
4904,-21
4905,-25
4906,-19
4907,-19
4908,-19
4909,-13
4910,-23
4911,-13
4912,-9
4913,-19
4914,-17
4915,-17
4916,-21
4917,-13
4918,-5
4919,1
4920,-3
4921,-9
4922,-5
4923,21
4924,27
4925,1
4926,11
4927,-3
4928,9
4929,19
4930,1
4931,7
4932,7
4933,5
4934,11
4935,1
4936,5
4937,1
4938,5
4939,1
4940,5
4941,5
4942,13
4943,5
4944,1
4945,15
4946,-3
4947,-3
4948,5
4949,1
4950,5
4951,5
4952,7
4953,25
4954,21
4955,13
4956,19
4957,19
4958,19
4959,15
4960,19
4961,13
4962,9
4963,15
4964,13
4965,11
4966,7
4967,11
4968,5
4969,7
4970,9
4971,9
4972,5
4973,7
4974,1
4975,1
4976,-53
4977,-1
4978,-7
4979,-3
4980,-13
4981,-5
4982,-7
4983,-3
4984,-3
4985,1
4986,1
4987,21
4988,-3
4989,-3
4990,-3
4991,-3
4992,-5
4993,1
4994,1
4995,-3
4996,-27
4997,-3
4998,-5
4999,-3
5000,-3
5001,-3
5002,-3
5003,-21
5004,-21
5005,-15
5006,-15
5007,-3
5008,-17
5009,-15
5010,-21
5011,-11
5012,-9
5013,-15
5014,-9
5015,-9
5016,-15
5017,-29
5018,-13
5019,-13
5020,-7
5021,-19
5022,-3
5023,-9
5024,-3
5025,-7
5026,-5
5027,11
5028,-3
5029,1
5030,5
5031,5
5032,1
5033,-5
5034,-1
5035,1
5036,9
5037,1
5038,1
5039,1
5040,1
5041,-3
5042,-3
5043,1
5044,-3
5045,-1
5046,-3
5047,-3
5048,1
5049,-1
5050,1
5051,1
5052,1
5053,13
5054,19
5055,15
5056,19
5057,15
5058,15
5059,15
5060,13
5061,13
5062,5
5063,15
5064,7
5065,9
5066,13
5067,13
5068,11
5069,9
5070,9
5071,7
5072,13
5073,11
5074,5
5075,7
5076,-9
5077,-7
5078,1
5079,1
5080,1
5081,-1
5082,-3
5083,1
5084,1
5085,1
5086,1
5087,1
5088,1
5089,1
5090,-3
5091,-3
5092,1
5093,-1
5094,1
5095,-15
5096,1
5097,-3
5098,-3
5099,-3
5100,1
5101,-3
5102,1
5103,-13
5104,-15
5105,-17
5106,-19
5107,-13
5108,-13
5109,-17
5110,-13
5111,-13
5112,-5
5113,-17
5114,-17
5115,-7
5116,-13
5117,-17
5118,-11
5119,-9
5120,-9
5121,-9
5122,-9
5123,-5
5124,-7
5125,13
5126,-5
5127,-3
5128,-3
5129,-3
5130,7
5131,5
5132,-3
5133,-3
5134,1
5135,1
5136,1
5137,-3
5138,-3
5139,-3
5140,-3
5141,-3
5142,1
5143,5
5144,1
5145,1
5146,-3
5147,-3
5148,1
5149,1
5150,1
5151,1
5152,1
5153,13
5154,21
5155,15
5156,13
5157,17
5158,15
5159,11
5160,9
5161,11
5162,7
5163,21
5164,5
5165,9
5166,15
5167,13
5168,11
5169,7
5170,9
5171,15
5172,9
5173,1
5174,1
5175,5
5176,1
5177,7
5178,7
5179,-3
5180,-3
5181,5
5182,-3
5183,9
5184,1
5185,1
5186,-3
5187,1
5188,1
5189,1
5190,1
5191,1
5192,5
5193,-3
5194,1
5195,7
5196,-3
5197,9
5198,-3
5199,-3
5200,1
5201,1
5202,1
5203,1
5204,-21
5205,-15
5206,-13
5207,-17
5208,-19
5209,-17
5210,-13
5211,-21
5212,-17
5213,-17
5214,-17
5215,-13
5216,-21
5217,-21
5218,-13
5219,-13
5220,-13
5221,-13
5222,-5
5223,-9
5224,-15
5225,-9
5226,7
5227,-5
5228,-3
5229,-5
5230,1
5231,1
5232,-3
5233,1
5234,-3
5235,-5
5236,-3
5237,-5
5238,-3
5239,-5
5240,-5
5241,-3
5242,5
5243,-3
5244,-3
5245,-1
5246,1
5247,1
5248,1
5249,1
5250,1
5251,1
5252,-3
5253,21
5254,19
5255,17
5256,19
5257,25
5258,21
5259,21
5260,27
5261,19
5262,49
5263,21
5264,25
5265,19
5266,21
5267,21
5268,21
5269,19
5270,15
5271,13
5272,29
5273,9
5274,7
5275,5
5276,5
5277,9
5278,1
5279,5
5280,-3
5281,5
5282,-7
5283,7
5284,5
5285,7
5286,5
5287,5
5288,5
5289,5
5290,1
5291,5
5292,-7
5293,1
5294,5
5295,-3
5296,5
5297,7
5298,1
5299,1
5300,5
5301,7
5302,-3
5303,-17
5304,-21
5305,-29
5306,-21
5307,-23
5308,-45
5309,-95
5310,-127
5311,-255
5312,-155
5313,-193
5314,-195
5315,-195
5316,-209
5317,-197
5318,-209
5319,-203
5320,-185
5321,-105
5322,-59
5323,-37
5324,-3
5325,1
5326,7
5327,13
5328,33
5329,15
5330,-5
5331,-41
5332,-51
5333,-25
5334,-3
5335,1
5336,-3
5337,-13
5338,-13
5339,11
5340,-7
5341,5
5342,17
5343,19
5344,21
5345,13
5346,11
5347,7
5348,7
5349,9
5350,17
5351,43
5352,43
5353,65
5354,71
5355,71
5356,69
5357,67
5358,61
5359,57
5360,57
5361,45
5362,71
5363,49
5364,59
5365,71
5366,117
5367,121
5368,115
5369,89
5370,91
5371,91
5372,99
5373,115
5374,87
5375,77
5376,49
5377,63
5378,65
5379,55
5380,39
5381,31
5382,25
5383,5
5384,19
5385,35
5386,35
5387,29
5388,21
5389,17
5390,1
5391,-9
5392,-13
5393,-31
5394,-19
5395,-7
5396,-1
5397,9
5398,-17
5399,-19
5400,-15
5401,-3
5402,5
5403,-31
5404,-67
5405,-69
5406,-33
5407,-25
5408,-21
5409,-25
5410,-23
5411,-21
5412,-15
5413,-29
5414,-61
5415,-13
5416,-25
5417,-27
5418,-15
5419,-9
5420,-13
5421,-9
5422,-9
5423,-9
5424,-3
5425,1
5426,-3
5427,1
5428,5
5429,5
5430,13
5431,-3
5432,9
5433,9
5434,7
5435,7
5436,-3
5437,11
5438,11
5439,7
5440,5
5441,1
5442,7
5443,1
5444,9
5445,7
5446,25
5447,7
5448,5
5449,11
5450,7
5451,11
5452,13
5453,35
5454,33
5455,27
5456,29
5457,39
5458,25
5459,21
5460,25
5461,19
5462,13
5463,25
5464,25
5465,15
5466,25
5467,21
5468,69
5469,15
5470,13
5471,15
5472,11
5473,5
5474,7
5475,7
5476,1
5477,-9
5478,1
5479,1
5480,1
5481,-13
5482,-5
5483,-5
5484,-7
5485,-3
5486,-3
5487,-3
5488,-3
5489,-9
5490,-5
5491,-3
5492,-3
5493,-3
5494,-3
5495,-5
5496,1
5497,5
5498,-5
5499,1
5500,-3
5501,-7
5502,-3
5503,-17
5504,-21
5505,-21
5506,-27
5507,-21
5508,-21
5509,-41
5510,-13
5511,-17
5512,-9
5513,-17
5514,-17
5515,-15
5516,-19
5517,-15
5518,-15
5519,-3
5520,-13
5521,-7
5522,-13
5523,-7
5524,-7
5525,-3
5526,-7
5527,-5
5528,-3
5529,-3
5530,7
5531,-1
5532,1
5533,1
5534,1
5535,-3
5536,1
5537,-3
5538,-3
5539,-45
5540,1
5541,-3
5542,-1
5543,-3
5544,-3
5545,-3
5546,1
5547,9
5548,1
5549,1
5550,-3
5551,19
5552,1
5553,15
5554,19
5555,17
5556,19
5557,19
5558,19
5559,19
5560,17
5561,13
5562,5
5563,17
5564,11
5565,7
5566,11
5567,15
5568,9
5569,5
5570,5
5571,7
5572,9
5573,7
5574,9
5575,7
5576,9
5577,1
5578,-13
5579,1
5580,1
5581,7
5582,-3
5583,-3
5584,-3
5585,1
5586,-1
5587,1
5588,31
5589,1
5590,1
5591,1
5592,1
5593,-1
5594,1
5595,5
5596,-3
5597,-7
5598,1
5599,-3
5600,-3
5601,-3
5602,-3
5603,-15
5604,-15
5605,-13
5606,-15
5607,-13
5608,5
5609,-13
5610,-13
5611,-9
5612,-7
5613,-15
5614,-9
5615,-7
5616,-13
5617,-17
5618,-21
5619,-9
5620,-7
5621,-13
5622,-7
5623,-9
5624,-7
5625,-9
5626,-3
5627,15
5628,1
5629,-3
5630,-3
5631,5
5632,-3
5633,1
5634,1
5635,1
5636,-3
5637,1
5638,1
5639,1
5640,-3
5641,-3
5642,-1
5643,1
5644,1
5645,-1
5646,5
5647,-5
5648,1
5649,-3
5650,1
5651,1
5652,5
5653,13
5654,15
5655,13
5656,-9
5657,15
5658,11
5659,13
5660,13
5661,13
5662,7
5663,5
5664,13
5665,7
5666,17
5667,29
5668,11
5669,11
5670,13
5671,11
5672,7
5673,7
5674,7
5675,7
5676,7
5677,7
5678,1
5679,-3
5680,-3
5681,-9
5682,-3
5683,-1
5684,-3
5685,1
5686,-3
5687,-5
5688,1
5689,1
5690,-3
5691,5
5692,1
5693,1
5694,1
5695,-3
5696,-3
5697,-3
5698,1
5699,-3
5700,1
5701,-3
5702,1
5703,-13
5704,-17
5705,-3
5706,-15
5707,-17
5708,-13
5709,-15
5710,-15
5711,-13
5712,-5
5713,-21
5714,-13
5715,-9
5716,-17
5717,-13
5718,-15
5719,-13
5720,-9
5721,-13
5722,-17
5723,-9
5724,-5
5725,-13
5726,-5
5727,-5
5728,1
5729,-3
5730,1
5731,13
5732,-3
5733,1
5734,-3
5735,-23
5736,1
5737,1
5738,-7
5739,-3
5740,-3
5741,-3
5742,-3
5743,1
5744,-7
5745,-9
5746,1
5747,1
5748,1
5749,1
5750,1
5751,-3
5752,1
5753,17
5754,15
5755,17
5756,17
5757,15
5758,19
5759,13
5760,19
5761,17
5762,7
5763,19
5764,35
5765,13
5766,21
5767,19
5768,15
5769,9
5770,9
5771,15
5772,11
5773,9
5774,15
5775,9
5776,9
5777,-3
5778,-5
5779,1
5780,1
5781,-3
5782,-3
5783,1
5784,-5
5785,-3
5786,1
5787,5
5788,5
5789,1
5790,1
5791,-3
5792,5
5793,-3
5794,-5
5795,5
5796,1
5797,1
5798,-1
5799,1
5800,1
5801,-7
5802,-3
5803,-23
5804,-33
5805,-25
5806,-27
5807,-25
5808,-31
5809,-27
5810,-25
5811,-21
5812,-13
5813,-29
5814,-19
5815,-19
5816,-25
5817,-37
5818,-27
5819,-41
5820,-27
5821,-23
5822,-19
5823,-7
5824,-25
5825,-9
5826,-7
5827,-3
5828,-3
5829,-3
5830,1
5831,7
5832,-3
5833,1
5834,-3
5835,-13
5836,-65
5837,-91
5838,-125
5839,-159
5840,-165
5841,-179
5842,-181
5843,-137
5844,-179
5845,-201
5846,-201
5847,-117
5848,-51
5849,-29
5850,1
5851,15
5852,15
5853,63
5854,63
5855,65
5856,57
5857,15
5858,7
5859,-3
5860,27
5861,47
5862,5
5863,21
5864,25
5865,17
5866,43
5867,49
5868,49
5869,45
5870,45
5871,45
5872,31
5873,-21
5874,15
5875,7
5876,21
5877,19
5878,15
5879,35
5880,39
5881,27
5882,27
5883,25
5884,19
5885,1
5886,19
5887,25
5888,25
5889,25
5890,21
5891,31
5892,53
5893,65
5894,65
5895,81
5896,57
5897,57
5898,57
5899,63
5900,65
5901,63
5902,41
5903,21
5904,19
5905,21
5906,67
5907,-3
5908,11
5909,9
5910,1
5911,-19
5912,7
5913,-7
5914,1
5915,29
5916,13
5917,1
5918,-25
5919,-41
5920,-37
5921,-51
5922,-13
5923,-11
5924,-11
5925,-13
5926,-9
5927,-13
5928,-13
5929,9
5930,17
5931,27
5932,-3
5933,-13
5934,13
5935,7
5936,-3
5937,7
5938,13
5939,5
5940,1
5941,1
5942,7
5943,7
5944,7
5945,9
5946,5
5947,1
5948,9
5949,43
5950,9
5951,15
5952,13
5953,35
5954,39
5955,33
5956,31
5957,31
5958,35
5959,13
5960,33
5961,27
5962,19
5963,27
5964,25
5965,17
5966,27
5967,27
5968,25
5969,21
5970,25
5971,15
5972,19
5973,19
5974,19
5975,15
5976,9
5977,9
5978,11
5979,15
5980,5
5981,-21
5982,13
5983,11
5984,7
5985,7
5986,5
5987,7
5988,5
5989,1
5990,1
5991,9
5992,1
5993,1
5994,1
5995,1
5996,5
5997,5
5998,1
5999,1
6000,-3
6001,-3
6002,-21
6003,-19
6004,-21
6005,-21
6006,-27
6007,-21
6008,-23
6009,-13
6010,-23
6011,-21
6012,-17
6013,-21
6014,-25
6015,-17
6016,-21
6017,-21
6018,-13
6019,-9
6020,-15
6021,-15
6022,-15
6023,-41
6024,-9
6025,-5
6026,-13
6027,-5
6028,-7
6029,-7
6030,-1
6031,-3
6032,-7
6033,21
6034,-5
6035,-5
6036,-5
6037,1
6038,-3
6039,1
6040,-3
6041,-3
6042,1
6043,-3
6044,-5
6045,5
6046,-3
6047,-3
6048,-3
6049,1
6050,-3
6051,-5
6052,-3
6053,9
6054,17
6055,11
6056,17
6057,15
6058,17
6059,17
6060,19
6061,15
6062,5
6063,11
6064,11
6065,13
6066,15
6067,13
6068,7
6069,7
6070,7
6071,7
6072,13
6073,5
6074,9
6075,5
6076,-3
6077,1
6078,1
6079,1
6080,-1
6081,-3
6082,-3
6083,-3
6084,1
6085,-7
6086,5
6087,1
6088,1
6089,-1
6090,-3
6091,-3
6092,1
6093,1
6094,1
6095,-3
6096,-3
6097,1
6098,1
6099,-3
6100,1
6101,1
6102,1
6103,-13
6104,-15
6105,-13
6106,-11
6107,-13
6108,-17
6109,-13
6110,-13
6111,-7
6112,-7
6113,-17
6114,-9
6115,-15
6116,-13
6117,-9
6118,-13
6119,-9
6120,-1
6121,-13
6122,-3
6123,-7
6124,1
6125,-5
6126,-7
6127,-5
6128,-3
6129,-3
6130,-5
6131,5
6132,-3
6133,-3
6134,-7
6135,-3
6136,-1
6137,1
6138,1
6139,1
6140,1
6141,5
6142,1
6143,-1
6144,1
6145,-3
6146,1
6147,-3
6148,1
6149,1
6150,-1
6151,-3
6152,-1
6153,11
6154,13
6155,13
6156,15
6157,19
6158,15
6159,13
6160,13
6161,13
6162,5
6163,15
6164,-3
6165,7
6166,15
6167,11
6168,7
6169,9
6170,7
6171,7
6172,7
6173,5
6174,25
6175,5
6176,-3
6177,5
6178,1
6179,-3
6180,1
6181,1
6182,-1
6183,-3
6184,1
6185,-3
6186,-3
6187,1
6188,1
6189,1
6190,1
6191,-3
6192,5
6193,-3
6194,-5
6195,1
6196,1
6197,1
6198,5
6199,1
6200,1
6201,-1
6202,-5
6203,-13
6204,-19
6205,-17
6206,-19
6207,-21
6208,-17
6209,-17
6210,-21
6211,-23
6212,-7
6213,-15
6214,-13
6215,-13
6216,-17
6217,-11
6218,-13
6219,-9
6220,-7
6221,-9
6222,-9
6223,-21
6224,-7
6225,-7
6226,-5
6227,-3
6228,-3
6229,-3
6230,-7
6231,-3
6232,5
6233,21
6234,5
6235,1
6236,1
6237,1
6238,-1
6239,5
6240,-3
6241,1
6242,-3
6243,1
6244,-5
6245,-3
6246,-3
6247,1
6248,-3
6249,5
6250,1
6251,1
6252,29
6253,13
6254,17
6255,15
6256,19
6257,25
6258,21
6259,25
6260,19
6261,13
6262,15
6263,21
6264,9
6265,13
6266,13
6267,17
6268,7
6269,7
6270,13
6271,7
6272,13
6273,7
6274,7
6275,5
6276,5
6277,1
6278,5
6279,1
6280,1
6281,-3
6282,-3
6283,7
6284,-3
6285,-3
6286,5
6287,7
6288,1
6289,1
6290,5
6291,1
6292,1
6293,1
6294,1
6295,7
6296,1
6297,1
6298,1
6299,-3
6300,-3
6301,-3
6302,5
6303,-21
6304,-23
6305,-23
6306,-23
6307,-27
6308,-33
6309,-21
6310,-21
6311,-21
6312,-17
6313,-23
6314,-17
6315,-13
6316,-21
6317,-23
6318,-17
6319,-13
6320,-13
6321,-15
6322,-13
6323,-13
6324,-13
6325,1
6326,-13
6327,-13
6328,-5
6329,1
6330,11
6331,1
6332,-9
6333,-3
6334,-5
6335,1
6336,-3
6337,1
6338,-3
6339,1
6340,-5
6341,-1
6342,-5
6343,-1
6344,-3
6345,-3
6346,-3
6347,-3
6348,-7
6349,-3
6350,1
6351,1
6352,1
6353,33
6354,33
6355,35
6356,35
6357,35
6358,35
6359,39
6360,35
6361,35
6362,15
6363,31
6364,29
6365,27
6366,-3
6367,-59
6368,-89
6369,-127
6370,-141
6371,-159
6372,-161
6373,-151
6374,-155
6375,-165
6376,-169
6377,-179
6378,-81
6379,-41
6380,-17
6381,-13
6382,5
6383,7
6384,15
6385,25
6386,25
6387,7
6388,-31
6389,-47
6390,-21
6391,-7
6392,9
6393,1
6394,-3
6395,-5
6396,-5
6397,-5
6398,1
6399,1
6400,11
6401,-21
6402,35
6403,9
6404,-25
6405,-47
6406,-41
6407,-41
6408,-31
6409,-21
6410,-7
6411,61
6412,15
6413,7
6414,9
6415,-5
6416,-31
6417,-21
6418,-13
6419,-7
6420,-3
6421,1
6422,-21
6423,49
6424,53
6425,49
6426,53
6427,43
6428,43
6429,63
6430,83
6431,83
6432,65
6433,63
6434,53
6435,53
6436,59
6437,63
6438,53
6439,39
6440,35
6441,19
6442,15
6443,-21
6444,15
6445,13
6446,41
6447,31
6448,7
6449,-3
6450,-13
6451,-9
6452,-3
6453,13
6454,43
6455,31
6456,19
6457,15
6458,25
6459,21
6460,17
6461,39
6462,35
6463,47
6464,31
6465,-25
6466,5
6467,5
6468,25
6469,19
6470,25
6471,21
6472,29
6473,25
6474,11
6475,55
6476,1
6477,9
6478,5
6479,5
6480,-3
6481,1
6482,9
6483,9
6484,9
6485,7
6486,-13
6487,7
6488,9
6489,1
6490,1
6491,7
6492,7
6493,9
6494,11
6495,9
6496,15
6497,7
6498,5
6499,9
6500,1
6501,7
6502,7
6503,-13
6504,-13
6505,-13
6506,-21
6507,-37
6508,-13
6509,-17
6510,-21
6511,-15
6512,-7
6513,-15
6514,-7
6515,-3
6516,-15
6517,-21
6518,-13
6519,-13
6520,-17
6521,-7
6522,-7
6523,-5
6524,-3
6525,-3
6526,1
6527,5
6528,1
6529,-41
6530,-3
6531,5
6532,1
6533,1
6534,-3
6535,1
6536,-1
6537,1
6538,-3
6539,15
6540,-5
6541,-3
6542,-5
6543,1
6544,1
6545,1
6546,1
6547,-3
6548,5
6549,-15
6550,1
6551,-3
6552,-3
6553,17
6554,15
6555,19
6556,17
6557,13
6558,11
6559,13
6560,13
6561,9
6562,7
6563,21
6564,9
6565,13
6566,11
6567,13
6568,13
6569,9
6570,15
6571,9
6572,11
6573,7
6574,1
6575,-3
6576,5
6577,-5
6578,-3
6579,19
6580,-7
6581,-9
6582,-3
6583,-7
6584,-3
6585,1
6586,-3
6587,1
6588,5
6589,-3
6590,-7
6591,5
6592,-5
6593,-3
6594,-3
6595,-5
6596,1
6597,-3
6598,-3
6599,1
6600,-7
6601,-7
6602,-3
6603,-13
6604,-17
6605,-15
6606,-17
6607,-17
6608,-17
6609,-19
6610,-15
6611,-13
6612,-7
6613,-15
6614,-13
6615,-9
6616,-13
6617,-19
6618,-9
6619,-7
6620,-13
6621,-7
6622,-7
6623,-3
6624,-9
6625,-3
6626,-3
6627,7
6628,-3
6629,-5
6630,7
6631,1
6632,1
6633,-3
6634,-3
6635,-3
6636,-3
6637,1
6638,1
6639,1
6640,17
6641,1
6642,1
6643,1
6644,1
6645,1
6646,1
6647,-3
6648,-1
6649,1
6650,1
6651,1
6652,1
6653,13
6654,19
6655,15
6656,15
6657,17
6658,13
6659,35
6660,13
6661,15
6662,7
6663,13
6664,13
6665,9
6666,15
6667,13
6668,11
6669,11
6670,11
6671,7
6672,7
6673,5
6674,1
6675,1
6676,7
6677,5
6678,5
6679,-13
6680,-3
6681,1
6682,1
6683,1
6684,5
6685,1
6686,5
6687,1
6688,1
6689,1
6690,-3
6691,-3
6692,-3
6693,-3
6694,1
6695,-7
6696,-3
6697,-5
6698,1
6699,-3
6700,-1
6701,-3
6702,1
6703,-9
6704,-9
6705,-13
6706,-29
6707,-21
6708,-35
6709,-17
6710,-17
6711,-13
6712,-9
6713,-17
6714,-13
6715,-9
6716,-15
6717,-17
6718,-13
6719,-9
6720,-9
6721,-9
6722,-9
6723,-7
6724,-13
6725,-5
6726,-3
6727,-19
6728,-7
6729,1
6730,1
6731,1
6732,-5
6733,-3
6734,-3
6735,1
6736,1
6737,-5
6738,-3
6739,1
6740,1
6741,1
6742,-1
6743,1
6744,1
6745,-3
6746,-31
6747,1
6748,-3
6749,-3
6750,1
6751,5
6752,1
6753,15
6754,13
6755,11
6756,19
6757,53
6758,19
6759,15
6760,15
6761,15
6762,11
6763,19
6764,9
6765,7
6766,17
6767,17
6768,13
6769,7
6770,9
6771,7
6772,9
6773,9
6774,5
6775,5
6776,-3
6777,1
6778,-5
6779,7
6780,-1
6781,-7
6782,-3
6783,1
6784,5
6785,-3
6786,1
6787,-3
6788,1
6789,-3
6790,1
6791,-1
6792,-3
6793,-3
6794,1
6795,1
6796,-3
6797,1
6798,1
6799,1
6800,1
6801,1
6802,1
6803,-15
6804,-17
6805,-37
6806,-17
6807,-21
6808,-19
6809,-19
6810,-21
6811,-19
6812,-9
6813,-19
6814,-19
6815,-13
6816,-21
6817,-17
6818,-9
6819,-11
6820,-13
6821,-9
6822,-9
6823,-5
6824,-7
6825,-9
6826,1
6827,7
6828,-3
6829,-9
6830,-3
6831,-3
6832,1
6833,-3
6834,-3
6835,-5
6836,1
6837,1
6838,1
6839,-3
6840,-3
6841,-3
6842,1
6843,-1
6844,-3
6845,1
6846,1
6847,-3
6848,-3
6849,1
6850,1
6851,-3
6852,-3
6853,21
6854,61
6855,29
6856,25
6857,27
6858,27
6859,33
6860,27
6861,33
6862,11
6863,21
6864,27
6865,13
6866,25
6867,21
6868,15
6869,19
6870,15
6871,19
6872,17
6873,13
6874,13
6875,5
6876,13
6877,7
6878,-5
6879,5
6880,1
6881,7
6882,1
6883,5
6884,13
6885,5
6886,-3
6887,5
6888,5
6889,1
6890,5
6891,-3
6892,-57
6893,-99
6894,-127
6895,-155
6896,-163
6897,-175
6898,-179
6899,-177
6900,-179
6901,-193
6902,-215
6903,-135
6904,-87
6905,-63
6906,-41
6907,-29
6908,-21
6909,-19
6910,-7
6911,-7
6912,-3
6913,-43
6914,-91
6915,-67
6916,-45
6917,-25
6918,-21
6919,-25
6920,-33
6921,-19
6922,-15
6923,-19
6924,-19
6925,-23
6926,-21
6927,-15
6928,11
6929,49
6930,39
6931,35
6932,15
6933,13
6934,1
6935,15
6936,19
6937,21
6938,25
6939,35
6940,41
6941,49
6942,25
6943,15
6944,-21
6945,7
6946,7
6947,25
6948,61
6949,75
6950,81
6951,83
6952,73
6953,107
6954,157
6955,115
6956,121
6957,101
6958,101
6959,107
6960,91
6961,99
6962,81
6963,85
6964,65
6965,65
6966,49
6967,53
6968,63
6969,39
6970,35
6971,35
6972,21
6973,9
6974,5
6975,13
6976,43
6977,-13
6978,-13
6979,5
6980,-3
6981,-13
6982,-15
6983,-25
6984,-23
6985,-19
6986,13
6987,19
6988,17
6989,-19
6990,-31
6991,-9
6992,11
6993,1
6994,1
6995,11
6996,1
6997,39
6998,7
6999,5
7000,1
7001,1
7002,-1
7003,-13
7004,-21
7005,-21
7006,-21
7007,-49
7008,-7
7009,-11
7010,-21
7011,-13
7012,-5
7013,-15
7014,-13
7015,-1
7016,-13
7017,-3
7018,-9
7019,1
7020,-3
7021,-3
7022,1
7023,5
7024,7
7025,1
7026,-3
7027,-7
7028,-57
7029,15
7030,5
7031,5
7032,11
7033,9
7034,7
7035,1
7036,9
7037,7
7038,9
7039,17
7040,5
7041,11
7042,5
7043,5
7044,7
7045,7
7046,7
7047,1
7048,1
7049,5
7050,1
7051,5
7052,7
7053,29
7054,27
7055,21
7056,25
7057,21
7058,19
7059,11
7060,47
7061,15
7062,13
7063,29
7064,15
7065,5
7066,11
7067,15
7068,7
7069,7
7070,-7
7071,13
7072,9
7073,7
7074,5
7075,-1
7076,-1
7077,-5
7078,-3
7079,-5
7080,-3
7081,-9
7082,-5
7083,-5
7084,-5
7085,-3
7086,-7
7087,-5
7088,-3
7089,-3
7090,-21
7091,-3
7092,-7
7093,-7
7094,-3
7095,-3
7096,1
7097,-7
7098,-3
7099,-5
7100,-3
7101,-5
7102,-5
7103,-19
7104,-19
7105,-17
7106,-17
7107,-19
7108,-17
7109,-27
7110,-21
7111,-19
7112,-13
7113,-15
7114,-13
7115,-13
7116,-17
7117,-19
7118,-17
7119,-13
7120,-15
7121,-15
7122,-17
7123,-3
7124,-3
7125,-5
7126,-7
7127,-3
7128,-3
7129,-3
7130,-3
7131,-7
7132,5
7133,1
7134,-3
7135,1
7136,1
7137,5
7138,1
7139,1
7140,-1
7141,1
7142,1
7143,1
7144,5
7145,1
7146,1
7147,1
7148,1
7149,5
7150,-9
7151,5
7152,5
7153,21
7154,19
7155,19
7156,17
7157,17
7158,19
7159,19
7160,1
7161,13
7162,11
7163,13
7164,13
7165,17
7166,19
7167,17
7168,9
7169,5
7170,7
7171,9
7172,5
7173,7
7174,-3
7175,7
7176,7
7177,-3
7178,-3
7179,1
7180,17
7181,-3
7182,1
7183,1
7184,1
7185,-1
7186,-3
7187,1
7188,-3
7189,-3
7190,-1
7191,-3
7192,-3
7193,5
7194,1
7195,-3
7196,-3
7197,1
7198,1
7199,-3
7200,-5
7201,-3
7202,-3
7203,-7
7204,-13
7205,-9
7206,-15
7207,-13
7208,-19
7209,-13
7210,-13
7211,-13
7212,-9
7213,-13
7214,-17
7215,-15
7216,-7
7217,-13
7218,11
7219,-7
7220,-9
7221,-3
7222,-7
7223,-5
7224,-13
7225,-3
7226,-3
7227,-3
7228,-5
7229,-3
7230,-3
7231,5
7232,-3
7233,-3
7234,1
7235,1
7236,-3
7237,1
7238,-3
7239,-3
7240,1
7241,1
7242,5
7243,1
7244,1
7245,-3
7246,1
7247,-1
7248,5
7249,1
7250,1
7251,-3
7252,1
7253,13
7254,19
7255,15
7256,15
7257,39
7258,19
7259,19
7260,17
7261,11
7262,7
7263,13
7264,13
7265,7
7266,15
7267,13
7268,11
7269,7
7270,5
7271,7
7272,9
7273,9
7274,5
7275,5
7276,7
7277,-3
7278,-1
7279,-3
7280,1
7281,-1
7282,1
7283,-1
7284,-3
7285,-3
7286,1
7287,1
7288,-9
7289,-3
7290,1
7291,1
7292,1
7293,-3
7294,-3
7295,-3
7296,-3
7297,-3
7298,1
7299,7
7300,5
7301,-3
7302,1
7303,-9
7304,-17
7305,-21
7306,-21
7307,-11
7308,-17
7309,-21
7310,-19
7311,-15
7312,-9
7313,-17
7314,-13
7315,-13
7316,-15
7317,-17
7318,-9
7319,-9
7320,-13
7321,-5
7322,-21
7323,-9
7324,-5
7325,-9
7326,-7
7327,-5
7328,-3
7329,-3
7330,7
7331,1
7332,1
7333,-13
7334,1
7335,25
7336,-3
7337,-3
7338,-5
7339,1
7340,-5
7341,1
7342,1
7343,-1
7344,-3
7345,1
7346,-3
7347,-3
7348,-3
7349,-1
7350,-3
7351,-3
7352,-3
7353,15
7354,21
7355,25
7356,25
7357,25
7358,21
7359,19
7360,21
7361,21
7362,11
7363,21
7364,17
7365,-3
7366,21
7367,25
7368,15
7369,11
7370,9
7371,13
7372,19
7373,11
7374,11
7375,1
7376,7
7377,5
7378,9
7379,7
7380,-3
7381,9
7382,1
7383,1
7384,-29
7385,1
7386,1
7387,-3
7388,5
7389,5
7390,-3
7391,-3
7392,-3
7393,1
7394,-7
7395,7
7396,5
7397,9
7398,7
7399,5
7400,-3
7401,7
7402,9
7403,-13
7404,-25
7405,-37
7406,-35
7407,-37
7408,-31
7409,-29
7410,-31
7411,-41
7412,-9
7413,-33
7414,-41
7415,-91
7416,-137
7417,-165
7418,-181
7419,-191
7420,-207
7421,-215
7422,-209
7423,-255
7424,-235
7425,-209
7426,-83
7427,-59
7428,-25
7429,-3
7430,13
7431,35
7432,41
7433,59
7434,25
7435,11
7436,-7
7437,-49
7438,-41
7439,-13
7440,1
7441,5
7442,-25
7443,1
7444,-9
7445,-5
7446,5
7447,1
7448,1
7449,-19
7450,-5
7451,25
7452,11
7453,43
7454,57
7455,49
7456,53
7457,67
7458,57
7459,53
7460,61
7461,59
7462,57
7463,89
7464,73
7465,49
7466,49
7467,55
7468,41
7469,33
7470,39
7471,41
7472,65
7473,83
7474,89
7475,73
7476,73
7477,99
7478,61
7479,91
7480,77
7481,57
7482,63
7483,63
7484,55
7485,77
7486,63
7487,53
7488,39
7489,25
7490,19
7491,21
7492,25
7493,15
7494,21
7495,-3
7496,5
7497,63
7498,1
7499,-19
7500,-35
7501,-29
7502,-21
7503,-13
7504,-37
7505,-67
7506,-25
7507,-13
7508,-33
7509,-49
7510,-51
7511,-41
7512,-21
7513,-33
7514,-27
7515,1
7516,-21
7517,-29
7518,-21
7519,-13
7520,-13
7521,-7
7522,-3
7523,-5
7524,-9
7525,-3
7526,-45
7527,11
7528,1
7529,1
7530,5
7531,13
7532,11
7533,7
7534,7
7535,9
7536,1
7537,11
7538,1
7539,11
7540,11
7541,15
7542,15
7543,9
7544,7
7545,7
7546,7
7547,1
7548,17
7549,7
7550,9
7551,17
7552,11
7553,25
7554,29
7555,33
7556,31
7557,35
7558,25
7559,31
7560,29
7561,29
7562,21
7563,27
7564,25
7565,25
7566,21
7567,25
7568,-3
7569,13
7570,15
7571,17
7572,13
7573,11
7574,19
7575,7
7576,5
7577,-3
7578,7
7579,9
7580,-7
7581,-9
7582,-7
7583,-3
7584,-1
7585,1
7586,-3
7587,-3
7588,-5
7589,-5
7590,-9
7591,1
7592,-7
7593,5
7594,-9
7595,-9
7596,-5
7597,-3
7598,-3
7599,-9
7600,15
7601,-5
7602,-3
7603,-13
7604,-21
7605,-49
7606,-21
7607,-21
7608,-19
7609,-21
7610,-35
7611,-25
7612,-13
7613,-15
7614,-19
7615,-17
7616,-19
7617,-13
7618,-15
7619,-13
7620,-9
7621,-13
7622,-13
7623,-7
7624,-9
7625,-7
7626,-3
7627,-7
7628,-7
7629,-13
7630,-7
7631,7
7632,-1
7633,-5
7634,-3
7635,-3
7636,-5
7637,-3
7638,1
7639,1
7640,11
7641,9
7642,1
7643,1
7644,-3
7645,1
7646,1
7647,-3
7648,-3
7649,-1
7650,-3
7651,5
7652,5
7653,13
7654,19
7655,13
7656,19
7657,17
7658,19
7659,15
7660,5
7661,9
7662,13
7663,11
7664,13
7665,9
7666,11
7667,15
7668,9
7669,11
7670,7
7671,5
7672,9
7673,9
7674,-1
7675,1
7676,1
7677,1
7678,1
7679,1
7680,25
7681,7
7682,1
7683,-3
7684,-3
7685,-3
7686,-3
7687,1
7688,1
7689,-19
7690,5
7691,-3
7692,-3
7693,-3
7694,-3
7695,-3
7696,1
7697,-3
7698,-3
7699,19
7700,1
7701,5
7702,-3
7703,-13
7704,-13
7705,-13
7706,-17
7707,-13
7708,-13
7709,-9
7710,-9
7711,-15
7712,-9
7713,-9
7714,-9
7715,-13
7716,-15
7717,-13
7718,-9
7719,-9
7720,-13
7721,-7
7722,-9
7723,-7
7724,-5
7725,-3
7726,-3
7727,-3
7728,1
7729,-15
7730,5
7731,1
7732,1
7733,1
7734,1
7735,1
7736,-1
7737,7
7738,-3
7739,19
7740,1
7741,1
7742,1
7743,1
7744,1
7745,-3
7746,1
7747,1
7748,-15
7749,1
7750,1
7751,1
7752,1
7753,11
7754,15
7755,17
7756,15
7757,19
7758,13
7759,13
7760,11
7761,13
7762,9
7763,13
7764,15
7765,11
7766,15
7767,11
7768,11
7769,11
7770,11
7771,7
7772,9
7773,1
7774,5
7775,1
7776,5
7777,1
7778,19
7779,1
7780,1
7781,5
7782,1
7783,1
7784,1
7785,5
7786,1
7787,-1
7788,1
7789,-1
7790,-3
7791,-3
7792,1
7793,1
7794,-3
7795,-3
7796,1
7797,15
7798,5
7799,1
7800,1
7801,1
7802,-3
7803,-13
7804,-15
7805,-17
7806,-17
7807,-13
7808,-13
7809,-17
7810,-17
7811,-19
7812,-13
7813,-19
7814,-15
7815,-13
7816,-13
7817,-19
7818,-13
7819,-7
7820,-7
7821,-9
7822,-9
7823,-7
7824,-5
7825,-3
7826,1
7827,1
7828,-5
7829,-3
7830,1
7831,1
7832,1
7833,-5
7834,-3
7835,-7
7836,21
7837,-7
7838,1
7839,1
7840,1
7841,-3
7842,1
7843,1
7844,1
7845,1
7846,-3
7847,5
7848,-3
7849,-3
7850,-3
7851,1
7852,-3
7853,11
7854,19
7855,21
7856,21
7857,15
7858,21
7859,25
7860,19
7861,15
7862,11
7863,17
7864,15
7865,11
7866,21
7867,9
7868,11
7869,9
7870,11
7871,5
7872,7
7873,7
7874,7
7875,9
7876,-5
7877,5
7878,1
7879,5
7880,-3
7881,1
7882,1
7883,-3
7884,1
7885,-5
7886,-1
7887,1
7888,1
7889,1
7890,-3
7891,-3
7892,-5
7893,-3
7894,-5
7895,1
7896,7
7897,5
7898,1
7899,-3
7900,1
7901,5
7902,-3
7903,-15
7904,-15
7905,-21
7906,-69
7907,-25
7908,-23
7909,-31
7910,-25
7911,-25
7912,-19
7913,-23
7914,-21
7915,-15
7916,-31
7917,-25
7918,-21
7919,-19
7920,-19
7921,-21
7922,-19
7923,-13
7924,-13
7925,-21
7926,-7
7927,-9
7928,-13
7929,-3
7930,1
7931,-5
7932,-3
7933,-3
7934,1
7935,-17
7936,-5
7937,1
7938,-3
7939,1
7940,1
7941,-13
7942,-53
7943,-91
7944,-153
7945,-141
7946,-159
7947,-167
7948,-177
7949,-169
7950,-179
7951,-193
7952,-203
7953,-137
7954,-3
7955,-13
7956,21
7957,49
7958,53
7959,59
7960,57
7961,65
7962,39
7963,27
7964,-3
7965,-7
7966,13
7967,33
7968,25
7969,15
7970,13
7971,15
7972,15
7973,17
7974,67
7975,15
7976,31
7977,27
7978,31
7979,19
7980,7
7981,-5
7982,1
7983,15
7984,21
7985,9
7986,45
7987,35
7988,39
7989,21
7990,15
7991,11
7992,13
7993,21
7994,15
7995,19
7996,33
7997,39
7998,69
7999,77
8000,71
8001,63
8002,59
8003,45
8004,29
8005,49
8006,-23
8007,15
8008,19
8009,21
8010,7
8011,7
8012,39
8013,19
8014,1
8015,-1
8016,-7
8017,-23
8018,-21
8019,-3
8020,-5
8021,27
8022,21
8023,13
8024,-3
8025,-13
8026,-23
8027,-7
8028,-55
8029,5
8030,1
8031,1
8032,7
8033,21
8034,15
8035,-9
8036,-23
8037,-9
8038,15
8039,1
8040,-9
8041,-1
8042,25
8043,15
8044,1
8045,5
8046,11
8047,9
8048,13
8049,-23
8050,15
8051,9
8052,11
8053,35
8054,43
8055,39
8056,43
8057,43
8058,35
8059,35
8060,33
8061,15
8062,21
8063,25
8064,33
8065,21
8066,25
8067,39
8068,21
8069,25
8070,-19
8071,21
8072,15
8073,15
8074,17
8075,15
8076,11
8077,11
8078,11
8079,1
8080,1
8081,1
8082,43
8083,1
8084,7
8085,7
8086,13
8087,9
8088,7
8089,7
8090,13
8091,5
8092,-3
8093,9
8094,1
8095,5
8096,1
8097,5
8098,-3
8099,-3
8100,1
8101,1
8102,1
8103,-13
8104,-19
8105,-21
8106,-19
8107,-17
8108,-17
8109,-21
8110,-19
8111,-21
8112,-9
8113,-41
8114,-21
8115,-17
8116,-21
8117,-21
8118,-13
8119,-15
8120,-13
8121,-13
8122,-13
8123,-13
8124,-9
8125,-23
8126,-17
8127,-5
8128,1
8129,1
8130,1
8131,5
8132,-3
8133,-3
8134,1
8135,-3
8136,-3
8137,-3
8138,1
8139,1
8140,-3
8141,-3
8142,1
8143,-3
8144,-13
8145,19
8146,1
8147,1
8148,-3
8149,1
8150,-1
8151,1
8152,7
8153,17
8154,21
8155,-3
8156,21
8157,25
8158,17
8159,13
8160,21
8161,13
8162,5
8163,11
8164,13
8165,13
8166,11
8167,11
8168,11
8169,13
8170,7
8171,9
8172,9
8173,13
8174,7
8175,-5
8176,7
8177,-7
8178,1
8179,5
8180,-7
8181,-5
8182,1
8183,-3
8184,1
8185,1
8186,13
8187,1
8188,1
8189,-7
8190,-3
8191,-3
8192,5
8193,-1
8194,-3
8195,-19
8196,5
8197,1
8198,-3
8199,-3
8200,-3
8201,-3
8202,-3
8203,-13
8204,-17
8205,-21
8206,-17
8207,-15
8208,-13
8209,-13
8210,-21
8211,-15
8212,-7
8213,-15
8214,-17
8215,-13
8216,-9
8217,-13
8218,-9
8219,-9
8220,-9
8221,-13
8222,-13
8223,-13
8224,-9
8225,-9
8226,-7
8227,1
8228,-3
8229,1
8230,1
8231,1
8232,1
8233,1
8234,-15
8235,-3
8236,1
8237,-5
8238,-3
8239,1
8240,-1
8241,-1
8242,-3
8243,1
8244,11
8245,1
8246,1
8247,1
8248,1
8249,1
8250,1
8251,1
8252,-3
8253,21
8254,25
8255,19
8256,15
8257,15
8258,11
8259,13
8260,11
8261,19
8262,7
8263,13
8264,11
8265,9
8266,11
8267,13
8268,15
8269,11
8270,7
8271,7
8272,5
8273,7
8274,-13
8275,7
8276,1
8277,5
8278,-3
8279,-3
8280,5
8281,-13
8282,-3
8283,-1
8284,25
8285,-3
8286,-1
8287,5
8288,1
8289,5
8290,1
8291,1
8292,1
8293,-3
8294,-3
8295,1
8296,1
8297,1
8298,-3
8299,-3
8300,-3
8301,-3
8302,-1
8303,-21
8304,1
8305,-17
8306,-13
8307,-17
8308,-13
8309,-13
8310,-19
8311,-17
8312,-5
8313,-9
8314,-17
8315,-17
8316,-21
8317,-15
8318,-13
8319,-9
8320,-5
8321,-9
8322,-7
8323,-9
8324,-9
8325,-9
8326,-13
8327,7
8328,1
8329,1
8330,1
8331,-9
8332,1
8333,-15
8334,-3
8335,-3
8336,-3
8337,-3
8338,1
8339,1
8340,-3
8341,-3
8342,25
8343,39
8344,5
8345,13
8346,1
8347,-3
8348,-3
8349,1
8350,1
8351,1
8352,-3
8353,17
8354,13
8355,19
8356,19
8357,19
8358,13
8359,11
8360,15
8361,11
8362,35
8363,5
8364,11
8365,11
8366,15
8367,15
8368,17
8369,13
8370,13
8371,11
8372,21
8373,7
8374,1
8375,1
8376,7
8377,7
8378,-9
8379,1
8380,-3
8381,1
8382,-5
8383,1
8384,1
8385,1
8386,7
8387,1
8388,1
8389,1
8390,1
8391,1
8392,-3
8393,5
8394,-3
8395,-3
8396,-3
8397,-3
8398,1
8399,-3
8400,-3
8401,1
8402,-5
8403,-21
8404,-21
8405,-31
8406,-17
8407,-21
8408,-21
8409,-21
8410,-13
8411,-25
8412,-5
8413,-19
8414,-25
8415,-19
8416,-23
8417,-27
8418,-19
8419,-13
8420,-13
8421,-15
8422,-19
8423,-15
8424,-9
8425,-3
8426,-9
8427,-5
8428,1
8429,-3
8430,1
8431,-31
8432,1
8433,-3
8434,-5
8435,-3
8436,1
8437,-5
8438,-7
8439,-3
8440,-7
8441,43
8442,-3
8443,-3
8444,1
8445,-3
8446,-3
8447,1
8448,7
8449,1
8450,1
8451,1
8452,1
8453,19
8454,25
8455,27
8456,27
8457,27
8458,29
8459,35
8460,29
8461,35
8462,21
8463,29
8464,33
8465,27
8466,33
8467,35
8468,31
8469,25
8470,15
8471,-27
8472,-75
8473,-107
8474,-141
8475,-151
8476,-173
8477,-175
8478,-179
8479,-181
8480,-205
8481,-197
8482,-127
8483,-51
8484,-29
8485,1
8486,13
8487,25
8488,21
8489,25
8490,25
8491,25
8492,-7
8493,-35
8494,-41
8495,-15
8496,5
8497,5
8498,1
8499,-3
8500,-13
8501,-5
8502,-3
8503,-23
8504,-37
8505,-33
8506,-13
8507,1
8508,-9
8509,-31
8510,-43
8511,-25
8512,-19
8513,-21
8514,-13
8515,1
8516,-9
8517,1
8518,15
8519,17
8520,1
8521,33
8522,-15
8523,-7
8524,-5
8525,5
8526,35
8527,73
8528,77
8529,77
8530,77
8531,71
8532,-17
8533,81
8534,73
8535,81
8536,53
8537,63
8538,57
8539,49
8540,59
8541,57
8542,53
8543,35
8544,25
8545,19
8546,27
8547,21
8548,17
8549,39
8550,47
8551,25
8552,19
8553,-41
8554,31
8555,27
8556,25
8557,25
8558,39
8559,35
8560,21
8561,25
8562,25
8563,31
8564,27
8565,17
8566,27
8567,25
8568,11
8569,13
8570,25
8571,43
8572,25
8573,15
8574,7
8575,21
8576,5
8577,1
8578,1
8579,-13
8580,-3
8581,-3
8582,-5
8583,1
8584,7
8585,33
8586,5
8587,7
8588,7
8589,7
8590,5
8591,1
8592,5
8593,1
8594,5
8595,1
8596,-5
8597,11
8598,1
8599,5
8600,9
8601,-3
8602,1
8603,-9
8604,-19
8605,-19
8606,-15
8607,-13
8608,-23
8609,-15
8610,-17
8611,-29
8612,-5
8613,-7
8614,-13
8615,-5
8616,-25
8617,-3
8618,-5
8619,-5
8620,-9
8621,-7
8622,-9
8623,-3
8624,-9
8625,-3
8626,5
8627,-1
8628,1
8629,5
8630,1
8631,7
8632,-1
8633,-1
8634,1
8635,5
8636,1
8637,1
8638,-1
8639,5
8640,5
8641,1
8642,1
8643,-3
8644,-5
8645,-5
8646,-3
8647,1
8648,1
8649,-5
8650,1
8651,1
8652,-3
8653,13
8654,21
8655,19
8656,19
8657,25
8658,19
8659,7
8660,25
8661,15
8662,7
8663,13
8664,15
8665,11
8666,11
8667,15
8668,13
8669,7
8670,29
8671,7
8672,9
8673,1
8674,5
8675,1
8676,5
8677,-9
8678,7
8679,-9
8680,1
8681,-7
8682,-7
8683,1
8684,1
8685,-3
8686,-3
8687,1
8688,-3
8689,1
8690,19
8691,1
8692,1
8693,1
8694,-3
8695,-3
8696,1
8697,1
8698,-3
8699,-3
8700,-5
8701,1
8702,-5
8703,-13
8704,-27
8705,-17
8706,-19
8707,-19
8708,-13
8709,-13
8710,7
8711,-19
8712,-5
8713,-13
8714,-17
8715,-9
8716,-13
8717,-13
8718,-7
8719,-25
8720,-7
8721,-9
8722,-9
8723,-9
8724,-9
8725,-9
8726,-3
8727,5
8728,-3
8729,17
8730,-3
8731,-3
8732,1
8733,1
8734,1
8735,-3
8736,1
8737,-1
8738,-3
8739,-13
8740,-1
8741,1
8742,1
8743,-3
8744,1
8745,5
8746,-3
8747,-3
8748,1
8749,-7
8750,-1
8751,5
8752,1
8753,15
8754,15
8755,17
8756,15
8757,13
8758,19
8759,15
8760,13
8761,15
8762,9
8763,9
8764,13
8765,7
8766,11
8767,13
8768,11
8769,1
8770,11
8771,7
8772,11
8773,11
8774,5
8775,7
8776,9
8777,5
8778,1
8779,7
8780,1
8781,-3
8782,-1
8783,1
8784,1
8785,1
8786,-3
8787,-3
8788,21
8789,19
8790,1
8791,5
8792,1
8793,1
8794,7
8795,1
8796,-3
8797,1
8798,1
8799,-3
8800,-3
8801,-3
8802,-3
8803,-13
8804,-13
8805,-15
8806,-13
8807,-11
8808,-13
8809,-13
8810,-15
8811,-13
8812,-7
8813,-5
8814,-9
8815,-7
8816,-19
8817,-13
8818,-21
8819,-3
8820,-9
8821,-7
8822,-13
8823,-7
8824,-7
8825,-7
8826,-5
8827,-3
8828,-7
8829,-3
8830,-3
8831,1
8832,5
8833,1
8834,-1
8835,-3
8836,-3
8837,-21
8838,1
8839,1
8840,-1
8841,1
8842,-3
8843,-3
8844,-3
8845,-3
8846,1
8847,-3
8848,-3
8849,1
8850,1
8851,1
8852,1
8853,13
8854,13
8855,19
8856,17
8857,19
8858,21
8859,13
8860,11
8861,13
8862,11
8863,9
8864,15
8865,13
8866,19
8867,31
8868,11
8869,5
8870,9
8871,13
8872,11
8873,11
8874,1
8875,9
8876,5
8877,5
8878,-5
8879,1
8880,1
8881,-9
8882,-3
8883,1
8884,1
8885,1
8886,-3
8887,-3
8888,1
8889,-3
8890,1
8891,1
8892,-7
8893,7
8894,1
8895,1
8896,11
8897,7
8898,5
8899,1
8900,-3
8901,-3
8902,-3
8903,-15
8904,-17
8905,-15
8906,-23
8907,-21
8908,-15
8909,-21
8910,-21
8911,-15
8912,-7
8913,-13
8914,-17
8915,-15
8916,-13
8917,-21
8918,-15
8919,-9
8920,-13
8921,-21
8922,-15
8923,-17
8924,-5
8925,-7
8926,-7
8927,1
8928,-5
8929,-3
8930,7
8931,7
8932,5
8933,-3
8934,-3
8935,-3
8936,-23
8937,-3
8938,-3
8939,-1
8940,-3
8941,-3
8942,-3
8943,-3
8944,-3
8945,1
8946,-3
8947,1
8948,1
8949,1
8950,1
8951,1
8952,5
8953,17
8954,21
8955,-41
8956,25
8957,21
8958,17
8959,25
8960,21
8961,25
8962,9
8963,15
8964,25
8965,7
8966,19
8967,25
8968,21
8969,19
8970,17
8971,21
8972,15
8973,13
8974,-37
8975,13
8976,13
8977,9
8978,7
8979,-5
8980,-9
8981,-3
8982,-1
8983,1
8984,53
8985,-3
8986,7
8987,7
8988,5
8989,7
8990,11
8991,1
8992,7
8993,7
8994,9
8995,11
8996,5
8997,-3
8998,-63
8999,-87
9000,-121
9001,-147
9002,-161
9003,-195
9004,-231
9005,-225
9006,-215
9007,-231
9008,-231
9009,-173
9010,-97
9011,-75
9012,-27
9013,-21
9014,-19
9015,-3
9016,-5
9017,-13
9018,-17
9019,-27
9020,-61
9021,-61
9022,-35
9023,-11
9024,-5
9025,-13
9026,-21
9027,-15
9028,-19
9029,-13
9030,7
9031,7
9032,13
9033,47
9034,31
9035,19
9036,7
9037,-3
9038,-3
9039,5
9040,7
9041,21
9042,29
9043,39
9044,43
9045,29
9046,29
9047,25
9048,19
9049,15
9050,21
9051,19
9052,21
9053,65
9054,113
9055,105
9056,137
9057,129
9058,103
9059,109
9060,127
9061,113
9062,97
9063,89
9064,105
9065,95
9066,97
9067,105
9068,87
9069,71
9070,63
9071,53
9072,39
9073,61
9074,39
9075,25
9076,33
9077,13
9078,-3
9079,-7
9080,-15
9081,-19
9082,-21
9083,-15
9084,-5
9085,-3
9086,5
9087,25
9088,-27
9089,-5
9090,7
9091,13
9092,19
9093,5
9094,7
9095,-3
9096,-13
9097,11
9098,7
9099,-3
9100,-3
9101,-7
9102,-7
9103,-21
9104,-29
9105,-31
9106,13
9107,-35
9108,-19
9109,-25
9110,-25
9111,-13
9112,1
9113,-9
9114,-13
9115,-5
9116,-13
9117,-21
9118,-33
9119,-5
9120,-13
9121,-19
9122,-5
9123,-3
9124,1
9125,1
9126,5
9127,-5
9128,11
9129,-9
9130,11
9131,15
9132,13
9133,11
9134,11
9135,11
9136,9
9137,7
9138,7
9139,5
9140,13
9141,9
9142,13
9143,7
9144,7
9145,5
9146,15
9147,7
9148,7
9149,5
9150,7
9151,1
9152,7
9153,21
9154,25
9155,25
9156,25
9157,25
9158,25
9159,25
9160,7
9161,25
9162,15
9163,11
9164,13
9165,11
9166,7
9167,17
9168,15
9169,11
9170,1
9171,5
9172,1
9173,5
9174,9
9175,1
9176,7
9177,-3
9178,-3
9179,1
9180,-3
9181,-5
9182,5
9183,-3
9184,-3
9185,-5
9186,-3
9187,-5
9188,-3
9189,-3
9190,-5
9191,-1
9192,-13
9193,-3
9194,-1
9195,-5
9196,-3
9197,-3
9198,-3
9199,-3
9200,1
9201,-3
9202,-15
9203,-9
9204,-15
9205,-21
9206,-25
9207,-21
9208,-21
9209,-15
9210,-15
9211,-19
9212,-5
9213,-1
9214,-17
9215,-13
9216,-15
9217,-15
9218,-9
9219,-13
9220,-13
9221,-9
9222,-13
9223,-9
9224,-7
9225,-7
9226,9
9227,-3
9228,-3
9229,-3
9230,-1
9231,1
9232,-9
9233,1
9234,-1
9235,7
9236,-3
9237,1
9238,-1
9239,-1
9240,-1
9241,-3
9242,-3
9243,9
9244,1
9245,1
9246,-3
9247,1
9248,1
9249,-3
9250,1
9251,-3
9252,17
9253,15
9254,21
9255,19
9256,19
9257,21
9258,15
9259,13
9260,13
9261,13
9262,7
9263,15
9264,11
9265,9
9266,7
9267,13
9268,7
9269,9
9270,7
9271,7
9272,1
9273,5
9274,7
9275,5
9276,7
9277,-3
9278,-3
9279,1
9280,-3
9281,-3
9282,-3
9283,1
9284,-3
9285,-3
9286,-3
9287,-3
9288,1
9289,-3
9290,5
9291,-3
9292,-3
9293,1
9294,-3
9295,1
9296,1
9297,1
9298,-3
9299,-3
9300,-3
9301,1
9302,7
9303,-3
9304,-13
9305,-13
9306,-13
9307,-17
9308,-27
9309,-15
9310,-13
9311,-15
9312,-13
9313,-13
9314,-13
9315,-9
9316,-13
9317,-13
9318,-13
9319,-7
9320,-13
9321,-13
9322,-13
9323,-5
9324,-7
9325,-3
9326,-5
9327,1
9328,1
9329,-9
9330,29
9331,-3
9332,1
9333,1
9334,1
9335,1
9336,-3
9337,-1
9338,-3
9339,1
9340,1
9341,1
9342,-7
9343,1
9344,1
9345,-5
9346,1
9347,-3
9348,1
9349,1
9350,1
9351,-3
9352,1
9353,13
9354,11
9355,13
9356,11
9357,13
9358,13
9359,17
9360,7
9361,15
9362,7
9363,15
9364,11
9365,7
9366,5
9367,13
9368,7
9369,11
9370,1
9371,11
9372,9
9373,5
9374,1
9375,9
9376,11
9377,7
9378,1
9379,-5
9380,-3
9381,-7
9382,-3
9383,-3
9384,-3
9385,-3
9386,-3
9387,-3
9388,-1
9389,-3
9390,1
9391,-3
9392,1
9393,1
9394,1
9395,-7
9396,5
9397,1
9398,1
9399,11
9400,-1
9401,-3
9402,-5
9403,-15
9404,-15
9405,-19
9406,-19
9407,-21
9408,-15
9409,-21
9410,-15
9411,-19
9412,-13
9413,-13
9414,-19
9415,-3
9416,-17
9417,-21
9418,-13
9419,-17
9420,-7
9421,-9
9422,-13
9423,-17
9424,-13
9425,-9
9426,-15
9427,-7
9428,-3
9429,-5
9430,1
9431,5
9432,1
9433,-3
9434,1
9435,1
9436,5
9437,1
9438,-3
9439,-1
9440,-3
9441,1
9442,-3
9443,-3
9444,-3
9445,-3
9446,1
9447,1
9448,-3
9449,5
9450,-3
9451,5
9452,1
9453,15
9454,21
9455,21
9456,21
9457,25
9458,21
9459,21
9460,17
9461,25
9462,7
9463,15
9464,21
9465,11
9466,21
9467,25
9468,15
9469,9
9470,15
9471,19
9472,19
9473,7
9474,13
9475,11
9476,1
9477,5
9478,1
9479,5
9480,7
9481,-5
9482,-1
9483,-3
9484,1
9485,5
9486,1
9487,-1
9488,41
9489,5
9490,1
9491,1
9492,7
9493,-3
9494,1
9495,7
9496,7
9497,-7
9498,1
9499,1
9500,-5
9501,1
9502,-1
9503,-7
9504,-29
9505,-27
9506,-29
9507,17
9508,-43
9509,-31
9510,-25
9511,-21
9512,-15
9513,-21
9514,-25
9515,-15
9516,-29
9517,-25
9518,-21
9519,-19
9520,-19
9521,-23
9522,-23
9523,-29
9524,-67
9525,-103
9526,-115
9527,-139
9528,-159
9529,-149
9530,-155
9531,-133
9532,-151
9533,-153
9534,-171
9535,-177
9536,-149
9537,-133
9538,-41
9539,-19
9540,7
9541,13
9542,9
9543,11
9544,19
9545,21
9546,-21
9547,-41
9548,-31
9549,-3
9550,11
9551,11
9552,1
9553,25
9554,33
9555,41
9556,-7
9557,59
9558,63
9559,53
9560,49
9561,49
9562,25
9563,25
9564,35
9565,31
9566,57
9567,77
9568,219
9569,55
9570,53
9571,47
9572,47
9573,39
9574,39
9575,35
9576,33
9577,25
9578,33
9579,25
9580,39
9581,69
9582,55
9583,67
9584,63
9585,57
9586,61
9587,67
9588,73
9589,125
9590,53
9591,53
9592,63
9593,45
9594,45
9595,57
9596,47
9597,39
9598,21
9599,15
9600,-7
9601,11
9602,21
9603,27
9604,11
9605,-3
9606,-27
9607,-47
9608,-47
9609,-49
9610,-61
9611,-35
9612,-21
9613,-31
9614,-51
9615,-19
9616,-3
9617,-19
9618,-27
9619,-31
9620,-25
9621,5
9622,-9
9623,-25
9624,-17
9625,15
9626,7
9627,-7
9628,5
9629,1
9630,9
9631,17
9632,57
9633,7
9634,11
9635,7
9636,9
9637,11
9638,9
9639,15
9640,11
9641,11
9642,21
9643,11
9644,5
9645,1
9646,7
9647,5
9648,7
9649,1
9650,11
9651,17
9652,9
9653,29
9654,21
9655,29
9656,31
9657,29
9658,33
9659,39
9660,33
9661,35
9662,25
9663,25
9664,17
9665,19
9666,19
9667,27
9668,29
9669,25
9670,21
9671,19
9672,21
9673,17
9674,39
9675,9
9676,7
9677,1
9678,5
9679,11
9680,7
9681,5
9682,1
9683,5
9684,1
9685,-19
9686,1
9687,-3
9688,-3
9689,5
9690,1
9691,1
9692,-1
9693,1
9694,-3
9695,-3
9696,1
9697,-13
9698,-9
9699,-3
9700,-7
9701,-3
9702,-3
9703,-7
9704,-17
9705,-21
9706,-57
9707,-23
9708,-23
9709,-25
9710,-25
9711,-21
9712,-13
9713,-17
9714,-19
9715,-17
9716,-21
9717,-21
9718,-17
9719,-13
9720,-13
9721,-13
9722,-9
9723,-9
9724,-5
9725,-7
9726,-5
9727,-7
9728,7
9729,1
9730,1
9731,1
9732,-1
9733,1
9734,1
9735,-3
9736,-1
9737,9
9738,-5
9739,-3
9740,-3
9741,-1
9742,-3
9743,1
9744,1
9745,1
9746,1
9747,1
9748,-37
9749,1
9750,1
9751,-3
9752,-3
9753,13
9754,21
9755,21
9756,21
9757,19
9758,17
9759,33
9760,19
9761,13
9762,7
9763,11
9764,19
9765,11
9766,13
9767,11
9768,9
9769,13
9770,9
9771,5
9772,7
9773,7
9774,7
9775,5
9776,7
9777,1
9778,-7
9779,7
9780,1
9781,1
9782,1
9783,1
9784,-3
9785,1
9786,1
9787,1
9788,1
9789,-9
9790,1
9791,-3
9792,1
9793,-3
9794,-3
9795,-3
9796,1
9797,-3
9798,-3
9799,-3
9800,-3
9801,-1
9802,-7
9803,-7
9804,-13
9805,-13
9806,-13
9807,-21
9808,-15
9809,-17
9810,-13
9811,-15
9812,-9
9813,-9
9814,-15
9815,-9
9816,-13
9817,-13
9818,-23
9819,25
9820,-7
9821,-7
9822,-7
9823,-5
9824,-7
9825,-3
9826,-3
9827,-3
9828,-1
9829,11
9830,-3
9831,-3
9832,5
9833,1
9834,7
9835,-3
9836,1
9837,1
9838,1
9839,1
9840,-3
9841,-3
9842,1
9843,5
9844,1
9845,1
9846,1
9847,-3
9848,-9
9849,1
9850,1
9851,-1
9852,5
9853,9
9854,11
9855,15
9856,13
9857,19
9858,15
9859,21
9860,17
9861,11
9862,7
9863,13
9864,21
9865,15
9866,11
9867,1
9868,11
9869,7
9870,11
9871,7
9872,7
9873,9
9874,7
9875,-3
9876,5
9877,-7
9878,15
9879,-3
9880,1
9881,-3
9882,1
9883,-3
9884,1
9885,-5
9886,-3
9887,5
9888,1
9889,-1
9890,1
9891,1
9892,1
9893,-5
9894,-9
9895,5
9896,1
9897,1
9898,-5
9899,-3
9900,-3
9901,1
9902,-1
9903,1
9904,-13
9905,-19
9906,-17
9907,-31
9908,-17
9909,-23
9910,-21
9911,-13
9912,-9
9913,-15
9914,-21
9915,-9
9916,-15
9917,-15
9918,-13
9919,-7
9920,-9
9921,-13
9922,-13
9923,-7
9924,-5
9925,-7
9926,-7
9927,-9
9928,-7
9929,7
9930,1
9931,-3
9932,-5
9933,-5
9934,1
9935,-1
9936,19
9937,1
9938,-5
9939,1
9940,-3
9941,-3
9942,1
9943,1
9944,1
9945,-5
9946,-5
9947,1
9948,1
9949,1
9950,-5
9951,1
9952,-3
9953,9
9954,11
9955,17
9956,39
9957,11
9958,11
9959,19
9960,15
9961,19
9962,11
9963,13
9964,21
9965,11
9966,11
9967,5
9968,15
9969,5
9970,9
9971,15
9972,19
9973,11
9974,5
9975,1
9976,11
9977,7
9978,5
9979,5
9980,-3
9981,-3
9982,1
9983,-3
9984,5
9985,1
9986,1
9987,1
9988,1
9989,-3
9990,-3
9991,-3
9992,-3
9993,-5
9994,5
9995,5
9996,1
9997,1
9998,-5
9999,1
10000,-3
